scenario_group,method_path,method_label,experiment,raw_experiment,config,run_id,source_file,scenario_harmonized,time_sec,avg_distance_to_closest_person
doors_hallway,nav2,nav2,doors_hallway,agents_doors_hallway,,0,doors_hallway/nav2/metrics_steps_nav2_agents_doors_hallway_0.csv,True,0.0,1.7996207592194655
doors_hallway,nav2,nav2,doors_hallway,agents_doors_hallway,,0,doors_hallway/nav2/metrics_steps_nav2_agents_doors_hallway_0.csv,True,0.1,1.803576778957805
doors_hallway,nav2,nav2,doors_hallway,agents_doors_hallway,,0,doors_hallway/nav2/metrics_steps_nav2_agents_doors_hallway_0.csv,True,0.2,1.8141169380675328
doors_hallway,nav2,nav2,doors_hallway,agents_doors_hallway,,0,doors_hallway/nav2/metrics_steps_nav2_agents_doors_hallway_0.csv,True,0.3,1.8297273882585063
doors_hallway,nav2,nav2,doors_hallway,agents_doors_hallway,,0,doors_hallway/nav2/metrics_steps_nav2_agents_doors_hallway_0.csv,True,0.4,1.855873872529069
doors_hallway,nav2,nav2,doors_hallway,agents_doors_hallway,,0,doors_hallway/nav2/metrics_steps_nav2_agents_doors_hallway_0.csv,True,0.5,1.8877212338185143
doors_hallway,nav2,nav2,doors_hallway,agents_doors_hallway,,0,doors_hallway/nav2/metrics_steps_nav2_agents_doors_hallway_0.csv,True,0.6,1.9299101280224609
doors_hallway,nav2,nav2,doors_hallway,agents_doors_hallway,,0,doors_hallway/nav2/metrics_steps_nav2_agents_doors_hallway_0.csv,True,0.7,1.9856206633773
doors_hallway,nav2,nav2,doors_hallway,agents_doors_hallway,,0,doors_hallway/nav2/metrics_steps_nav2_agents_doors_hallway_0.csv,True,0.8,2.05329798958182
doors_hallway,nav2,nav2,doors_hallway,agents_doors_hallway,,0,doors_hallway/nav2/metrics_steps_nav2_agents_doors_hallway_0.csv,True,0.9,2.129438192907293
doors_hallway,nav2,nav2,doors_hallway,agents_doors_hallway,,0,doors_hallway/nav2/metrics_steps_nav2_agents_doors_hallway_0.csv,True,1.0,2.213284094920817
doors_hallway,nav2,nav2,doors_hallway,agents_doors_hallway,,0,doors_hallway/nav2/metrics_steps_nav2_agents_doors_hallway_0.csv,True,1.1,2.301276395562718
doors_hallway,nav2,nav2,doors_hallway,agents_doors_hallway,,0,doors_hallway/nav2/metrics_steps_nav2_agents_doors_hallway_0.csv,True,1.2,2.3900409227563597
doors_hallway,nav2,nav2,doors_hallway,agents_doors_hallway,,0,doors_hallway/nav2/metrics_steps_nav2_agents_doors_hallway_0.csv,True,1.3,2.4765282815259333
doors_hallway,nav2,nav2,doors_hallway,agents_doors_hallway,,0,doors_hallway/nav2/metrics_steps_nav2_agents_doors_hallway_0.csv,True,1.4,2.561229871848314
doors_hallway,nav2,nav2,doors_hallway,agents_doors_hallway,,0,doors_hallway/nav2/metrics_steps_nav2_agents_doors_hallway_0.csv,True,1.5,2.6466220015885304
doors_hallway,nav2,nav2,doors_hallway,agents_doors_hallway,,0,doors_hallway/nav2/metrics_steps_nav2_agents_doors_hallway_0.csv,True,1.6,2.7313083508316383
doors_hallway,nav2,nav2,doors_hallway,agents_doors_hallway,,0,doors_hallway/nav2/metrics_steps_nav2_agents_doors_hallway_0.csv,True,1.7,2.8112324477397626
doors_hallway,nav2,nav2,doors_hallway,agents_doors_hallway,,0,doors_hallway/nav2/metrics_steps_nav2_agents_doors_hallway_0.csv,True,1.8,2.882977435365073
doors_hallway,nav2,nav2,doors_hallway,agents_doors_hallway,,0,doors_hallway/nav2/metrics_steps_nav2_agents_doors_hallway_0.csv,True,1.9,2.9451301557926666
doors_hallway,nav2,nav2,doors_hallway,agents_doors_hallway,,0,doors_hallway/nav2/metrics_steps_nav2_agents_doors_hallway_0.csv,True,2.0,2.998644974639349
doors_hallway,nav2,nav2,doors_hallway,agents_doors_hallway,,0,doors_hallway/nav2/metrics_steps_nav2_agents_doors_hallway_0.csv,True,2.1,3.044129478535631
doors_hallway,nav2,nav2,doors_hallway,agents_doors_hallway,,0,doors_hallway/nav2/metrics_steps_nav2_agents_doors_hallway_0.csv,True,2.2,3.088931887010429
doors_hallway,nav2,nav2,doors_hallway,agents_doors_hallway,,0,doors_hallway/nav2/metrics_steps_nav2_agents_doors_hallway_0.csv,True,2.3,3.128942875766077
doors_hallway,nav2,nav2,doors_hallway,agents_doors_hallway,,0,doors_hallway/nav2/metrics_steps_nav2_agents_doors_hallway_0.csv,True,2.4,3.166454994177049
doors_hallway,nav2,nav2,doors_hallway,agents_doors_hallway,,0,doors_hallway/nav2/metrics_steps_nav2_agents_doors_hallway_0.csv,True,2.5,3.2036504671496795
doors_hallway,nav2,nav2,doors_hallway,agents_doors_hallway,,0,doors_hallway/nav2/metrics_steps_nav2_agents_doors_hallway_0.csv,True,2.6,3.242304522044913
doors_hallway,nav2,nav2,doors_hallway,agents_doors_hallway,,0,doors_hallway/nav2/metrics_steps_nav2_agents_doors_hallway_0.csv,True,2.7,3.2845399936913555
doors_hallway,nav2,nav2,doors_hallway,agents_doors_hallway,,0,doors_hallway/nav2/metrics_steps_nav2_agents_doors_hallway_0.csv,True,2.8,3.3271201561482284
doors_hallway,nav2,nav2,doors_hallway,agents_doors_hallway,,0,doors_hallway/nav2/metrics_steps_nav2_agents_doors_hallway_0.csv,True,2.9,3.37253196628424
doors_hallway,nav2,nav2,doors_hallway,agents_doors_hallway,,0,doors_hallway/nav2/metrics_steps_nav2_agents_doors_hallway_0.csv,True,3.0,3.417317065406252
doors_hallway,nav2,nav2,doors_hallway,agents_doors_hallway,,0,doors_hallway/nav2/metrics_steps_nav2_agents_doors_hallway_0.csv,True,3.1,3.462682069729256
doors_hallway,nav2,nav2,doors_hallway,agents_doors_hallway,,0,doors_hallway/nav2/metrics_steps_nav2_agents_doors_hallway_0.csv,True,3.2,3.508870666969502
doors_hallway,nav2,nav2,doors_hallway,agents_doors_hallway,,0,doors_hallway/nav2/metrics_steps_nav2_agents_doors_hallway_0.csv,True,3.3,3.5555220105216705
doors_hallway,nav2,nav2,doors_hallway,agents_doors_hallway,,0,doors_hallway/nav2/metrics_steps_nav2_agents_doors_hallway_0.csv,True,3.4,3.602404859414838
doors_hallway,nav2,nav2,doors_hallway,agents_doors_hallway,,0,doors_hallway/nav2/metrics_steps_nav2_agents_doors_hallway_0.csv,True,3.5,3.6494120250488287
doors_hallway,nav2,nav2,doors_hallway,agents_doors_hallway,,0,doors_hallway/nav2/metrics_steps_nav2_agents_doors_hallway_0.csv,True,3.6,3.6968305927462586
doors_hallway,nav2,nav2,doors_hallway,agents_doors_hallway,,0,doors_hallway/nav2/metrics_steps_nav2_agents_doors_hallway_0.csv,True,3.7,3.745107118426059
doors_hallway,nav2,nav2,doors_hallway,agents_doors_hallway,,0,doors_hallway/nav2/metrics_steps_nav2_agents_doors_hallway_0.csv,True,3.8,3.794681451932454
doors_hallway,nav2,nav2,doors_hallway,agents_doors_hallway,,0,doors_hallway/nav2/metrics_steps_nav2_agents_doors_hallway_0.csv,True,3.9,3.846195593922846
doors_hallway,nav2,nav2,doors_hallway,agents_doors_hallway,,0,doors_hallway/nav2/metrics_steps_nav2_agents_doors_hallway_0.csv,True,4.0,3.900261405747699
doors_hallway,nav2,nav2,doors_hallway,agents_doors_hallway,,0,doors_hallway/nav2/metrics_steps_nav2_agents_doors_hallway_0.csv,True,4.1,3.9576106936666218
doors_hallway,nav2,nav2,doors_hallway,agents_doors_hallway,,0,doors_hallway/nav2/metrics_steps_nav2_agents_doors_hallway_0.csv,True,4.2,4.016449500741456
doors_hallway,nav2,nav2,doors_hallway,agents_doors_hallway,,0,doors_hallway/nav2/metrics_steps_nav2_agents_doors_hallway_0.csv,True,4.3,4.077759754605318
doors_hallway,nav2,nav2,doors_hallway,agents_doors_hallway,,0,doors_hallway/nav2/metrics_steps_nav2_agents_doors_hallway_0.csv,True,4.4,4.140711204182706
doors_hallway,nav2,nav2,doors_hallway,agents_doors_hallway,,0,doors_hallway/nav2/metrics_steps_nav2_agents_doors_hallway_0.csv,True,4.5,4.204169109825956
doors_hallway,nav2,nav2,doors_hallway,agents_doors_hallway,,0,doors_hallway/nav2/metrics_steps_nav2_agents_doors_hallway_0.csv,True,4.6,4.267978112863004
doors_hallway,nav2,nav2,doors_hallway,agents_doors_hallway,,0,doors_hallway/nav2/metrics_steps_nav2_agents_doors_hallway_0.csv,True,4.7,4.332258763265687
doors_hallway,nav2,nav2,doors_hallway,agents_doors_hallway,,0,doors_hallway/nav2/metrics_steps_nav2_agents_doors_hallway_0.csv,True,4.8,4.396676257448855
doors_hallway,nav2,nav2,doors_hallway,agents_doors_hallway,,0,doors_hallway/nav2/metrics_steps_nav2_agents_doors_hallway_0.csv,True,4.9,4.458632305467569
doors_hallway,nav2,nav2,doors_hallway,agents_doors_hallway,,0,doors_hallway/nav2/metrics_steps_nav2_agents_doors_hallway_0.csv,True,5.0,4.520128416260282
doors_hallway,nav2,nav2,doors_hallway,agents_doors_hallway,,0,doors_hallway/nav2/metrics_steps_nav2_agents_doors_hallway_0.csv,True,5.1,4.5805649422043215
doors_hallway,nav2,nav2,doors_hallway,agents_doors_hallway,,0,doors_hallway/nav2/metrics_steps_nav2_agents_doors_hallway_0.csv,True,5.2,4.643918344018787
doors_hallway,nav2,nav2,doors_hallway,agents_doors_hallway,,0,doors_hallway/nav2/metrics_steps_nav2_agents_doors_hallway_0.csv,True,5.3,4.707263377231195
doors_hallway,nav2,nav2,doors_hallway,agents_doors_hallway,,0,doors_hallway/nav2/metrics_steps_nav2_agents_doors_hallway_0.csv,True,5.4,4.773341812289124
doors_hallway,nav2,nav2,doors_hallway,agents_doors_hallway,,0,doors_hallway/nav2/metrics_steps_nav2_agents_doors_hallway_0.csv,True,5.5,4.70282034419537
doors_hallway,nav2,nav2,doors_hallway,agents_doors_hallway,,0,doors_hallway/nav2/metrics_steps_nav2_agents_doors_hallway_0.csv,True,5.6,4.64214061785639
doors_hallway,nav2,nav2,doors_hallway,agents_doors_hallway,,0,doors_hallway/nav2/metrics_steps_nav2_agents_doors_hallway_0.csv,True,5.7,4.583972061178194
doors_hallway,nav2,nav2,doors_hallway,agents_doors_hallway,,0,doors_hallway/nav2/metrics_steps_nav2_agents_doors_hallway_0.csv,True,5.8,4.534853062702498
doors_hallway,nav2,nav2,doors_hallway,agents_doors_hallway,,0,doors_hallway/nav2/metrics_steps_nav2_agents_doors_hallway_0.csv,True,5.9,4.49521004599855
doors_hallway,nav2,nav2,doors_hallway,agents_doors_hallway,,0,doors_hallway/nav2/metrics_steps_nav2_agents_doors_hallway_0.csv,True,6.0,4.457577046271766
doors_hallway,nav2,nav2,doors_hallway,agents_doors_hallway,,0,doors_hallway/nav2/metrics_steps_nav2_agents_doors_hallway_0.csv,True,6.1,4.420768962768535
doors_hallway,nav2,nav2,doors_hallway,agents_doors_hallway,,0,doors_hallway/nav2/metrics_steps_nav2_agents_doors_hallway_0.csv,True,6.2,4.388551461279756
doors_hallway,nav2,nav2,doors_hallway,agents_doors_hallway,,0,doors_hallway/nav2/metrics_steps_nav2_agents_doors_hallway_0.csv,True,6.3,4.360067724178807
doors_hallway,nav2,nav2,doors_hallway,agents_doors_hallway,,0,doors_hallway/nav2/metrics_steps_nav2_agents_doors_hallway_0.csv,True,6.4,4.334340208456188
doors_hallway,nav2,nav2,doors_hallway,agents_doors_hallway,,0,doors_hallway/nav2/metrics_steps_nav2_agents_doors_hallway_0.csv,True,6.5,4.313631587002252
doors_hallway,nav2,nav2,doors_hallway,agents_doors_hallway,,0,doors_hallway/nav2/metrics_steps_nav2_agents_doors_hallway_0.csv,True,6.6,4.296702287055564
doors_hallway,nav2,nav2,doors_hallway,agents_doors_hallway,,0,doors_hallway/nav2/metrics_steps_nav2_agents_doors_hallway_0.csv,True,6.7,4.283522274547257
doors_hallway,nav2,nav2,doors_hallway,agents_doors_hallway,,0,doors_hallway/nav2/metrics_steps_nav2_agents_doors_hallway_0.csv,True,6.8,4.273714547338945
doors_hallway,nav2,nav2,doors_hallway,agents_doors_hallway,,0,doors_hallway/nav2/metrics_steps_nav2_agents_doors_hallway_0.csv,True,6.9,4.216924474508136
doors_hallway,nav2,nav2,doors_hallway,agents_doors_hallway,,0,doors_hallway/nav2/metrics_steps_nav2_agents_doors_hallway_0.csv,True,7.0,4.1134003515614
doors_hallway,nav2,nav2,doors_hallway,agents_doors_hallway,,0,doors_hallway/nav2/metrics_steps_nav2_agents_doors_hallway_0.csv,True,7.1,4.01186675668211
doors_hallway,nav2,nav2,doors_hallway,agents_doors_hallway,,0,doors_hallway/nav2/metrics_steps_nav2_agents_doors_hallway_0.csv,True,7.2,3.910048576180965
doors_hallway,nav2,nav2,doors_hallway,agents_doors_hallway,,0,doors_hallway/nav2/metrics_steps_nav2_agents_doors_hallway_0.csv,True,7.3,3.808968046519798
doors_hallway,nav2,nav2,doors_hallway,agents_doors_hallway,,0,doors_hallway/nav2/metrics_steps_nav2_agents_doors_hallway_0.csv,True,7.4,3.709265473111636
doors_hallway,nav2,nav2,doors_hallway,agents_doors_hallway,,0,doors_hallway/nav2/metrics_steps_nav2_agents_doors_hallway_0.csv,True,7.5,3.6120663977984586
doors_hallway,nav2,nav2,doors_hallway,agents_doors_hallway,,0,doors_hallway/nav2/metrics_steps_nav2_agents_doors_hallway_0.csv,True,7.6,3.517215383553157
doors_hallway,nav2,nav2,doors_hallway,agents_doors_hallway,,0,doors_hallway/nav2/metrics_steps_nav2_agents_doors_hallway_0.csv,True,7.7,3.4238754293831057
doors_hallway,nav2,nav2,doors_hallway,agents_doors_hallway,,0,doors_hallway/nav2/metrics_steps_nav2_agents_doors_hallway_0.csv,True,7.8,3.332652540658062
doors_hallway,nav2,nav2,doors_hallway,agents_doors_hallway,,0,doors_hallway/nav2/metrics_steps_nav2_agents_doors_hallway_0.csv,True,7.9,3.2471258033273376
doors_hallway,nav2,nav2,doors_hallway,agents_doors_hallway,,0,doors_hallway/nav2/metrics_steps_nav2_agents_doors_hallway_0.csv,True,8.0,3.1649865684870586
doors_hallway,nav2,nav2,doors_hallway,agents_doors_hallway,,0,doors_hallway/nav2/metrics_steps_nav2_agents_doors_hallway_0.csv,True,8.1,3.083645255472224
doors_hallway,nav2,nav2,doors_hallway,agents_doors_hallway,,0,doors_hallway/nav2/metrics_steps_nav2_agents_doors_hallway_0.csv,True,8.2,3.0051148971640216
doors_hallway,nav2,nav2,doors_hallway,agents_doors_hallway,,0,doors_hallway/nav2/metrics_steps_nav2_agents_doors_hallway_0.csv,True,8.3,2.928270446701112
doors_hallway,nav2,nav2,doors_hallway,agents_doors_hallway,,0,doors_hallway/nav2/metrics_steps_nav2_agents_doors_hallway_0.csv,True,8.4,2.854649411985916
doors_hallway,nav2,nav2,doors_hallway,agents_doors_hallway,,0,doors_hallway/nav2/metrics_steps_nav2_agents_doors_hallway_0.csv,True,8.5,2.7871975393219817
doors_hallway,nav2,nav2,doors_hallway,agents_doors_hallway,,0,doors_hallway/nav2/metrics_steps_nav2_agents_doors_hallway_0.csv,True,8.6,2.722186615248793
doors_hallway,nav2,nav2,doors_hallway,agents_doors_hallway,,0,doors_hallway/nav2/metrics_steps_nav2_agents_doors_hallway_0.csv,True,8.7,2.6620493645180034
doors_hallway,nav2,nav2,doors_hallway,agents_doors_hallway,,0,doors_hallway/nav2/metrics_steps_nav2_agents_doors_hallway_0.csv,True,8.8,2.605462241971425
doors_hallway,nav2,nav2,doors_hallway,agents_doors_hallway,,0,doors_hallway/nav2/metrics_steps_nav2_agents_doors_hallway_0.csv,True,8.9,2.5487427998635512
doors_hallway,nav2,nav2,doors_hallway,agents_doors_hallway,,0,doors_hallway/nav2/metrics_steps_nav2_agents_doors_hallway_0.csv,True,9.0,2.4960701736606343
doors_hallway,nav2,nav2,doors_hallway,agents_doors_hallway,,0,doors_hallway/nav2/metrics_steps_nav2_agents_doors_hallway_0.csv,True,9.1,2.446540366190523
doors_hallway,nav2,nav2,doors_hallway,agents_doors_hallway,,0,doors_hallway/nav2/metrics_steps_nav2_agents_doors_hallway_0.csv,True,9.2,2.400483494537732
doors_hallway,nav2,nav2,doors_hallway,agents_doors_hallway,,0,doors_hallway/nav2/metrics_steps_nav2_agents_doors_hallway_0.csv,True,9.3,2.3647507616787062
doors_hallway,nav2,nav2,doors_hallway,agents_doors_hallway,,0,doors_hallway/nav2/metrics_steps_nav2_agents_doors_hallway_0.csv,True,9.4,2.3355364598480444
doors_hallway,nav2,nav2,doors_hallway,agents_doors_hallway,,0,doors_hallway/nav2/metrics_steps_nav2_agents_doors_hallway_0.csv,True,9.5,2.3144765665241085
doors_hallway,nav2,nav2,doors_hallway,agents_doors_hallway,,0,doors_hallway/nav2/metrics_steps_nav2_agents_doors_hallway_0.csv,True,9.6,2.2980987390191614
doors_hallway,nav2,nav2,doors_hallway,agents_doors_hallway,,0,doors_hallway/nav2/metrics_steps_nav2_agents_doors_hallway_0.csv,True,9.7,2.286413357686085
doors_hallway,nav2,nav2,doors_hallway,agents_doors_hallway,,0,doors_hallway/nav2/metrics_steps_nav2_agents_doors_hallway_0.csv,True,9.8,2.2789393112053564
doors_hallway,nav2,nav2,doors_hallway,agents_doors_hallway,,0,doors_hallway/nav2/metrics_steps_nav2_agents_doors_hallway_0.csv,True,9.9,2.275106670006956
doors_hallway,nav2,nav2,doors_hallway,agents_doors_hallway,,0,doors_hallway/nav2/metrics_steps_nav2_agents_doors_hallway_0.csv,True,10.0,2.2776629536259785
doors_hallway,nav2,nav2,doors_hallway,agents_doors_hallway,,0,doors_hallway/nav2/metrics_steps_nav2_agents_doors_hallway_0.csv,True,10.1,2.28218885489153
doors_hallway,nav2,nav2,doors_hallway,agents_doors_hallway,,0,doors_hallway/nav2/metrics_steps_nav2_agents_doors_hallway_0.csv,True,10.2,2.2913762539559825
doors_hallway,nav2,nav2,doors_hallway,agents_doors_hallway,,0,doors_hallway/nav2/metrics_steps_nav2_agents_doors_hallway_0.csv,True,10.3,2.305542268151046
doors_hallway,nav2,nav2,doors_hallway,agents_doors_hallway,,0,doors_hallway/nav2/metrics_steps_nav2_agents_doors_hallway_0.csv,True,10.4,2.3245239339153496
doors_hallway,nav2,nav2,doors_hallway,agents_doors_hallway,,0,doors_hallway/nav2/metrics_steps_nav2_agents_doors_hallway_0.csv,True,10.5,2.3492623755291007
doors_hallway,nav2,nav2,doors_hallway,agents_doors_hallway,,0,doors_hallway/nav2/metrics_steps_nav2_agents_doors_hallway_0.csv,True,10.6,2.378839268478741
doors_hallway,nav2,nav2,doors_hallway,agents_doors_hallway,,0,doors_hallway/nav2/metrics_steps_nav2_agents_doors_hallway_0.csv,True,10.7,2.408601968791817
doors_hallway,nav2,nav2,doors_hallway,agents_doors_hallway,,0,doors_hallway/nav2/metrics_steps_nav2_agents_doors_hallway_0.csv,True,10.8,2.42139332122715
doors_hallway,nav2,nav2,doors_hallway,agents_doors_hallway,,0,doors_hallway/nav2/metrics_steps_nav2_agents_doors_hallway_0.csv,True,10.9,2.3467390963469703
doors_hallway,nav2,nav2,doors_hallway,agents_doors_hallway,,0,doors_hallway/nav2/metrics_steps_nav2_agents_doors_hallway_0.csv,True,11.0,2.217465992659604
doors_hallway,nav2,nav2,doors_hallway,agents_doors_hallway,,0,doors_hallway/nav2/metrics_steps_nav2_agents_doors_hallway_0.csv,True,11.1,2.1389179907625064
doors_hallway,nav2,nav2,doors_hallway,agents_doors_hallway,,0,doors_hallway/nav2/metrics_steps_nav2_agents_doors_hallway_0.csv,True,11.2,2.1110749636980275
doors_hallway,nav2,nav2,doors_hallway,agents_doors_hallway,,0,doors_hallway/nav2/metrics_steps_nav2_agents_doors_hallway_0.csv,True,11.3,2.1203389324183104
doors_hallway,nav2,nav2,doors_hallway,agents_doors_hallway,,0,doors_hallway/nav2/metrics_steps_nav2_agents_doors_hallway_0.csv,True,11.4,2.1556787615008357
doors_hallway,nav2,nav2,doors_hallway,agents_doors_hallway,,0,doors_hallway/nav2/metrics_steps_nav2_agents_doors_hallway_0.csv,True,11.5,2.2082989197647533
doors_hallway,nav2,nav2,doors_hallway,agents_doors_hallway,,0,doors_hallway/nav2/metrics_steps_nav2_agents_doors_hallway_0.csv,True,11.6,2.2739786491969007
doors_hallway,nav2,nav2,doors_hallway,agents_doors_hallway,,0,doors_hallway/nav2/metrics_steps_nav2_agents_doors_hallway_0.csv,True,11.7,2.3471776583435333
doors_hallway,nav2,nav2,doors_hallway,agents_doors_hallway,,0,doors_hallway/nav2/metrics_steps_nav2_agents_doors_hallway_0.csv,True,11.8,2.255883344493268
doors_hallway,nav2,nav2,doors_hallway,agents_doors_hallway,,0,doors_hallway/nav2/metrics_steps_nav2_agents_doors_hallway_0.csv,True,11.9,2.061889141910129
doors_hallway,nav2,nav2,doors_hallway,agents_doors_hallway,,0,doors_hallway/nav2/metrics_steps_nav2_agents_doors_hallway_0.csv,True,12.0,1.8674593906179944
doors_hallway,nav2,nav2,doors_hallway,agents_doors_hallway,,0,doors_hallway/nav2/metrics_steps_nav2_agents_doors_hallway_0.csv,True,12.1,1.6748459204103732
doors_hallway,nav2,nav2,doors_hallway,agents_doors_hallway,,0,doors_hallway/nav2/metrics_steps_nav2_agents_doors_hallway_0.csv,True,12.2,1.485738421206881
doors_hallway,nav2,nav2,doors_hallway,agents_doors_hallway,,0,doors_hallway/nav2/metrics_steps_nav2_agents_doors_hallway_0.csv,True,12.3,1.308500153042964
doors_hallway,nav2,nav2,doors_hallway,agents_doors_hallway,,0,doors_hallway/nav2/metrics_steps_nav2_agents_doors_hallway_0.csv,True,12.4,1.143952718122737
doors_hallway,nav2,nav2,doors_hallway,agents_doors_hallway,,0,doors_hallway/nav2/metrics_steps_nav2_agents_doors_hallway_0.csv,True,12.5,0.993132342455308
doors_hallway,nav2,nav2,doors_hallway,agents_doors_hallway,,0,doors_hallway/nav2/metrics_steps_nav2_agents_doors_hallway_0.csv,True,12.6,0.8568509732178089
doors_hallway,nav2,nav2,doors_hallway,agents_doors_hallway,,0,doors_hallway/nav2/metrics_steps_nav2_agents_doors_hallway_0.csv,True,12.7,0.7380445829752575
doors_hallway,nav2,nav2,doors_hallway,agents_doors_hallway,,0,doors_hallway/nav2/metrics_steps_nav2_agents_doors_hallway_0.csv,True,12.8,0.6408864908539005
doors_hallway,nav2,nav2,doors_hallway,agents_doors_hallway,,0,doors_hallway/nav2/metrics_steps_nav2_agents_doors_hallway_0.csv,True,12.9,0.5651236210943895
doors_hallway,nav2,nav2,doors_hallway,agents_doors_hallway,,0,doors_hallway/nav2/metrics_steps_nav2_agents_doors_hallway_0.csv,True,13.0,0.5152210211042489
doors_hallway,nav2,nav2,doors_hallway,agents_doors_hallway,,0,doors_hallway/nav2/metrics_steps_nav2_agents_doors_hallway_0.csv,True,13.1,0.494500279132688
doors_hallway,nav2,nav2,doors_hallway,agents_doors_hallway,,0,doors_hallway/nav2/metrics_steps_nav2_agents_doors_hallway_0.csv,True,13.2,0.5073024870696645
doors_hallway,nav2,nav2,doors_hallway,agents_doors_hallway,,0,doors_hallway/nav2/metrics_steps_nav2_agents_doors_hallway_0.csv,True,13.3,0.550050125754467
doors_hallway,nav2,nav2,doors_hallway,agents_doors_hallway,,0,doors_hallway/nav2/metrics_steps_nav2_agents_doors_hallway_0.csv,True,13.4,0.6170578419827706
doors_hallway,nav2,nav2,doors_hallway,agents_doors_hallway,,0,doors_hallway/nav2/metrics_steps_nav2_agents_doors_hallway_0.csv,True,13.5,0.7059184201503286
doors_hallway,nav2,nav2,doors_hallway,agents_doors_hallway,,0,doors_hallway/nav2/metrics_steps_nav2_agents_doors_hallway_0.csv,True,13.6,0.8135715191238426
doors_hallway,nav2,nav2,doors_hallway,agents_doors_hallway,,0,doors_hallway/nav2/metrics_steps_nav2_agents_doors_hallway_0.csv,True,13.7,0.8709927958040993
doors_hallway,nav2,nav2,doors_hallway,agents_doors_hallway,,0,doors_hallway/nav2/metrics_steps_nav2_agents_doors_hallway_0.csv,True,13.8,0.8832636084617271
doors_hallway,nav2,nav2,doors_hallway,agents_doors_hallway,,0,doors_hallway/nav2/metrics_steps_nav2_agents_doors_hallway_0.csv,True,13.9,0.8977707983479579
doors_hallway,nav2,nav2,doors_hallway,agents_doors_hallway,,0,doors_hallway/nav2/metrics_steps_nav2_agents_doors_hallway_0.csv,True,14.0,0.924640189101308
doors_hallway,nav2,nav2,doors_hallway,agents_doors_hallway,,0,doors_hallway/nav2/metrics_steps_nav2_agents_doors_hallway_0.csv,True,14.1,0.9671263733601916
doors_hallway,nav2,nav2,doors_hallway,agents_doors_hallway,,0,doors_hallway/nav2/metrics_steps_nav2_agents_doors_hallway_0.csv,True,14.2,1.0226062777976552
doors_hallway,nav2,nav2,doors_hallway,agents_doors_hallway,,0,doors_hallway/nav2/metrics_steps_nav2_agents_doors_hallway_0.csv,True,14.3,1.097149193951831
doors_hallway,nav2,nav2,doors_hallway,agents_doors_hallway,,0,doors_hallway/nav2/metrics_steps_nav2_agents_doors_hallway_0.csv,True,14.4,1.189442671702251
doors_hallway,nav2,nav2,doors_hallway,agents_doors_hallway,,0,doors_hallway/nav2/metrics_steps_nav2_agents_doors_hallway_0.csv,True,14.5,1.2962395139628358
doors_hallway,nav2,nav2,doors_hallway,agents_doors_hallway,,0,doors_hallway/nav2/metrics_steps_nav2_agents_doors_hallway_0.csv,True,14.6,1.4189362329383863
doors_hallway,nav2,nav2,doors_hallway,agents_doors_hallway,,0,doors_hallway/nav2/metrics_steps_nav2_agents_doors_hallway_0.csv,True,14.7,1.5547133037274632
doors_hallway,nav2,nav2,doors_hallway,agents_doors_hallway,,0,doors_hallway/nav2/metrics_steps_nav2_agents_doors_hallway_0.csv,True,14.8,1.6959347498559532
doors_hallway,nav2,nav2,doors_hallway,agents_doors_hallway,,0,doors_hallway/nav2/metrics_steps_nav2_agents_doors_hallway_0.csv,True,14.9,1.8463825969722265
doors_hallway,nav2,nav2,doors_hallway,agents_doors_hallway,,0,doors_hallway/nav2/metrics_steps_nav2_agents_doors_hallway_0.csv,True,15.0,2.0112779812147195
doors_hallway,nav2,nav2,doors_hallway,agents_doors_hallway,,0,doors_hallway/nav2/metrics_steps_nav2_agents_doors_hallway_0.csv,True,15.1,2.1862211185708893
doors_hallway,nav2,nav2,doors_hallway,agents_doors_hallway,,0,doors_hallway/nav2/metrics_steps_nav2_agents_doors_hallway_0.csv,True,15.2,2.369423626812774
doors_hallway,nav2,nav2,doors_hallway,agents_doors_hallway,,0,doors_hallway/nav2/metrics_steps_nav2_agents_doors_hallway_0.csv,True,15.3,2.5571113264258845
doors_hallway,nav2,nav2,doors_hallway,agents_doors_hallway,,0,doors_hallway/nav2/metrics_steps_nav2_agents_doors_hallway_0.csv,True,15.4,2.7469304872560207
doors_hallway,nav2,nav2,doors_hallway,agents_doors_hallway,,0,doors_hallway/nav2/metrics_steps_nav2_agents_doors_hallway_0.csv,True,15.5,2.9405395025050693
doors_hallway,nav2,nav2,doors_hallway,agents_doors_hallway,,0,doors_hallway/nav2/metrics_steps_nav2_agents_doors_hallway_0.csv,True,15.6,3.136510955292352
doors_hallway,nav2,nav2,doors_hallway,agents_doors_hallway,,0,doors_hallway/nav2/metrics_steps_nav2_agents_doors_hallway_0.csv,True,15.7,3.335927972826505
doors_hallway,nav2,nav2,doors_hallway,agents_doors_hallway,,0,doors_hallway/nav2/metrics_steps_nav2_agents_doors_hallway_0.csv,True,15.8,3.5377520230913597
doors_hallway,nav2,nav2,doors_hallway,agents_doors_hallway,,0,doors_hallway/nav2/metrics_steps_nav2_agents_doors_hallway_0.csv,True,15.9,3.742252460398386
doors_hallway,nav2,nav2,doors_hallway,agents_doors_hallway,,0,doors_hallway/nav2/metrics_steps_nav2_agents_doors_hallway_0.csv,True,16.0,3.9472987819493808
doors_hallway,nav2,nav2,doors_hallway,agents_doors_hallway,,0,doors_hallway/nav2/metrics_steps_nav2_agents_doors_hallway_0.csv,True,16.1,4.149258738287428
doors_hallway,nav2,nav2,doors_hallway,agents_doors_hallway,,0,doors_hallway/nav2/metrics_steps_nav2_agents_doors_hallway_0.csv,True,16.2,4.352888299508401
doors_hallway,nav2,nav2,doors_hallway,agents_doors_hallway,,0,doors_hallway/nav2/metrics_steps_nav2_agents_doors_hallway_0.csv,True,16.3,4.5527387631247
doors_hallway,nav2,nav2,doors_hallway,agents_doors_hallway,,0,doors_hallway/nav2/metrics_steps_nav2_agents_doors_hallway_0.csv,True,16.4,4.741877077754896
doors_hallway,nav2,nav2,doors_hallway,agents_doors_hallway,,0,doors_hallway/nav2/metrics_steps_nav2_agents_doors_hallway_0.csv,True,16.5,4.920339825964932
doors_hallway,nav2,nav2,doors_hallway,agents_doors_hallway,,0,doors_hallway/nav2/metrics_steps_nav2_agents_doors_hallway_0.csv,True,16.6,5.089803819098364
doors_hallway,nav2,nav2,doors_hallway,agents_doors_hallway,,0,doors_hallway/nav2/metrics_steps_nav2_agents_doors_hallway_0.csv,True,16.7,5.26350305506966
doors_hallway,nav2,nav2,doors_hallway,agents_doors_hallway,,0,doors_hallway/nav2/metrics_steps_nav2_agents_doors_hallway_0.csv,True,16.8,5.441524766314673
doors_hallway,nav2,nav2,doors_hallway,agents_doors_hallway,,0,doors_hallway/nav2/metrics_steps_nav2_agents_doors_hallway_0.csv,True,16.9,5.617302319552238
doors_hallway,nav2,nav2,doors_hallway,agents_doors_hallway,,0,doors_hallway/nav2/metrics_steps_nav2_agents_doors_hallway_0.csv,True,17.0,5.789150716946379
doors_hallway,nav2,nav2,doors_hallway,agents_doors_hallway,,0,doors_hallway/nav2/metrics_steps_nav2_agents_doors_hallway_0.csv,True,17.1,5.957497388140277
doors_hallway,nav2,nav2,doors_hallway,agents_doors_hallway,,0,doors_hallway/nav2/metrics_steps_nav2_agents_doors_hallway_0.csv,True,17.2,6.120129739788343
doors_hallway,nav2,nav2,doors_hallway,agents_doors_hallway,,0,doors_hallway/nav2/metrics_steps_nav2_agents_doors_hallway_0.csv,True,17.3,6.277141486215093
doors_hallway,nav2,nav2,doors_hallway,agents_doors_hallway,,0,doors_hallway/nav2/metrics_steps_nav2_agents_doors_hallway_0.csv,True,17.4,6.426286331587519
doors_hallway,nav2,nav2,doors_hallway,agents_doors_hallway,,0,doors_hallway/nav2/metrics_steps_nav2_agents_doors_hallway_0.csv,True,17.5,6.574124077107808
doors_hallway,nav2,nav2,doors_hallway,agents_doors_hallway,,0,doors_hallway/nav2/metrics_steps_nav2_agents_doors_hallway_0.csv,True,17.6,6.595959892542195
doors_hallway,nav2,nav2,doors_hallway,agents_doors_hallway,,0,doors_hallway/nav2/metrics_steps_nav2_agents_doors_hallway_0.csv,True,17.7,6.559070636052345
doors_hallway,nav2,nav2,doors_hallway,agents_doors_hallway,,0,doors_hallway/nav2/metrics_steps_nav2_agents_doors_hallway_0.csv,True,17.8,6.512133682520787
doors_hallway,nav2,nav2,doors_hallway,agents_doors_hallway,,0,doors_hallway/nav2/metrics_steps_nav2_agents_doors_hallway_0.csv,True,17.9,6.457550057863515
doors_hallway,nav2,nav2,doors_hallway,agents_doors_hallway,,0,doors_hallway/nav2/metrics_steps_nav2_agents_doors_hallway_0.csv,True,18.0,6.402861571364993
doors_hallway,nav2,nav2,doors_hallway,agents_doors_hallway,,0,doors_hallway/nav2/metrics_steps_nav2_agents_doors_hallway_0.csv,True,18.1,6.348759374259674
doors_hallway,nav2,nav2,doors_hallway,agents_doors_hallway,,0,doors_hallway/nav2/metrics_steps_nav2_agents_doors_hallway_0.csv,True,18.2,6.296097708308872
doors_hallway,nav2,nav2,doors_hallway,agents_doors_hallway,,0,doors_hallway/nav2/metrics_steps_nav2_agents_doors_hallway_0.csv,True,18.3,6.242629050466844
doors_hallway,nav2,nav2,doors_hallway,agents_doors_hallway,,0,doors_hallway/nav2/metrics_steps_nav2_agents_doors_hallway_0.csv,True,18.4,6.187154999730082
doors_hallway,nav2,nav2,doors_hallway,agents_doors_hallway,,0,doors_hallway/nav2/metrics_steps_nav2_agents_doors_hallway_0.csv,True,18.5,6.132977314347064
doors_hallway,nav2,nav2,doors_hallway,agents_doors_hallway,,0,doors_hallway/nav2/metrics_steps_nav2_agents_doors_hallway_0.csv,True,18.6,6.086748186874679
doors_hallway,nav2,nav2,doors_hallway,agents_doors_hallway,,0,doors_hallway/nav2/metrics_steps_nav2_agents_doors_hallway_0.csv,True,18.7,6.043710883826782
doors_hallway,nav2,nav2,doors_hallway,agents_doors_hallway,,0,doors_hallway/nav2/metrics_steps_nav2_agents_doors_hallway_0.csv,True,18.8,6.001620974604088
doors_hallway,nav2,nav2,doors_hallway,agents_doors_hallway,,0,doors_hallway/nav2/metrics_steps_nav2_agents_doors_hallway_0.csv,True,18.9,5.951940874976564
doors_hallway,nav2,nav2,doors_hallway,agents_doors_hallway,,0,doors_hallway/nav2/metrics_steps_nav2_agents_doors_hallway_0.csv,True,19.0,5.897962864531864
doors_hallway,nav2,nav2,doors_hallway,agents_doors_hallway,,0,doors_hallway/nav2/metrics_steps_nav2_agents_doors_hallway_0.csv,True,19.1,5.851714796815652
doors_hallway,nav2,nav2,doors_hallway,agents_doors_hallway,,0,doors_hallway/nav2/metrics_steps_nav2_agents_doors_hallway_0.csv,True,19.2,5.698286549940629
doors_hallway,nav2,nav2,doors_hallway,agents_doors_hallway,,0,doors_hallway/nav2/metrics_steps_nav2_agents_doors_hallway_0.csv,True,19.3,5.527371165866811
doors_hallway,nav2,nav2,doors_hallway,agents_doors_hallway,,0,doors_hallway/nav2/metrics_steps_nav2_agents_doors_hallway_0.csv,True,19.4,5.35042597095379
doors_hallway,nav2,nav2,doors_hallway,agents_doors_hallway,,0,doors_hallway/nav2/metrics_steps_nav2_agents_doors_hallway_0.csv,True,19.5,5.168335028244888
doors_hallway,nav2,nav2,doors_hallway,agents_doors_hallway,,0,doors_hallway/nav2/metrics_steps_nav2_agents_doors_hallway_0.csv,True,19.6,4.981437587434852
doors_hallway,nav2,nav2,doors_hallway,agents_doors_hallway,,0,doors_hallway/nav2/metrics_steps_nav2_agents_doors_hallway_0.csv,True,19.7,4.799392879260491
doors_hallway,nav2,nav2,doors_hallway,agents_doors_hallway,,0,doors_hallway/nav2/metrics_steps_nav2_agents_doors_hallway_0.csv,True,19.8,4.6178435984769175
doors_hallway,nav2,nav2,doors_hallway,agents_doors_hallway,,0,doors_hallway/nav2/metrics_steps_nav2_agents_doors_hallway_0.csv,True,19.9,4.433237160703369
doors_hallway,nav2,nav2,doors_hallway,agents_doors_hallway,,0,doors_hallway/nav2/metrics_steps_nav2_agents_doors_hallway_0.csv,True,20.0,4.24742439825967
doors_hallway,nav2,nav2,doors_hallway,agents_doors_hallway,,0,doors_hallway/nav2/metrics_steps_nav2_agents_doors_hallway_0.csv,True,20.1,4.065629497114207
doors_hallway,nav2,nav2,doors_hallway,agents_doors_hallway,,0,doors_hallway/nav2/metrics_steps_nav2_agents_doors_hallway_0.csv,True,20.2,3.8946944433802
doors_hallway,nav2,nav2,doors_hallway,agents_doors_hallway,,0,doors_hallway/nav2/metrics_steps_nav2_agents_doors_hallway_0.csv,True,20.3,3.730884184235791
doors_hallway,nav2,nav2,doors_hallway,agents_doors_hallway,,0,doors_hallway/nav2/metrics_steps_nav2_agents_doors_hallway_0.csv,True,20.4,3.577662819856781
doors_hallway,nav2,nav2,doors_hallway,agents_doors_hallway,,0,doors_hallway/nav2/metrics_steps_nav2_agents_doors_hallway_0.csv,True,20.5,3.4345649346179075
doors_hallway,nav2,nav2,doors_hallway,agents_doors_hallway,,0,doors_hallway/nav2/metrics_steps_nav2_agents_doors_hallway_0.csv,True,20.6,3.3001056622491145
doors_hallway,nav2,nav2,doors_hallway,agents_doors_hallway,,0,doors_hallway/nav2/metrics_steps_nav2_agents_doors_hallway_0.csv,True,20.7,3.174145701495905
doors_hallway,nav2,nav2,doors_hallway,agents_doors_hallway,,0,doors_hallway/nav2/metrics_steps_nav2_agents_doors_hallway_0.csv,True,20.8,3.05456421320018
doors_hallway,nav2,nav2,doors_hallway,agents_doors_hallway,,0,doors_hallway/nav2/metrics_steps_nav2_agents_doors_hallway_0.csv,True,20.9,2.9412519975695504
doors_hallway,nav2,nav2,doors_hallway,agents_doors_hallway,,0,doors_hallway/nav2/metrics_steps_nav2_agents_doors_hallway_0.csv,True,21.0,2.8318525292071133
doors_hallway,nav2,nav2,doors_hallway,agents_doors_hallway,,0,doors_hallway/nav2/metrics_steps_nav2_agents_doors_hallway_0.csv,True,21.1,2.725833538757061
doors_hallway,nav2,nav2,doors_hallway,agents_doors_hallway,,0,doors_hallway/nav2/metrics_steps_nav2_agents_doors_hallway_0.csv,True,21.2,2.6231765409035925
doors_hallway,nav2,nav2,doors_hallway,agents_doors_hallway,,0,doors_hallway/nav2/metrics_steps_nav2_agents_doors_hallway_0.csv,True,21.3,2.5242342292086475
doors_hallway,nav2,nav2,doors_hallway,agents_doors_hallway,,0,doors_hallway/nav2/metrics_steps_nav2_agents_doors_hallway_0.csv,True,21.4,2.4293316715529474
doors_hallway,nav2,nav2,doors_hallway,agents_doors_hallway,,0,doors_hallway/nav2/metrics_steps_nav2_agents_doors_hallway_0.csv,True,21.5,2.338735236083989
doors_hallway,nav2,nav2,doors_hallway,agents_doors_hallway,,0,doors_hallway/nav2/metrics_steps_nav2_agents_doors_hallway_0.csv,True,21.6,2.252919288366664
doors_hallway,nav2,nav2,doors_hallway,agents_doors_hallway,,0,doors_hallway/nav2/metrics_steps_nav2_agents_doors_hallway_0.csv,True,21.7,2.1721424293763336
doors_hallway,nav2,nav2,doors_hallway,agents_doors_hallway,,0,doors_hallway/nav2/metrics_steps_nav2_agents_doors_hallway_0.csv,True,21.8,2.0964537915544006
doors_hallway,nav2,nav2,doors_hallway,agents_doors_hallway,,0,doors_hallway/nav2/metrics_steps_nav2_agents_doors_hallway_0.csv,True,21.9,2.0259576469641343
doors_hallway,nav2,nav2,doors_hallway,agents_doors_hallway,,0,doors_hallway/nav2/metrics_steps_nav2_agents_doors_hallway_0.csv,True,22.0,1.9607649288310007
doors_hallway,nav2,nav2,doors_hallway,agents_doors_hallway,,0,doors_hallway/nav2/metrics_steps_nav2_agents_doors_hallway_0.csv,True,22.1,1.9010377028593828
doors_hallway,nav2,nav2,doors_hallway,agents_doors_hallway,,0,doors_hallway/nav2/metrics_steps_nav2_agents_doors_hallway_0.csv,True,22.2,1.8469846692903211
doors_hallway,nav2,nav2,doors_hallway,agents_doors_hallway,,0,doors_hallway/nav2/metrics_steps_nav2_agents_doors_hallway_0.csv,True,22.3,1.798833468815998
doors_hallway,nav2,nav2,doors_hallway,agents_doors_hallway,,0,doors_hallway/nav2/metrics_steps_nav2_agents_doors_hallway_0.csv,True,22.4,1.7568215385885244
doors_hallway,nav2,nav2,doors_hallway,agents_doors_hallway,,0,doors_hallway/nav2/metrics_steps_nav2_agents_doors_hallway_0.csv,True,22.5,1.7211831022064472
doors_hallway,nav2,nav2,doors_hallway,agents_doors_hallway,,0,doors_hallway/nav2/metrics_steps_nav2_agents_doors_hallway_0.csv,True,22.6,1.6921479665342605
doors_hallway,nav2,nav2,doors_hallway,agents_doors_hallway,,0,doors_hallway/nav2/metrics_steps_nav2_agents_doors_hallway_0.csv,True,22.7,1.669947644520084
doors_hallway,nav2,nav2,doors_hallway,agents_doors_hallway,,0,doors_hallway/nav2/metrics_steps_nav2_agents_doors_hallway_0.csv,True,22.8,1.6548250531486437
doors_hallway,nav2,nav2,doors_hallway,agents_doors_hallway,,0,doors_hallway/nav2/metrics_steps_nav2_agents_doors_hallway_0.csv,True,22.9,1.6470410324257156
doors_hallway,nav2,nav2,doors_hallway,agents_doors_hallway,,0,doors_hallway/nav2/metrics_steps_nav2_agents_doors_hallway_0.csv,True,23.0,1.6469149599356268
doors_hallway,nav2,nav2,doors_hallway,agents_doors_hallway,,0,doors_hallway/nav2/metrics_steps_nav2_agents_doors_hallway_0.csv,True,23.1,1.654812607484418
doors_hallway,nav2,nav2,doors_hallway,agents_doors_hallway,,0,doors_hallway/nav2/metrics_steps_nav2_agents_doors_hallway_0.csv,True,23.2,1.6711847154035726
doors_hallway,nav2,nav2,doors_hallway,agents_doors_hallway,,0,doors_hallway/nav2/metrics_steps_nav2_agents_doors_hallway_0.csv,True,23.3,1.6965428855621782
doors_hallway,nav2,nav2,doors_hallway,agents_doors_hallway,,0,doors_hallway/nav2/metrics_steps_nav2_agents_doors_hallway_0.csv,True,23.4,1.7313666375596264
doors_hallway,nav2,nav2,doors_hallway,agents_doors_hallway,,0,doors_hallway/nav2/metrics_steps_nav2_agents_doors_hallway_0.csv,True,23.5,1.775896217820561
doors_hallway,nav2,nav2,doors_hallway,agents_doors_hallway,,0,doors_hallway/nav2/metrics_steps_nav2_agents_doors_hallway_0.csv,True,23.6,1.8291700585337187
doors_hallway,nav2,nav2,doors_hallway,agents_doors_hallway,,0,doors_hallway/nav2/metrics_steps_nav2_agents_doors_hallway_0.csv,True,23.7,1.885917066751736
doors_hallway,nav2,nav2,doors_hallway,agents_doors_hallway,,0,doors_hallway/nav2/metrics_steps_nav2_agents_doors_hallway_0.csv,True,23.8,1.9282706797350864
doors_hallway,nav2,nav2,doors_hallway,agents_doors_hallway,,0,doors_hallway/nav2/metrics_steps_nav2_agents_doors_hallway_0.csv,True,23.9,1.91320688408434
doors_hallway,nav2,nav2,doors_hallway,agents_doors_hallway,,0,doors_hallway/nav2/metrics_steps_nav2_agents_doors_hallway_0.csv,True,24.0,1.8604197525064612
doors_hallway,nav2,nav2,doors_hallway,agents_doors_hallway,,0,doors_hallway/nav2/metrics_steps_nav2_agents_doors_hallway_0.csv,True,24.1,1.8153695311687763
doors_hallway,nav2,nav2,doors_hallway,agents_doors_hallway,,0,doors_hallway/nav2/metrics_steps_nav2_agents_doors_hallway_0.csv,True,24.2,1.800169212339156
doors_hallway,nav2,nav2,doors_hallway,agents_doors_hallway,,0,doors_hallway/nav2/metrics_steps_nav2_agents_doors_hallway_0.csv,True,24.3,1.805572785120618
doors_hallway,nav2,nav2,doors_hallway,agents_doors_hallway,,0,doors_hallway/nav2/metrics_steps_nav2_agents_doors_hallway_0.csv,True,24.4,1.816011985009177
doors_hallway,nav2,nav2,doors_hallway,agents_doors_hallway,,0,doors_hallway/nav2/metrics_steps_nav2_agents_doors_hallway_0.csv,True,24.5,1.823445941127072
doors_hallway,nav2,nav2,doors_hallway,agents_doors_hallway,,0,doors_hallway/nav2/metrics_steps_nav2_agents_doors_hallway_0.csv,True,24.6,1.8311812905850244
doors_hallway,nav2,nav2,doors_hallway,agents_doors_hallway,,0,doors_hallway/nav2/metrics_steps_nav2_agents_doors_hallway_0.csv,True,24.7,1.829030971383656
doors_hallway,nav2,nav2,doors_hallway,agents_doors_hallway,,0,doors_hallway/nav2/metrics_steps_nav2_agents_doors_hallway_0.csv,True,24.8,1.8179504903708703
doors_hallway,nav2,nav2,doors_hallway,agents_doors_hallway,,0,doors_hallway/nav2/metrics_steps_nav2_agents_doors_hallway_0.csv,True,24.9,1.801584801781896
doors_hallway,nav2,nav2,doors_hallway,agents_doors_hallway,,0,doors_hallway/nav2/metrics_steps_nav2_agents_doors_hallway_0.csv,True,25.0,1.7875645800515223
doors_hallway,nav2,nav2,doors_hallway,agents_doors_hallway,,0,doors_hallway/nav2/metrics_steps_nav2_agents_doors_hallway_0.csv,True,25.1,1.7654478687713753
doors_hallway,nav2,nav2,doors_hallway,agents_doors_hallway,,0,doors_hallway/nav2/metrics_steps_nav2_agents_doors_hallway_0.csv,True,25.2,1.7249859277122552
doors_hallway,nav2,nav2,doors_hallway,agents_doors_hallway,,0,doors_hallway/nav2/metrics_steps_nav2_agents_doors_hallway_0.csv,True,25.3,1.6732352113115811
doors_hallway,nav2,nav2,doors_hallway,agents_doors_hallway,,0,doors_hallway/nav2/metrics_steps_nav2_agents_doors_hallway_0.csv,True,25.4,1.6227900751109887
doors_hallway,nav2,nav2,doors_hallway,agents_doors_hallway,,0,doors_hallway/nav2/metrics_steps_nav2_agents_doors_hallway_0.csv,True,25.5,1.5881843792626893
doors_hallway,nav2,nav2,doors_hallway,agents_doors_hallway,,0,doors_hallway/nav2/metrics_steps_nav2_agents_doors_hallway_0.csv,True,25.6,1.5752672441863762
doors_hallway,nav2,nav2,doors_hallway,agents_doors_hallway,,0,doors_hallway/nav2/metrics_steps_nav2_agents_doors_hallway_0.csv,True,25.7,1.5021363535278738
doors_hallway,nav2,nav2,doors_hallway,agents_doors_hallway,,0,doors_hallway/nav2/metrics_steps_nav2_agents_doors_hallway_0.csv,True,25.8,1.435987809908775
doors_hallway,nav2,nav2,doors_hallway,agents_doors_hallway,,0,doors_hallway/nav2/metrics_steps_nav2_agents_doors_hallway_0.csv,True,25.9,1.3775304521007392
doors_hallway,nav2,nav2,doors_hallway,agents_doors_hallway,,0,doors_hallway/nav2/metrics_steps_nav2_agents_doors_hallway_0.csv,True,26.0,1.327486999767431
doors_hallway,nav2,nav2,doors_hallway,agents_doors_hallway,,0,doors_hallway/nav2/metrics_steps_nav2_agents_doors_hallway_0.csv,True,26.1,1.2867256846404302
doors_hallway,nav2,nav2,doors_hallway,agents_doors_hallway,,0,doors_hallway/nav2/metrics_steps_nav2_agents_doors_hallway_0.csv,True,26.2,1.2561072135116862
doors_hallway,nav2,nav2,doors_hallway,agents_doors_hallway,,0,doors_hallway/nav2/metrics_steps_nav2_agents_doors_hallway_0.csv,True,26.3,1.2363986333374957
doors_hallway,nav2,nav2,doors_hallway,agents_doors_hallway,,0,doors_hallway/nav2/metrics_steps_nav2_agents_doors_hallway_0.csv,True,26.4,1.22787130030572
doors_hallway,nav2,nav2,doors_hallway,agents_doors_hallway,,0,doors_hallway/nav2/metrics_steps_nav2_agents_doors_hallway_0.csv,True,26.5,1.2290654831230854
doors_hallway,nav2,nav2,doors_hallway,agents_doors_hallway,,0,doors_hallway/nav2/metrics_steps_nav2_agents_doors_hallway_0.csv,True,26.6,1.233551133983551
doors_hallway,nav2,nav2,doors_hallway,agents_doors_hallway,,0,doors_hallway/nav2/metrics_steps_nav2_agents_doors_hallway_0.csv,True,26.7,1.2263776039510637
doors_hallway,nav2,nav2,doors_hallway,agents_doors_hallway,,0,doors_hallway/nav2/metrics_steps_nav2_agents_doors_hallway_0.csv,True,26.8,1.1928608668336076
doors_hallway,nav2,nav2,doors_hallway,agents_doors_hallway,,0,doors_hallway/nav2/metrics_steps_nav2_agents_doors_hallway_0.csv,True,26.9,1.1612286158931031
doors_hallway,nav2,nav2,doors_hallway,agents_doors_hallway,,0,doors_hallway/nav2/metrics_steps_nav2_agents_doors_hallway_0.csv,True,27.0,1.1521049329994848
doors_hallway,nav2,nav2,doors_hallway,agents_doors_hallway,,0,doors_hallway/nav2/metrics_steps_nav2_agents_doors_hallway_0.csv,True,27.1,1.1705619487605874
doors_hallway,nav2,nav2,doors_hallway,agents_doors_hallway,,0,doors_hallway/nav2/metrics_steps_nav2_agents_doors_hallway_0.csv,True,27.2,1.214517066153527
doors_hallway,nav2,nav2,doors_hallway,agents_doors_hallway,,0,doors_hallway/nav2/metrics_steps_nav2_agents_doors_hallway_0.csv,True,27.3,1.2799997189685586
doors_hallway,nav2,nav2,doors_hallway,agents_doors_hallway,,0,doors_hallway/nav2/metrics_steps_nav2_agents_doors_hallway_0.csv,True,27.4,1.362229072139666
doors_hallway,nav2,nav2,doors_hallway,agents_doors_hallway,,0,doors_hallway/nav2/metrics_steps_nav2_agents_doors_hallway_0.csv,True,27.5,1.4569635974634094
doors_hallway,nav2,nav2,doors_hallway,agents_doors_hallway,,0,doors_hallway/nav2/metrics_steps_nav2_agents_doors_hallway_0.csv,True,27.6,1.5610076411517049
doors_hallway,nav2,nav2,doors_hallway,agents_doors_hallway,,0,doors_hallway/nav2/metrics_steps_nav2_agents_doors_hallway_0.csv,True,27.7,1.6720606831444833
doors_hallway,nav2,nav2,doors_hallway,agents_doors_hallway,,0,doors_hallway/nav2/metrics_steps_nav2_agents_doors_hallway_0.csv,True,27.8,1.7873499354627094
doors_hallway,nav2,nav2,doors_hallway,agents_doors_hallway,,0,doors_hallway/nav2/metrics_steps_nav2_agents_doors_hallway_0.csv,True,27.9,1.903461180984431
doors_hallway,nav2,nav2,doors_hallway,agents_doors_hallway,,0,doors_hallway/nav2/metrics_steps_nav2_agents_doors_hallway_0.csv,True,28.0,2.023350794945029
doors_hallway,nav2,nav2,doors_hallway,agents_doors_hallway,,0,doors_hallway/nav2/metrics_steps_nav2_agents_doors_hallway_0.csv,True,28.1,2.14724134938068
doors_hallway,nav2,nav2,doors_hallway,agents_doors_hallway,,0,doors_hallway/nav2/metrics_steps_nav2_agents_doors_hallway_0.csv,True,28.2,2.2744882960569246
doors_hallway,nav2,nav2,doors_hallway,agents_doors_hallway,,0,doors_hallway/nav2/metrics_steps_nav2_agents_doors_hallway_0.csv,True,28.3,2.404401713091478
doors_hallway,nav2,nav2,doors_hallway,agents_doors_hallway,,0,doors_hallway/nav2/metrics_steps_nav2_agents_doors_hallway_0.csv,True,28.4,2.500488680363389
doors_hallway,nav2,nav2,doors_hallway,agents_doors_hallway,,0,doors_hallway/nav2/metrics_steps_nav2_agents_doors_hallway_0.csv,True,28.5,2.545762581329925
doors_hallway,nav2,nav2,doors_hallway,agents_doors_hallway,,0,doors_hallway/nav2/metrics_steps_nav2_agents_doors_hallway_0.csv,True,28.6,2.597341437211338
doors_hallway,nav2,nav2,doors_hallway,agents_doors_hallway,,0,doors_hallway/nav2/metrics_steps_nav2_agents_doors_hallway_0.csv,True,28.7,2.6549381657263744
doors_hallway,nav2,nav2,doors_hallway,agents_doors_hallway,,0,doors_hallway/nav2/metrics_steps_nav2_agents_doors_hallway_0.csv,True,28.8,2.718243792016664
doors_hallway,nav2,nav2,doors_hallway,agents_doors_hallway,,0,doors_hallway/nav2/metrics_steps_nav2_agents_doors_hallway_0.csv,True,28.9,2.7869381393188086
doors_hallway,nav2,nav2,doors_hallway,agents_doors_hallway,,0,doors_hallway/nav2/metrics_steps_nav2_agents_doors_hallway_0.csv,True,29.0,2.860698298716386
doors_hallway,nav2,nav2,doors_hallway,agents_doors_hallway,,0,doors_hallway/nav2/metrics_steps_nav2_agents_doors_hallway_0.csv,True,29.1,2.939205029720253
doors_hallway,nav2,nav2,doors_hallway,agents_doors_hallway,,0,doors_hallway/nav2/metrics_steps_nav2_agents_doors_hallway_0.csv,True,29.2,3.0221468814044243
doors_hallway,nav2,nav2,doors_hallway,agents_doors_hallway,,0,doors_hallway/nav2/metrics_steps_nav2_agents_doors_hallway_0.csv,True,29.3,3.1092244717387145
doors_hallway,nav2,nav2,doors_hallway,agents_doors_hallway,,0,doors_hallway/nav2/metrics_steps_nav2_agents_doors_hallway_0.csv,True,29.4,3.2001520480295214
doors_hallway,nav2,nav2,doors_hallway,agents_doors_hallway,,0,doors_hallway/nav2/metrics_steps_nav2_agents_doors_hallway_0.csv,True,29.5,3.2946592471721896
doors_hallway,nav2,nav2,doors_hallway,agents_doors_hallway,,0,doors_hallway/nav2/metrics_steps_nav2_agents_doors_hallway_0.csv,True,29.6,3.3924915975222785
doors_hallway,nav2,nav2,doors_hallway,agents_doors_hallway,,0,doors_hallway/nav2/metrics_steps_nav2_agents_doors_hallway_0.csv,True,29.7,3.493411235506706
doors_hallway,nav2,nav2,doors_hallway,agents_doors_hallway,,0,doors_hallway/nav2/metrics_steps_nav2_agents_doors_hallway_0.csv,True,29.8,3.5971960895847337
doors_hallway,nav2,nav2,doors_hallway,agents_doors_hallway,,0,doors_hallway/nav2/metrics_steps_nav2_agents_doors_hallway_0.csv,True,29.9,3.703640589165441
doors_hallway,nav2,nav2,doors_hallway,agents_doors_hallway,,0,doors_hallway/nav2/metrics_steps_nav2_agents_doors_hallway_0.csv,True,30.0,3.812554253446293
doors_hallway,nav2,nav2,doors_hallway,agents_doors_hallway,,0,doors_hallway/nav2/metrics_steps_nav2_agents_doors_hallway_0.csv,True,30.1,3.9237611229128255
doors_hallway,nav2,nav2,doors_hallway,agents_doors_hallway,,0,doors_hallway/nav2/metrics_steps_nav2_agents_doors_hallway_0.csv,True,30.2,4.037098837789755
doors_hallway,nav2,nav2,doors_hallway,agents_doors_hallway,,0,doors_hallway/nav2/metrics_steps_nav2_agents_doors_hallway_0.csv,True,30.3,4.152460280988393
doors_hallway,nav2,nav2,doors_hallway,agents_doors_hallway,,0,doors_hallway/nav2/metrics_steps_nav2_agents_doors_hallway_0.csv,True,30.4,4.269627267426242
doors_hallway,nav2,nav2,doors_hallway,agents_doors_hallway,,0,doors_hallway/nav2/metrics_steps_nav2_agents_doors_hallway_0.csv,True,30.5,4.388510798247967
doors_hallway,nav2,nav2,doors_hallway,agents_doors_hallway,,0,doors_hallway/nav2/metrics_steps_nav2_agents_doors_hallway_0.csv,True,30.6,4.508994268064518
doors_hallway,nav2,nav2,doors_hallway,agents_doors_hallway,,0,doors_hallway/nav2/metrics_steps_nav2_agents_doors_hallway_0.csv,True,30.7,4.630969811837247
doors_hallway,nav2,nav2,doors_hallway,agents_doors_hallway,,0,doors_hallway/nav2/metrics_steps_nav2_agents_doors_hallway_0.csv,True,30.8,4.754338631459952
doors_hallway,nav2,nav2,doors_hallway,agents_doors_hallway,,0,doors_hallway/nav2/metrics_steps_nav2_agents_doors_hallway_0.csv,True,30.9,4.879009740407767
doors_hallway,nav2,nav2,doors_hallway,agents_doors_hallway,,0,doors_hallway/nav2/metrics_steps_nav2_agents_doors_hallway_0.csv,True,31.0,4.920500735221591
doors_hallway,nav2,nav2,doors_hallway,agents_doors_hallway,,0,doors_hallway/nav2/metrics_steps_nav2_agents_doors_hallway_0.csv,True,31.1,4.920492321069784
doors_hallway,nav2,nav2,doors_hallway,agents_doors_hallway,,0,doors_hallway/nav2/metrics_steps_nav2_agents_doors_hallway_0.csv,True,31.2,4.920482789121203
doors_hallway,nav2,nav2,doors_hallway,agents_doors_hallway,,0,doors_hallway/nav2/metrics_steps_nav2_agents_doors_hallway_0.csv,True,31.3,4.920472396799888
doors_hallway,nav2,nav2,doors_hallway,agents_doors_hallway,,0,doors_hallway/nav2/metrics_steps_nav2_agents_doors_hallway_0.csv,True,31.4,4.920461089175594
doors_hallway,nav2,nav2,doors_hallway,agents_doors_hallway,,0,doors_hallway/nav2/metrics_steps_nav2_agents_doors_hallway_0.csv,True,31.5,4.920448665510683
doors_hallway,nav2,nav2,doors_hallway,agents_doors_hallway,,0,doors_hallway/nav2/metrics_steps_nav2_agents_doors_hallway_0.csv,True,31.6,4.920435547152188
doors_hallway,nav2,nav2,doors_hallway,agents_doors_hallway,,0,doors_hallway/nav2/metrics_steps_nav2_agents_doors_hallway_0.csv,True,31.7,4.920421496564624
doors_hallway,nav2,nav2,doors_hallway,agents_doors_hallway,,0,doors_hallway/nav2/metrics_steps_nav2_agents_doors_hallway_0.csv,True,31.8,4.920406515588547
doors_hallway,nav2,nav2,doors_hallway,agents_doors_hallway,,0,doors_hallway/nav2/metrics_steps_nav2_agents_doors_hallway_0.csv,True,31.9,4.920390865058638
doors_hallway,nav2,nav2,doors_hallway,agents_doors_hallway,,0,doors_hallway/nav2/metrics_steps_nav2_agents_doors_hallway_0.csv,True,32.0,4.920374656337545
doors_hallway,nav2,nav2,doors_hallway,agents_doors_hallway,,0,doors_hallway/nav2/metrics_steps_nav2_agents_doors_hallway_0.csv,True,32.1,4.920357862826278
doors_hallway,nav2,nav2,doors_hallway,agents_doors_hallway,,0,doors_hallway/nav2/metrics_steps_nav2_agents_doors_hallway_0.csv,True,32.2,4.920340716912738
doors_hallway,nav2,nav2,doors_hallway,agents_doors_hallway,,0,doors_hallway/nav2/metrics_steps_nav2_agents_doors_hallway_0.csv,True,32.3,4.920323419972688
doors_hallway,nav2,nav2,doors_hallway,agents_doors_hallway,,0,doors_hallway/nav2/metrics_steps_nav2_agents_doors_hallway_0.csv,True,32.4,4.920305978095631
doors_hallway,nav2,nav2,doors_hallway,agents_doors_hallway,,0,doors_hallway/nav2/metrics_steps_nav2_agents_doors_hallway_0.csv,True,32.5,4.920288943025359
doors_hallway,nav2,nav2,doors_hallway,agents_doors_hallway,,0,doors_hallway/nav2/metrics_steps_nav2_agents_doors_hallway_0.csv,True,32.6,4.920272373759199
doors_hallway,nav2,nav2,doors_hallway,agents_doors_hallway,,0,doors_hallway/nav2/metrics_steps_nav2_agents_doors_hallway_0.csv,True,32.7,4.920256345898047
doors_hallway,nav2,nav2,doors_hallway,agents_doors_hallway,,0,doors_hallway/nav2/metrics_steps_nav2_agents_doors_hallway_0.csv,True,32.8,4.920240963735361
doors_hallway,nav2,nav2,doors_hallway,agents_doors_hallway,,0,doors_hallway/nav2/metrics_steps_nav2_agents_doors_hallway_0.csv,True,32.9,4.920226162996167
doors_hallway,nav2,nav2,doors_hallway,agents_doors_hallway,,0,doors_hallway/nav2/metrics_steps_nav2_agents_doors_hallway_0.csv,True,33.0,4.920211316493117
doors_hallway,nav2,nav2,doors_hallway,agents_doors_hallway,,0,doors_hallway/nav2/metrics_steps_nav2_agents_doors_hallway_0.csv,True,33.1,4.920197379824318
doors_hallway,nav2,nav2,doors_hallway,agents_doors_hallway,,0,doors_hallway/nav2/metrics_steps_nav2_agents_doors_hallway_0.csv,True,33.2,4.920183087519306
doors_hallway,nav2,nav2,doors_hallway,agents_doors_hallway,,0,doors_hallway/nav2/metrics_steps_nav2_agents_doors_hallway_0.csv,True,33.3,4.920168928528436
doors_hallway,nav2,nav2,doors_hallway,agents_doors_hallway,,0,doors_hallway/nav2/metrics_steps_nav2_agents_doors_hallway_0.csv,True,33.4,4.920155219697142
doors_hallway,nav2,nav2,doors_hallway,agents_doors_hallway,,0,doors_hallway/nav2/metrics_steps_nav2_agents_doors_hallway_0.csv,True,33.5,4.920141735300599
doors_hallway,nav2,nav2,doors_hallway,agents_doors_hallway,,0,doors_hallway/nav2/metrics_steps_nav2_agents_doors_hallway_0.csv,True,33.6,4.920128143139184
doors_hallway,nav2,nav2,doors_hallway,agents_doors_hallway,,0,doors_hallway/nav2/metrics_steps_nav2_agents_doors_hallway_0.csv,True,33.7,4.920114472537161
doors_hallway,nav2,nav2,doors_hallway,agents_doors_hallway,,0,doors_hallway/nav2/metrics_steps_nav2_agents_doors_hallway_0.csv,True,33.8,4.920101236937544
doors_hallway,nav2,nav2,doors_hallway,agents_doors_hallway,,0,doors_hallway/nav2/metrics_steps_nav2_agents_doors_hallway_0.csv,True,33.9,4.920088375694488
doors_hallway,nav2,nav2,doors_hallway,agents_doors_hallway,,0,doors_hallway/nav2/metrics_steps_nav2_agents_doors_hallway_0.csv,True,34.0,4.920074783948672
doors_hallway,nav2,nav2,doors_hallway,agents_doors_hallway,,0,doors_hallway/nav2/metrics_steps_nav2_agents_doors_hallway_0.csv,True,34.1,4.920062046602651
doors_hallway,nav2,nav2,doors_hallway,agents_doors_hallway,,0,doors_hallway/nav2/metrics_steps_nav2_agents_doors_hallway_0.csv,True,34.2,4.799264221466056
doors_hallway,nav2,nav2,doors_hallway,agents_doors_hallway,,0,doors_hallway/nav2/metrics_steps_nav2_agents_doors_hallway_0.csv,True,34.3,4.660218001491198
doors_hallway,nav2,nav2,doors_hallway,agents_doors_hallway,,0,doors_hallway/nav2/metrics_steps_nav2_agents_doors_hallway_0.csv,True,34.4,4.521781241929789
doors_hallway,nav2,nav2,doors_hallway,agents_doors_hallway,,0,doors_hallway/nav2/metrics_steps_nav2_agents_doors_hallway_0.csv,True,34.5,4.384001223673574
doors_hallway,nav2,nav2,doors_hallway,agents_doors_hallway,,0,doors_hallway/nav2/metrics_steps_nav2_agents_doors_hallway_0.csv,True,34.6,4.246930006500245
doors_hallway,nav2,nav2,doors_hallway,agents_doors_hallway,,0,doors_hallway/nav2/metrics_steps_nav2_agents_doors_hallway_0.csv,True,34.7,4.11062317080461
doors_hallway,nav2,nav2,doors_hallway,agents_doors_hallway,,0,doors_hallway/nav2/metrics_steps_nav2_agents_doors_hallway_0.csv,True,34.8,3.975141639912647
doors_hallway,nav2,nav2,doors_hallway,agents_doors_hallway,,0,doors_hallway/nav2/metrics_steps_nav2_agents_doors_hallway_0.csv,True,34.9,3.8405525489237897
doors_hallway,nav2,nav2,doors_hallway,agents_doors_hallway,,0,doors_hallway/nav2/metrics_steps_nav2_agents_doors_hallway_0.csv,True,35.0,3.706930574985813
doors_hallway,nav2,nav2,doors_hallway,agents_doors_hallway,,0,doors_hallway/nav2/metrics_steps_nav2_agents_doors_hallway_0.csv,True,35.1,3.574358777938915
doors_hallway,nav2,nav2,doors_hallway,agents_doors_hallway,,0,doors_hallway/nav2/metrics_steps_nav2_agents_doors_hallway_0.csv,True,35.2,3.442930562258412
doors_hallway,nav2,nav2,doors_hallway,agents_doors_hallway,,0,doors_hallway/nav2/metrics_steps_nav2_agents_doors_hallway_0.csv,True,35.3,3.3127503675899077
doors_hallway,nav2,nav2,doors_hallway,agents_doors_hallway,,0,doors_hallway/nav2/metrics_steps_nav2_agents_doors_hallway_0.csv,True,35.4,3.1839356882163963
doors_hallway,nav2,nav2,doors_hallway,agents_doors_hallway,,0,doors_hallway/nav2/metrics_steps_nav2_agents_doors_hallway_0.csv,True,35.5,3.0566187580163096
doors_hallway,nav2,nav2,doors_hallway,agents_doors_hallway,,0,doors_hallway/nav2/metrics_steps_nav2_agents_doors_hallway_0.csv,True,35.6,2.9309488623073934
doors_hallway,nav2,nav2,doors_hallway,agents_doors_hallway,,0,doors_hallway/nav2/metrics_steps_nav2_agents_doors_hallway_0.csv,True,35.7,2.8070949129799674
doors_hallway,nav2,nav2,doors_hallway,agents_doors_hallway,,0,doors_hallway/nav2/metrics_steps_nav2_agents_doors_hallway_0.csv,True,35.8,2.685248127356169
doors_hallway,nav2,nav2,doors_hallway,agents_doors_hallway,,0,doors_hallway/nav2/metrics_steps_nav2_agents_doors_hallway_0.csv,True,35.9,2.565625278682268
doors_hallway,nav2,nav2,doors_hallway,agents_doors_hallway,,0,doors_hallway/nav2/metrics_steps_nav2_agents_doors_hallway_0.csv,True,36.0,2.4484719633731054
doors_hallway,nav2,nav2,doors_hallway,agents_doors_hallway,,0,doors_hallway/nav2/metrics_steps_nav2_agents_doors_hallway_0.csv,True,36.1,2.334077853197728
doors_hallway,nav2,nav2,doors_hallway,agents_doors_hallway,,0,doors_hallway/nav2/metrics_steps_nav2_agents_doors_hallway_0.csv,True,36.2,2.2227714010799198
doors_hallway,nav2,nav2,doors_hallway,agents_doors_hallway,,0,doors_hallway/nav2/metrics_steps_nav2_agents_doors_hallway_0.csv,True,36.3,2.114901140956148
doors_hallway,nav2,nav2,doors_hallway,agents_doors_hallway,,0,doors_hallway/nav2/metrics_steps_nav2_agents_doors_hallway_0.csv,True,36.4,2.0108602339897983
doors_hallway,nav2,nav2,doors_hallway,agents_doors_hallway,,0,doors_hallway/nav2/metrics_steps_nav2_agents_doors_hallway_0.csv,True,36.5,1.911091545542138
doors_hallway,nav2,nav2,doors_hallway,agents_doors_hallway,,0,doors_hallway/nav2/metrics_steps_nav2_agents_doors_hallway_0.csv,True,36.6,1.8160915692973227
doors_hallway,nav2,nav2,doors_hallway,agents_doors_hallway,,0,doors_hallway/nav2/metrics_steps_nav2_agents_doors_hallway_0.csv,True,36.7,1.7264110651317424
doors_hallway,nav2,nav2,doors_hallway,agents_doors_hallway,,0,doors_hallway/nav2/metrics_steps_nav2_agents_doors_hallway_0.csv,True,36.8,1.6426493594709366
doors_hallway,nav2,nav2,doors_hallway,agents_doors_hallway,,0,doors_hallway/nav2/metrics_steps_nav2_agents_doors_hallway_0.csv,True,36.9,1.5654478195768418
doors_hallway,nav2,nav2,doors_hallway,agents_doors_hallway,,0,doors_hallway/nav2/metrics_steps_nav2_agents_doors_hallway_0.csv,True,37.0,1.4954842117623626
doors_hallway,nav2,nav2,doors_hallway,agents_doors_hallway,,0,doors_hallway/nav2/metrics_steps_nav2_agents_doors_hallway_0.csv,True,37.1,1.433459378004402
doors_hallway,nav2,nav2,doors_hallway,agents_doors_hallway,,0,doors_hallway/nav2/metrics_steps_nav2_agents_doors_hallway_0.csv,True,37.2,1.3800790242444592
doors_hallway,nav2,nav2,doors_hallway,agents_doors_hallway,,0,doors_hallway/nav2/metrics_steps_nav2_agents_doors_hallway_0.csv,True,37.3,1.3360238384716356
doors_hallway,nav2,nav2,doors_hallway,agents_doors_hallway,,0,doors_hallway/nav2/metrics_steps_nav2_agents_doors_hallway_0.csv,True,37.4,1.3019105260415142
doors_hallway,nav2,nav2,doors_hallway,agents_doors_hallway,,0,doors_hallway/nav2/metrics_steps_nav2_agents_doors_hallway_0.csv,True,37.5,1.2782497237752677
doors_hallway,nav2,nav2,doors_hallway,agents_doors_hallway,,0,doors_hallway/nav2/metrics_steps_nav2_agents_doors_hallway_0.csv,True,37.6,1.2654079595644323
doors_hallway,nav2,nav2,doors_hallway,agents_doors_hallway,,0,doors_hallway/nav2/metrics_steps_nav2_agents_doors_hallway_0.csv,True,37.7,1.2635809093254928
doors_hallway,nav2,nav2,doors_hallway,agents_doors_hallway,,0,doors_hallway/nav2/metrics_steps_nav2_agents_doors_hallway_0.csv,True,37.8,1.2727759815556745
doors_hallway,nav2,nav2,doors_hallway,agents_doors_hallway,,0,doors_hallway/nav2/metrics_steps_nav2_agents_doors_hallway_0.csv,True,37.9,1.2928098560483303
doors_hallway,nav2,nav2,doors_hallway,agents_doors_hallway,,0,doors_hallway/nav2/metrics_steps_nav2_agents_doors_hallway_0.csv,True,38.0,1.3233261710838031
doors_hallway,nav2,nav2,doors_hallway,agents_doors_hallway,,0,doors_hallway/nav2/metrics_steps_nav2_agents_doors_hallway_0.csv,True,38.1,1.3638270983342689
doors_hallway,nav2,nav2,doors_hallway,agents_doors_hallway,,0,doors_hallway/nav2/metrics_steps_nav2_agents_doors_hallway_0.csv,True,38.2,1.4137141114341123
doors_hallway,nav2,nav2,doors_hallway,agents_doors_hallway,,0,doors_hallway/nav2/metrics_steps_nav2_agents_doors_hallway_0.csv,True,38.3,1.472326331698787
doors_hallway,nav2,nav2,doors_hallway,agents_doors_hallway,,0,doors_hallway/nav2/metrics_steps_nav2_agents_doors_hallway_0.csv,True,38.4,1.5389741507550665
doors_hallway,nav2,nav2,doors_hallway,agents_doors_hallway,,0,doors_hallway/nav2/metrics_steps_nav2_agents_doors_hallway_0.csv,True,38.5,1.6129659107228158
doors_hallway,nav2,nav2,doors_hallway,agents_doors_hallway,,0,doors_hallway/nav2/metrics_steps_nav2_agents_doors_hallway_0.csv,True,38.6,1.69362756138182
doors_hallway,nav2,nav2,doors_hallway,agents_doors_hallway,,0,doors_hallway/nav2/metrics_steps_nav2_agents_doors_hallway_0.csv,True,38.7,1.7803161606368678
doors_hallway,nav2,nav2,doors_hallway,agents_doors_hallway,,0,doors_hallway/nav2/metrics_steps_nav2_agents_doors_hallway_0.csv,True,38.8,1.8724291710636296
doors_hallway,nav2,nav2,doors_hallway,agents_doors_hallway,,0,doors_hallway/nav2/metrics_steps_nav2_agents_doors_hallway_0.csv,True,38.9,1.9694093032717244
doors_hallway,nav2,nav2,doors_hallway,agents_doors_hallway,,0,doors_hallway/nav2/metrics_steps_nav2_agents_doors_hallway_0.csv,True,39.0,2.070747687305724
doors_hallway,nav2,nav2,doors_hallway,agents_doors_hallway,,0,doors_hallway/nav2/metrics_steps_nav2_agents_doors_hallway_0.csv,True,39.1,2.175984823616796
doors_hallway,nav2,nav2,doors_hallway,agents_doors_hallway,,0,doors_hallway/nav2/metrics_steps_nav2_agents_doors_hallway_0.csv,True,39.2,2.2847100731488093
doors_hallway,nav2,nav2,doors_hallway,agents_doors_hallway,,0,doors_hallway/nav2/metrics_steps_nav2_agents_doors_hallway_0.csv,True,39.3,2.3965603145095065
doors_hallway,nav2,nav2,doors_hallway,agents_doors_hallway,,0,doors_hallway/nav2/metrics_steps_nav2_agents_doors_hallway_0.csv,True,39.4,2.5112189533334384
doors_hallway,nav2,nav2,doors_hallway,agents_doors_hallway,,0,doors_hallway/nav2/metrics_steps_nav2_agents_doors_hallway_0.csv,True,39.5,2.628412361647053
doors_hallway,nav2,nav2,doors_hallway,agents_doors_hallway,,0,doors_hallway/nav2/metrics_steps_nav2_agents_doors_hallway_0.csv,True,39.6,2.7479032271719457
doors_hallway,nav2,nav2,doors_hallway,agents_doors_hallway,,0,doors_hallway/nav2/metrics_steps_nav2_agents_doors_hallway_0.csv,True,39.7,2.86948034416345
doors_hallway,nav2,nav2,doors_hallway,agents_doors_hallway,,0,doors_hallway/nav2/metrics_steps_nav2_agents_doors_hallway_0.csv,True,39.8,2.992945484066317
doors_hallway,nav2,nav2,doors_hallway,agents_doors_hallway,,0,doors_hallway/nav2/metrics_steps_nav2_agents_doors_hallway_0.csv,True,39.9,3.1037166762925694
doors_hallway,nav2,nav2,doors_hallway,agents_doors_hallway,,0,doors_hallway/nav2/metrics_steps_nav2_agents_doors_hallway_0.csv,True,40.0,2.994393581817976
doors_hallway,nav2,nav2,doors_hallway,agents_doors_hallway,,0,doors_hallway/nav2/metrics_steps_nav2_agents_doors_hallway_0.csv,True,40.1,2.8878788362228063
doors_hallway,nav2,nav2,doors_hallway,agents_doors_hallway,,0,doors_hallway/nav2/metrics_steps_nav2_agents_doors_hallway_0.csv,True,40.2,2.78444328602902
doors_hallway,nav2,nav2,doors_hallway,agents_doors_hallway,,0,doors_hallway/nav2/metrics_steps_nav2_agents_doors_hallway_0.csv,True,40.3,2.684377345722935
doors_hallway,nav2,nav2,doors_hallway,agents_doors_hallway,,0,doors_hallway/nav2/metrics_steps_nav2_agents_doors_hallway_0.csv,True,40.4,2.587994954905558
doors_hallway,nav2,nav2,doors_hallway,agents_doors_hallway,,0,doors_hallway/nav2/metrics_steps_nav2_agents_doors_hallway_0.csv,True,40.5,2.495631543049473
doors_hallway,nav2,nav2,doors_hallway,agents_doors_hallway,,0,doors_hallway/nav2/metrics_steps_nav2_agents_doors_hallway_0.csv,True,40.6,2.407640142824752
doors_hallway,nav2,nav2,doors_hallway,agents_doors_hallway,,0,doors_hallway/nav2/metrics_steps_nav2_agents_doors_hallway_0.csv,True,40.7,2.3243981180802677
doors_hallway,nav2,nav2,doors_hallway,agents_doors_hallway,,0,doors_hallway/nav2/metrics_steps_nav2_agents_doors_hallway_0.csv,True,40.8,2.246303762058693
doors_hallway,nav2,nav2,doors_hallway,agents_doors_hallway,,0,doors_hallway/nav2/metrics_steps_nav2_agents_doors_hallway_0.csv,True,40.9,2.1737715421931845
doors_hallway,nav2,nav2,doors_hallway,agents_doors_hallway,,0,doors_hallway/nav2/metrics_steps_nav2_agents_doors_hallway_0.csv,True,41.0,2.107227764748424
doors_hallway,nav2,nav2,doors_hallway,agents_doors_hallway,,0,doors_hallway/nav2/metrics_steps_nav2_agents_doors_hallway_0.csv,True,41.1,2.047103047450529
doors_hallway,nav2,nav2,doors_hallway,agents_doors_hallway,,0,doors_hallway/nav2/metrics_steps_nav2_agents_doors_hallway_0.csv,True,41.2,1.9938241568483013
doors_hallway,nav2,nav2,doors_hallway,agents_doors_hallway,,0,doors_hallway/nav2/metrics_steps_nav2_agents_doors_hallway_0.csv,True,41.3,1.9478015920393887
doors_hallway,nav2,nav2,doors_hallway,agents_doors_hallway,,0,doors_hallway/nav2/metrics_steps_nav2_agents_doors_hallway_0.csv,True,41.4,1.909418253738984
doors_hallway,nav2,nav2,doors_hallway,agents_doors_hallway,,0,doors_hallway/nav2/metrics_steps_nav2_agents_doors_hallway_0.csv,True,41.5,1.8790152735012744
doors_hallway,nav2,nav2,doors_hallway,agents_doors_hallway,,0,doors_hallway/nav2/metrics_steps_nav2_agents_doors_hallway_0.csv,True,41.6,1.8568809993094249
doors_hallway,nav2,nav2,doors_hallway,agents_doors_hallway,,0,doors_hallway/nav2/metrics_steps_nav2_agents_doors_hallway_0.csv,True,41.7,1.8432456935202368
doors_hallway,nav2,nav2,doors_hallway,agents_doors_hallway,,0,doors_hallway/nav2/metrics_steps_nav2_agents_doors_hallway_0.csv,True,41.8,1.8382928813526824
doors_hallway,nav2,nav2,doors_hallway,agents_doors_hallway,,0,doors_hallway/nav2/metrics_steps_nav2_agents_doors_hallway_0.csv,True,41.9,1.842162667962289
doors_hallway,nav2,nav2,doors_hallway,agents_doors_hallway,,0,doors_hallway/nav2/metrics_steps_nav2_agents_doors_hallway_0.csv,True,42.0,1.8548701810686
doors_hallway,nav2,nav2,doors_hallway,agents_doors_hallway,,0,doors_hallway/nav2/metrics_steps_nav2_agents_doors_hallway_0.csv,True,42.1,1.8762481090532368
doors_hallway,nav2,nav2,doors_hallway,agents_doors_hallway,,0,doors_hallway/nav2/metrics_steps_nav2_agents_doors_hallway_0.csv,True,42.2,1.9060020713701464
doors_hallway,nav2,nav2,doors_hallway,agents_doors_hallway,,0,doors_hallway/nav2/metrics_steps_nav2_agents_doors_hallway_0.csv,True,42.3,1.9437561430969896
doors_hallway,nav2,nav2,doors_hallway,agents_doors_hallway,,0,doors_hallway/nav2/metrics_steps_nav2_agents_doors_hallway_0.csv,True,42.4,1.9890589755543455
doors_hallway,nav2,nav2,doors_hallway,agents_doors_hallway,,0,doors_hallway/nav2/metrics_steps_nav2_agents_doors_hallway_0.csv,True,42.5,2.041529044001932
doors_hallway,nav2,nav2,doors_hallway,agents_doors_hallway,,0,doors_hallway/nav2/metrics_steps_nav2_agents_doors_hallway_0.csv,True,42.6,2.101448992566097
doors_hallway,nav2,nav2,doors_hallway,agents_doors_hallway,,0,doors_hallway/nav2/metrics_steps_nav2_agents_doors_hallway_0.csv,True,42.7,2.1686212005869594
doors_hallway,nav2,nav2,doors_hallway,agents_doors_hallway,,0,doors_hallway/nav2/metrics_steps_nav2_agents_doors_hallway_0.csv,True,42.8,2.242433555246673
doors_hallway,nav2,nav2,doors_hallway,agents_doors_hallway,,0,doors_hallway/nav2/metrics_steps_nav2_agents_doors_hallway_0.csv,True,42.9,2.3222119390403053
doors_hallway,nav2,nav2,doors_hallway,agents_doors_hallway,,0,doors_hallway/nav2/metrics_steps_nav2_agents_doors_hallway_0.csv,True,43.0,2.407343532852727
doors_hallway,nav2,nav2,doors_hallway,agents_doors_hallway,,0,doors_hallway/nav2/metrics_steps_nav2_agents_doors_hallway_0.csv,True,43.1,2.497297324266938
doors_hallway,nav2,nav2,doors_hallway,agents_doors_hallway,,0,doors_hallway/nav2/metrics_steps_nav2_agents_doors_hallway_0.csv,True,43.2,2.591608194497124
doors_hallway,nav2,nav2,doors_hallway,agents_doors_hallway,,0,doors_hallway/nav2/metrics_steps_nav2_agents_doors_hallway_0.csv,True,43.3,2.689850602313596
doors_hallway,nav2,nav2,doors_hallway,agents_doors_hallway,,0,doors_hallway/nav2/metrics_steps_nav2_agents_doors_hallway_0.csv,True,43.4,2.791614104754846
doors_hallway,nav2,nav2,doors_hallway,agents_doors_hallway,,0,doors_hallway/nav2/metrics_steps_nav2_agents_doors_hallway_0.csv,True,43.5,2.896478380954897
doors_hallway,nav2,nav2,doors_hallway,agents_doors_hallway,,0,doors_hallway/nav2/metrics_steps_nav2_agents_doors_hallway_0.csv,True,43.6,3.003989056192606
doors_hallway,nav2,nav2,doors_hallway,agents_doors_hallway,,0,doors_hallway/nav2/metrics_steps_nav2_agents_doors_hallway_0.csv,True,43.7,3.1136096531567907
doors_hallway,nav2,nav2,doors_hallway,agents_doors_hallway,,0,doors_hallway/nav2/metrics_steps_nav2_agents_doors_hallway_0.csv,True,43.8,3.224561137285033
doors_hallway,nav2,nav2,doors_hallway,agents_doors_hallway,,0,doors_hallway/nav2/metrics_steps_nav2_agents_doors_hallway_0.csv,True,43.9,3.335175545487361
doors_hallway,nav2,nav2,doors_hallway,agents_doors_hallway,,0,doors_hallway/nav2/metrics_steps_nav2_agents_doors_hallway_0.csv,True,44.0,3.4406777341543817
doors_hallway,nav2,nav2,doors_hallway,agents_doors_hallway,,0,doors_hallway/nav2/metrics_steps_nav2_agents_doors_hallway_0.csv,True,44.1,3.5264384981533814
doors_hallway,nav2,nav2,doors_hallway,agents_doors_hallway,,0,doors_hallway/nav2/metrics_steps_nav2_agents_doors_hallway_0.csv,True,44.2,3.580804239713875
doors_hallway,nav2,nav2,doors_hallway,agents_doors_hallway,,0,doors_hallway/nav2/metrics_steps_nav2_agents_doors_hallway_0.csv,True,44.3,3.652734104484869
doors_hallway,nav2,nav2,doors_hallway,agents_doors_hallway,,0,doors_hallway/nav2/metrics_steps_nav2_agents_doors_hallway_0.csv,True,44.4,3.6145103234693794
doors_hallway,nav2,nav2,doors_hallway,agents_doors_hallway,,0,doors_hallway/nav2/metrics_steps_nav2_agents_doors_hallway_0.csv,True,44.5,3.517694282418589
doors_hallway,nav2,nav2,doors_hallway,agents_doors_hallway,,0,doors_hallway/nav2/metrics_steps_nav2_agents_doors_hallway_0.csv,True,44.6,3.4057350949902183
doors_hallway,nav2,nav2,doors_hallway,agents_doors_hallway,,0,doors_hallway/nav2/metrics_steps_nav2_agents_doors_hallway_0.csv,True,44.7,3.285635939754467
doors_hallway,nav2,nav2,doors_hallway,agents_doors_hallway,,0,doors_hallway/nav2/metrics_steps_nav2_agents_doors_hallway_0.csv,True,44.8,3.161437826404424
doors_hallway,nav2,nav2,doors_hallway,agents_doors_hallway,,0,doors_hallway/nav2/metrics_steps_nav2_agents_doors_hallway_0.csv,True,44.9,3.035204686271739
doors_hallway,nav2,nav2,doors_hallway,agents_doors_hallway,,0,doors_hallway/nav2/metrics_steps_nav2_agents_doors_hallway_0.csv,True,45.0,2.9081095689086625
doors_hallway,nav2,nav2,doors_hallway,agents_doors_hallway,,0,doors_hallway/nav2/metrics_steps_nav2_agents_doors_hallway_0.csv,True,45.1,2.780855202177928
doors_hallway,nav2,nav2,doors_hallway,agents_doors_hallway,,0,doors_hallway/nav2/metrics_steps_nav2_agents_doors_hallway_0.csv,True,45.2,2.654121836484811
doors_hallway,nav2,nav2,doors_hallway,agents_doors_hallway,,0,doors_hallway/nav2/metrics_steps_nav2_agents_doors_hallway_0.csv,True,45.3,2.5286188756038634
doors_hallway,nav2,nav2,doors_hallway,agents_doors_hallway,,0,doors_hallway/nav2/metrics_steps_nav2_agents_doors_hallway_0.csv,True,45.4,2.4049268804551804
doors_hallway,nav2,nav2,doors_hallway,agents_doors_hallway,,0,doors_hallway/nav2/metrics_steps_nav2_agents_doors_hallway_0.csv,True,45.5,2.28346976467588
doors_hallway,nav2,nav2,doors_hallway,agents_doors_hallway,,0,doors_hallway/nav2/metrics_steps_nav2_agents_doors_hallway_0.csv,True,45.6,2.164586602626729
doors_hallway,nav2,nav2,doors_hallway,agents_doors_hallway,,0,doors_hallway/nav2/metrics_steps_nav2_agents_doors_hallway_0.csv,True,45.7,2.0486063901567277
doors_hallway,nav2,nav2,doors_hallway,agents_doors_hallway,,0,doors_hallway/nav2/metrics_steps_nav2_agents_doors_hallway_0.csv,True,45.8,1.935889067360181
doors_hallway,nav2,nav2,doors_hallway,agents_doors_hallway,,0,doors_hallway/nav2/metrics_steps_nav2_agents_doors_hallway_0.csv,True,45.9,1.8268478014374363
doors_hallway,nav2,nav2,doors_hallway,agents_doors_hallway,,0,doors_hallway/nav2/metrics_steps_nav2_agents_doors_hallway_0.csv,True,46.0,1.7219601810527307
doors_hallway,nav2,nav2,doors_hallway,agents_doors_hallway,,0,doors_hallway/nav2/metrics_steps_nav2_agents_doors_hallway_0.csv,True,46.1,1.621787390840031
doors_hallway,nav2,nav2,doors_hallway,agents_doors_hallway,,0,doors_hallway/nav2/metrics_steps_nav2_agents_doors_hallway_0.csv,True,46.2,1.5269618251395711
doors_hallway,nav2,nav2,doors_hallway,agents_doors_hallway,,0,doors_hallway/nav2/metrics_steps_nav2_agents_doors_hallway_0.csv,True,46.3,1.4381798818371907
doors_hallway,nav2,nav2,doors_hallway,agents_doors_hallway,,0,doors_hallway/nav2/metrics_steps_nav2_agents_doors_hallway_0.csv,True,46.4,1.356240361892083
doors_hallway,nav2,nav2,doors_hallway,agents_doors_hallway,,0,doors_hallway/nav2/metrics_steps_nav2_agents_doors_hallway_0.csv,True,46.5,1.282021209526866
doors_hallway,nav2,nav2,doors_hallway,agents_doors_hallway,,0,doors_hallway/nav2/metrics_steps_nav2_agents_doors_hallway_0.csv,True,46.6,1.216456049095424
doors_hallway,nav2,nav2,doors_hallway,agents_doors_hallway,,0,doors_hallway/nav2/metrics_steps_nav2_agents_doors_hallway_0.csv,True,46.7,1.160500098832529
doors_hallway,nav2,nav2,doors_hallway,agents_doors_hallway,,0,doors_hallway/nav2/metrics_steps_nav2_agents_doors_hallway_0.csv,True,46.8,1.1150789476726637
doors_hallway,nav2,nav2,doors_hallway,agents_doors_hallway,,0,doors_hallway/nav2/metrics_steps_nav2_agents_doors_hallway_0.csv,True,46.9,1.0810215584530647
doors_hallway,nav2,nav2,doors_hallway,agents_doors_hallway,,0,doors_hallway/nav2/metrics_steps_nav2_agents_doors_hallway_0.csv,True,47.0,1.0589882879020138
doors_hallway,nav2,nav2,doors_hallway,agents_doors_hallway,,0,doors_hallway/nav2/metrics_steps_nav2_agents_doors_hallway_0.csv,True,47.1,1.0494036206900894
doors_hallway,nav2,nav2,doors_hallway,agents_doors_hallway,,0,doors_hallway/nav2/metrics_steps_nav2_agents_doors_hallway_0.csv,True,47.2,1.0524142961682104
doors_hallway,nav2,nav2,doors_hallway,agents_doors_hallway,,0,doors_hallway/nav2/metrics_steps_nav2_agents_doors_hallway_0.csv,True,47.3,1.0678877857168352
doors_hallway,nav2,nav2,doors_hallway,agents_doors_hallway,,0,doors_hallway/nav2/metrics_steps_nav2_agents_doors_hallway_0.csv,True,47.4,1.0954333556765767
doors_hallway,nav2,nav2,doors_hallway,agents_doors_hallway,,0,doors_hallway/nav2/metrics_steps_nav2_agents_doors_hallway_0.csv,True,47.5,1.1344118715378628
doors_hallway,nav2,nav2,doors_hallway,agents_doors_hallway,,0,doors_hallway/nav2/metrics_steps_nav2_agents_doors_hallway_0.csv,True,47.6,1.1840259320896165
doors_hallway,nav2,nav2,doors_hallway,agents_doors_hallway,,0,doors_hallway/nav2/metrics_steps_nav2_agents_doors_hallway_0.csv,True,47.7,1.2434036555339114
doors_hallway,nav2,nav2,doors_hallway,agents_doors_hallway,,0,doors_hallway/nav2/metrics_steps_nav2_agents_doors_hallway_0.csv,True,47.8,1.311658807969312
doors_hallway,nav2,nav2,doors_hallway,agents_doors_hallway,,0,doors_hallway/nav2/metrics_steps_nav2_agents_doors_hallway_0.csv,True,47.9,1.3879328241511368
doors_hallway,nav2,nav2,doors_hallway,agents_doors_hallway,,0,doors_hallway/nav2/metrics_steps_nav2_agents_doors_hallway_0.csv,True,48.0,1.471417691623735
doors_hallway,nav2,nav2,doors_hallway,agents_doors_hallway,,0,doors_hallway/nav2/metrics_steps_nav2_agents_doors_hallway_0.csv,True,48.1,1.5613652285695463
doors_hallway,nav2,nav2,doors_hallway,agents_doors_hallway,,0,doors_hallway/nav2/metrics_steps_nav2_agents_doors_hallway_0.csv,True,48.2,1.6570906456035313
doors_hallway,nav2,nav2,doors_hallway,agents_doors_hallway,,0,doors_hallway/nav2/metrics_steps_nav2_agents_doors_hallway_0.csv,True,48.3,1.7579710934424877
doors_hallway,nav2,nav2,doors_hallway,agents_doors_hallway,,0,doors_hallway/nav2/metrics_steps_nav2_agents_doors_hallway_0.csv,True,48.4,1.8634441273544533
doors_hallway,nav2,nav2,doors_hallway,agents_doors_hallway,,0,doors_hallway/nav2/metrics_steps_nav2_agents_doors_hallway_0.csv,True,48.5,1.9730044122167936
doors_hallway,nav2,nav2,doors_hallway,agents_doors_hallway,,0,doors_hallway/nav2/metrics_steps_nav2_agents_doors_hallway_0.csv,True,48.6,2.0862007241323197
doors_hallway,nav2,nav2,doors_hallway,agents_doors_hallway,,0,doors_hallway/nav2/metrics_steps_nav2_agents_doors_hallway_0.csv,True,48.7,2.202631520836412
doors_hallway,nav2,nav2,doors_hallway,agents_doors_hallway,,0,doors_hallway/nav2/metrics_steps_nav2_agents_doors_hallway_0.csv,True,48.8,2.321941354766493
doors_hallway,nav2,nav2,doors_hallway,agents_doors_hallway,,0,doors_hallway/nav2/metrics_steps_nav2_agents_doors_hallway_0.csv,True,48.9,2.443816600836706
doors_hallway,nav2,nav2,doors_hallway,agents_doors_hallway,,0,doors_hallway/nav2/metrics_steps_nav2_agents_doors_hallway_0.csv,True,49.0,2.567980737480983
doors_hallway,nav2,nav2,doors_hallway,agents_doors_hallway,,0,doors_hallway/nav2/metrics_steps_nav2_agents_doors_hallway_0.csv,True,49.1,2.694190590431313
doors_hallway,nav2,nav2,doors_hallway,agents_doors_hallway,,0,doors_hallway/nav2/metrics_steps_nav2_agents_doors_hallway_0.csv,True,49.2,2.8222325236498014
doors_hallway,nav2,nav2,doors_hallway,agents_doors_hallway,,0,doors_hallway/nav2/metrics_steps_nav2_agents_doors_hallway_0.csv,True,49.3,2.951918391003619
doors_hallway,nav2,nav2,doors_hallway,agents_doors_hallway,,0,doors_hallway/nav2/metrics_steps_nav2_agents_doors_hallway_0.csv,True,49.4,2.83922576803258
doors_hallway,nav2,nav2,doors_hallway,agents_doors_hallway,,0,doors_hallway/nav2/metrics_steps_nav2_agents_doors_hallway_0.csv,True,49.5,2.713563673854331
doors_hallway,nav2,nav2,doors_hallway,agents_doors_hallway,,0,doors_hallway/nav2/metrics_steps_nav2_agents_doors_hallway_0.csv,True,49.6,2.589814665687181
doors_hallway,nav2,nav2,doors_hallway,agents_doors_hallway,,0,doors_hallway/nav2/metrics_steps_nav2_agents_doors_hallway_0.csv,True,49.7,2.46819336696128
doors_hallway,nav2,nav2,doors_hallway,agents_doors_hallway,,0,doors_hallway/nav2/metrics_steps_nav2_agents_doors_hallway_0.csv,True,49.8,2.3489449857516003
doors_hallway,nav2,nav2,doors_hallway,agents_doors_hallway,,0,doors_hallway/nav2/metrics_steps_nav2_agents_doors_hallway_0.csv,True,49.9,2.232352335003298
doors_hallway,nav2,nav2,doors_hallway,agents_doors_hallway,,0,doors_hallway/nav2/metrics_steps_nav2_agents_doors_hallway_0.csv,True,50.0,2.1187615496488164
doors_hallway,nav2,nav2,doors_hallway,agents_doors_hallway,,0,doors_hallway/nav2/metrics_steps_nav2_agents_doors_hallway_0.csv,True,50.1,2.008539814236356
doors_hallway,nav2,nav2,doors_hallway,agents_doors_hallway,,0,doors_hallway/nav2/metrics_steps_nav2_agents_doors_hallway_0.csv,True,50.2,1.902092927411258
doors_hallway,nav2,nav2,doors_hallway,agents_doors_hallway,,0,doors_hallway/nav2/metrics_steps_nav2_agents_doors_hallway_0.csv,True,50.3,1.7998848430280554
doors_hallway,nav2,nav2,doors_hallway,agents_doors_hallway,,0,doors_hallway/nav2/metrics_steps_nav2_agents_doors_hallway_0.csv,True,50.4,1.702473305806592
doors_hallway,nav2,nav2,doors_hallway,agents_doors_hallway,,0,doors_hallway/nav2/metrics_steps_nav2_agents_doors_hallway_0.csv,True,50.5,1.610322629734402
doors_hallway,nav2,nav2,doors_hallway,agents_doors_hallway,,0,doors_hallway/nav2/metrics_steps_nav2_agents_doors_hallway_0.csv,True,50.6,1.524111215932551
doors_hallway,nav2,nav2,doors_hallway,agents_doors_hallway,,0,doors_hallway/nav2/metrics_steps_nav2_agents_doors_hallway_0.csv,True,50.7,1.4446324366931926
doors_hallway,nav2,nav2,doors_hallway,agents_doors_hallway,,0,doors_hallway/nav2/metrics_steps_nav2_agents_doors_hallway_0.csv,True,50.8,1.3727138758078905
doors_hallway,nav2,nav2,doors_hallway,agents_doors_hallway,,0,doors_hallway/nav2/metrics_steps_nav2_agents_doors_hallway_0.csv,True,50.9,1.3092036675385803
doors_hallway,nav2,nav2,doors_hallway,agents_doors_hallway,,0,doors_hallway/nav2/metrics_steps_nav2_agents_doors_hallway_0.csv,True,51.0,1.254949860879031
doors_hallway,nav2,nav2,doors_hallway,agents_doors_hallway,,0,doors_hallway/nav2/metrics_steps_nav2_agents_doors_hallway_0.csv,True,51.1,1.2107636752866744
doors_hallway,nav2,nav2,doors_hallway,agents_doors_hallway,,0,doors_hallway/nav2/metrics_steps_nav2_agents_doors_hallway_0.csv,True,51.2,1.1773687280998766
doors_hallway,nav2,nav2,doors_hallway,agents_doors_hallway,,0,doors_hallway/nav2/metrics_steps_nav2_agents_doors_hallway_0.csv,True,51.29,1.157025748336052
doors_hallway,nav2,nav2,doors_hallway,agents_doors_hallway,,0,doors_hallway/nav2/metrics_steps_nav2_agents_doors_hallway_0.csv,True,51.4,1.1450920207474702
doors_hallway,nav2,nav2,doors_hallway,agents_doors_hallway,,0,doors_hallway/nav2/metrics_steps_nav2_agents_doors_hallway_0.csv,True,51.49,1.1460621912334297
doors_hallway,nav2,nav2,doors_hallway,agents_doors_hallway,,0,doors_hallway/nav2/metrics_steps_nav2_agents_doors_hallway_0.csv,True,51.6,1.16030306584357
doors_hallway,nav2,nav2,doors_hallway,agents_doors_hallway,,0,doors_hallway/nav2/metrics_steps_nav2_agents_doors_hallway_0.csv,True,51.69,1.1823952970030855
doors_hallway,nav2,nav2,doors_hallway,agents_doors_hallway,,0,doors_hallway/nav2/metrics_steps_nav2_agents_doors_hallway_0.csv,True,51.79,1.217496361334298
doors_hallway,nav2,nav2,doors_hallway,agents_doors_hallway,,0,doors_hallway/nav2/metrics_steps_nav2_agents_doors_hallway_0.csv,True,51.89,1.263074915396191
doors_hallway,nav2,nav2,doors_hallway,agents_doors_hallway,,0,doors_hallway/nav2/metrics_steps_nav2_agents_doors_hallway_0.csv,True,51.99,1.3183855592711176
doors_hallway,nav2,nav2,doors_hallway,agents_doors_hallway,,0,doors_hallway/nav2/metrics_steps_nav2_agents_doors_hallway_0.csv,True,52.09,1.3826385287721754
doors_hallway,nav2,nav2,doors_hallway,agents_doors_hallway,,0,doors_hallway/nav2/metrics_steps_nav2_agents_doors_hallway_0.csv,True,52.19,1.455040795753292
doors_hallway,nav2,nav2,doors_hallway,agents_doors_hallway,,0,doors_hallway/nav2/metrics_steps_nav2_agents_doors_hallway_0.csv,True,52.29,1.5348236839863336
doors_hallway,nav2,nav2,doors_hallway,agents_doors_hallway,,0,doors_hallway/nav2/metrics_steps_nav2_agents_doors_hallway_0.csv,True,52.39,1.6212594732079162
doors_hallway,nav2,nav2,doors_hallway,agents_doors_hallway,,0,doors_hallway/nav2/metrics_steps_nav2_agents_doors_hallway_0.csv,True,52.49,1.7136705601594038
doors_hallway,nav2,nav2,doors_hallway,agents_doors_hallway,,0,doors_hallway/nav2/metrics_steps_nav2_agents_doors_hallway_0.csv,True,52.59,1.811433618980419
doors_hallway,nav2,nav2,doors_hallway,agents_doors_hallway,,0,doors_hallway/nav2/metrics_steps_nav2_agents_doors_hallway_0.csv,True,52.69,1.9139807120171648
doors_hallway,nav2,nav2,doors_hallway,agents_doors_hallway,,0,doors_hallway/nav2/metrics_steps_nav2_agents_doors_hallway_0.csv,True,52.79,2.02079859531678
doors_hallway,nav2,nav2,doors_hallway,agents_doors_hallway,,0,doors_hallway/nav2/metrics_steps_nav2_agents_doors_hallway_0.csv,True,52.89,2.1314265022624928
doors_hallway,nav2,nav2,doors_hallway,agents_doors_hallway,,0,doors_hallway/nav2/metrics_steps_nav2_agents_doors_hallway_0.csv,True,52.99,2.2454531338383714
doors_hallway,nav2,nav2,doors_hallway,agents_doors_hallway,,0,doors_hallway/nav2/metrics_steps_nav2_agents_doors_hallway_0.csv,True,53.09,2.362512795372357
doors_hallway,nav2,nav2,doors_hallway,agents_doors_hallway,,0,doors_hallway/nav2/metrics_steps_nav2_agents_doors_hallway_0.csv,True,53.19,2.4822815957220685
doors_hallway,nav2,nav2,doors_hallway,agents_doors_hallway,,0,doors_hallway/nav2/metrics_steps_nav2_agents_doors_hallway_0.csv,True,53.29,2.6044733174671717
doors_hallway,nav2,nav2,doors_hallway,agents_doors_hallway,,0,doors_hallway/nav2/metrics_steps_nav2_agents_doors_hallway_0.csv,True,53.39,2.728835385727148
doors_hallway,nav2,nav2,doors_hallway,agents_doors_hallway,,0,doors_hallway/nav2/metrics_steps_nav2_agents_doors_hallway_0.csv,True,53.49,2.8551450960607148
doors_hallway,nav2,nav2,doors_hallway,agents_doors_hallway,,0,doors_hallway/nav2/metrics_steps_nav2_agents_doors_hallway_0.csv,True,53.59,2.9832059623217564
doors_hallway,nav2,nav2,doors_hallway,agents_doors_hallway,,0,doors_hallway/nav2/metrics_steps_nav2_agents_doors_hallway_0.csv,True,53.69,2.8952956069883515
doors_hallway,nav2,nav2,doors_hallway,agents_doors_hallway,,0,doors_hallway/nav2/metrics_steps_nav2_agents_doors_hallway_0.csv,True,53.79,2.7815988778673155
doors_hallway,nav2,nav2,doors_hallway,agents_doors_hallway,,0,doors_hallway/nav2/metrics_steps_nav2_agents_doors_hallway_0.csv,True,53.89,2.670661034236593
doors_hallway,nav2,nav2,doors_hallway,agents_doors_hallway,,0,doors_hallway/nav2/metrics_steps_nav2_agents_doors_hallway_0.csv,True,53.99,2.562750841918758
doors_hallway,nav2,nav2,doors_hallway,agents_doors_hallway,,0,doors_hallway/nav2/metrics_steps_nav2_agents_doors_hallway_0.csv,True,54.09,2.458166427860685
doors_hallway,nav2,nav2,doors_hallway,agents_doors_hallway,,0,doors_hallway/nav2/metrics_steps_nav2_agents_doors_hallway_0.csv,True,54.19,2.357237600611528
doors_hallway,nav2,nav2,doors_hallway,agents_doors_hallway,,0,doors_hallway/nav2/metrics_steps_nav2_agents_doors_hallway_0.csv,True,54.29,2.260327802469056
doors_hallway,nav2,nav2,doors_hallway,agents_doors_hallway,,0,doors_hallway/nav2/metrics_steps_nav2_agents_doors_hallway_0.csv,True,54.39,2.167834940873246
doors_hallway,nav2,nav2,doors_hallway,agents_doors_hallway,,0,doors_hallway/nav2/metrics_steps_nav2_agents_doors_hallway_0.csv,True,54.49,2.080174757796428
doors_hallway,nav2,nav2,doors_hallway,agents_doors_hallway,,0,doors_hallway/nav2/metrics_steps_nav2_agents_doors_hallway_0.csv,True,54.59,1.997755376791728
doors_hallway,nav2,nav2,doors_hallway,agents_doors_hallway,,0,doors_hallway/nav2/metrics_steps_nav2_agents_doors_hallway_0.csv,True,54.69,1.92097709106054
doors_hallway,nav2,nav2,doors_hallway,agents_doors_hallway,,0,doors_hallway/nav2/metrics_steps_nav2_agents_doors_hallway_0.csv,True,54.79,1.8502714330211
doors_hallway,nav2,nav2,doors_hallway,agents_doors_hallway,,0,doors_hallway/nav2/metrics_steps_nav2_agents_doors_hallway_0.csv,True,54.89,1.7861232641466422
doors_hallway,nav2,nav2,doors_hallway,agents_doors_hallway,,0,doors_hallway/nav2/metrics_steps_nav2_agents_doors_hallway_0.csv,True,54.99,1.7296452648306846
doors_hallway,nav2,nav2,doors_hallway,agents_doors_hallway,,0,doors_hallway/nav2/metrics_steps_nav2_agents_doors_hallway_0.csv,True,55.09,1.681504006955572
doors_hallway,nav2,nav2,doors_hallway,agents_doors_hallway,,0,doors_hallway/nav2/metrics_steps_nav2_agents_doors_hallway_0.csv,True,55.19,1.6419763893421044
doors_hallway,nav2,nav2,doors_hallway,agents_doors_hallway,,0,doors_hallway/nav2/metrics_steps_nav2_agents_doors_hallway_0.csv,True,55.29,1.611331357740494
doors_hallway,nav2,nav2,doors_hallway,agents_doors_hallway,,0,doors_hallway/nav2/metrics_steps_nav2_agents_doors_hallway_0.csv,True,55.39,1.589794291956911
doors_hallway,nav2,nav2,doors_hallway,agents_doors_hallway,,0,doors_hallway/nav2/metrics_steps_nav2_agents_doors_hallway_0.csv,True,55.49,1.577518624693623
intersection_hallway,mcts,mcts,intersection_hallway,3_crossing,,0,intersection_hallway/mcts/metrics_steps_3_crossing_0.csv,True,0.0,7.432891645874973
intersection_hallway,mcts,mcts,intersection_hallway,3_crossing,,0,intersection_hallway/mcts/metrics_steps_3_crossing_0.csv,True,0.1,7.498242699636361
intersection_hallway,mcts,mcts,intersection_hallway,3_crossing,,0,intersection_hallway/mcts/metrics_steps_3_crossing_0.csv,True,0.2,7.620656182966234
intersection_hallway,mcts,mcts,intersection_hallway,3_crossing,,0,intersection_hallway/mcts/metrics_steps_3_crossing_0.csv,True,0.3,7.755381476528489
intersection_hallway,mcts,mcts,intersection_hallway,3_crossing,,0,intersection_hallway/mcts/metrics_steps_3_crossing_0.csv,True,0.4,7.881850025619418
intersection_hallway,mcts,mcts,intersection_hallway,3_crossing,,0,intersection_hallway/mcts/metrics_steps_3_crossing_0.csv,True,0.5,7.9870174842801696
intersection_hallway,mcts,mcts,intersection_hallway,3_crossing,,0,intersection_hallway/mcts/metrics_steps_3_crossing_0.csv,True,0.6,8.07229972027983
intersection_hallway,mcts,mcts,intersection_hallway,3_crossing,,0,intersection_hallway/mcts/metrics_steps_3_crossing_0.csv,True,0.7,8.144485210415713
intersection_hallway,mcts,mcts,intersection_hallway,3_crossing,,0,intersection_hallway/mcts/metrics_steps_3_crossing_0.csv,True,0.8,8.207824089925166
intersection_hallway,mcts,mcts,intersection_hallway,3_crossing,,0,intersection_hallway/mcts/metrics_steps_3_crossing_0.csv,True,0.9,8.265637989662357
intersection_hallway,mcts,mcts,intersection_hallway,3_crossing,,0,intersection_hallway/mcts/metrics_steps_3_crossing_0.csv,True,1.0,8.31367215690956
intersection_hallway,mcts,mcts,intersection_hallway,3_crossing,,0,intersection_hallway/mcts/metrics_steps_3_crossing_0.csv,True,1.1,8.353223620649281
intersection_hallway,mcts,mcts,intersection_hallway,3_crossing,,0,intersection_hallway/mcts/metrics_steps_3_crossing_0.csv,True,1.2,8.386949099418974
intersection_hallway,mcts,mcts,intersection_hallway,3_crossing,,0,intersection_hallway/mcts/metrics_steps_3_crossing_0.csv,True,1.3,8.413022282463617
intersection_hallway,mcts,mcts,intersection_hallway,3_crossing,,0,intersection_hallway/mcts/metrics_steps_3_crossing_0.csv,True,1.4,8.433827780065682
intersection_hallway,mcts,mcts,intersection_hallway,3_crossing,,0,intersection_hallway/mcts/metrics_steps_3_crossing_0.csv,True,1.5,8.457085370814177
intersection_hallway,mcts,mcts,intersection_hallway,3_crossing,,0,intersection_hallway/mcts/metrics_steps_3_crossing_0.csv,True,1.6,8.475375284772484
intersection_hallway,mcts,mcts,intersection_hallway,3_crossing,,0,intersection_hallway/mcts/metrics_steps_3_crossing_0.csv,True,1.7,8.484991169061987
intersection_hallway,mcts,mcts,intersection_hallway,3_crossing,,0,intersection_hallway/mcts/metrics_steps_3_crossing_0.csv,True,1.8,8.486250732006228
intersection_hallway,mcts,mcts,intersection_hallway,3_crossing,,0,intersection_hallway/mcts/metrics_steps_3_crossing_0.csv,True,1.9,8.483920791401156
intersection_hallway,mcts,mcts,intersection_hallway,3_crossing,,0,intersection_hallway/mcts/metrics_steps_3_crossing_0.csv,True,2.0,8.482115826771182
intersection_hallway,mcts,mcts,intersection_hallway,3_crossing,,0,intersection_hallway/mcts/metrics_steps_3_crossing_0.csv,True,2.1,8.48099341351896
intersection_hallway,mcts,mcts,intersection_hallway,3_crossing,,0,intersection_hallway/mcts/metrics_steps_3_crossing_0.csv,True,2.2,8.441608490173397
intersection_hallway,mcts,mcts,intersection_hallway,3_crossing,,0,intersection_hallway/mcts/metrics_steps_3_crossing_0.csv,True,2.3,8.440588456427987
intersection_hallway,mcts,mcts,intersection_hallway,3_crossing,,0,intersection_hallway/mcts/metrics_steps_3_crossing_0.csv,True,2.4,8.466480585148208
intersection_hallway,mcts,mcts,intersection_hallway,3_crossing,,0,intersection_hallway/mcts/metrics_steps_3_crossing_0.csv,True,2.5,8.511858161093675
intersection_hallway,mcts,mcts,intersection_hallway,3_crossing,,0,intersection_hallway/mcts/metrics_steps_3_crossing_0.csv,True,2.6,8.564899307075859
intersection_hallway,mcts,mcts,intersection_hallway,3_crossing,,0,intersection_hallway/mcts/metrics_steps_3_crossing_0.csv,True,2.7,8.603275099574613
intersection_hallway,mcts,mcts,intersection_hallway,3_crossing,,0,intersection_hallway/mcts/metrics_steps_3_crossing_0.csv,True,2.8,8.565295761802847
intersection_hallway,mcts,mcts,intersection_hallway,3_crossing,,0,intersection_hallway/mcts/metrics_steps_3_crossing_0.csv,True,2.9,8.404494329420764
intersection_hallway,mcts,mcts,intersection_hallway,3_crossing,,0,intersection_hallway/mcts/metrics_steps_3_crossing_0.csv,True,3.0,8.24263922892504
intersection_hallway,mcts,mcts,intersection_hallway,3_crossing,,0,intersection_hallway/mcts/metrics_steps_3_crossing_0.csv,True,3.1,8.081014432573463
intersection_hallway,mcts,mcts,intersection_hallway,3_crossing,,0,intersection_hallway/mcts/metrics_steps_3_crossing_0.csv,True,3.2,7.918447982721071
intersection_hallway,mcts,mcts,intersection_hallway,3_crossing,,0,intersection_hallway/mcts/metrics_steps_3_crossing_0.csv,True,3.3,7.754871181102375
intersection_hallway,mcts,mcts,intersection_hallway,3_crossing,,0,intersection_hallway/mcts/metrics_steps_3_crossing_0.csv,True,3.4,7.588551247239973
intersection_hallway,mcts,mcts,intersection_hallway,3_crossing,,0,intersection_hallway/mcts/metrics_steps_3_crossing_0.csv,True,3.5,7.418549764175498
intersection_hallway,mcts,mcts,intersection_hallway,3_crossing,,0,intersection_hallway/mcts/metrics_steps_3_crossing_0.csv,True,3.6,7.248446032320532
intersection_hallway,mcts,mcts,intersection_hallway,3_crossing,,0,intersection_hallway/mcts/metrics_steps_3_crossing_0.csv,True,3.7,7.080157200716414
intersection_hallway,mcts,mcts,intersection_hallway,3_crossing,,0,intersection_hallway/mcts/metrics_steps_3_crossing_0.csv,True,3.8,6.91307326056542
intersection_hallway,mcts,mcts,intersection_hallway,3_crossing,,0,intersection_hallway/mcts/metrics_steps_3_crossing_0.csv,True,3.9,6.751705850902804
intersection_hallway,mcts,mcts,intersection_hallway,3_crossing,,0,intersection_hallway/mcts/metrics_steps_3_crossing_0.csv,True,4.0,6.595242004341619
intersection_hallway,mcts,mcts,intersection_hallway,3_crossing,,0,intersection_hallway/mcts/metrics_steps_3_crossing_0.csv,True,4.1,6.435068017893262
intersection_hallway,mcts,mcts,intersection_hallway,3_crossing,,0,intersection_hallway/mcts/metrics_steps_3_crossing_0.csv,True,4.2,6.276610279170139
intersection_hallway,mcts,mcts,intersection_hallway,3_crossing,,0,intersection_hallway/mcts/metrics_steps_3_crossing_0.csv,True,4.3,6.121150813730124
intersection_hallway,mcts,mcts,intersection_hallway,3_crossing,,0,intersection_hallway/mcts/metrics_steps_3_crossing_0.csv,True,4.4,5.96746715078557
intersection_hallway,mcts,mcts,intersection_hallway,3_crossing,,0,intersection_hallway/mcts/metrics_steps_3_crossing_0.csv,True,4.5,5.811745356991343
intersection_hallway,mcts,mcts,intersection_hallway,3_crossing,,0,intersection_hallway/mcts/metrics_steps_3_crossing_0.csv,True,4.6,5.65783196011631
intersection_hallway,mcts,mcts,intersection_hallway,3_crossing,,0,intersection_hallway/mcts/metrics_steps_3_crossing_0.csv,True,4.7,5.505063317365808
intersection_hallway,mcts,mcts,intersection_hallway,3_crossing,,0,intersection_hallway/mcts/metrics_steps_3_crossing_0.csv,True,4.8,5.352607268695869
intersection_hallway,mcts,mcts,intersection_hallway,3_crossing,,0,intersection_hallway/mcts/metrics_steps_3_crossing_0.csv,True,4.9,5.201077459776362
intersection_hallway,mcts,mcts,intersection_hallway,3_crossing,,0,intersection_hallway/mcts/metrics_steps_3_crossing_0.csv,True,5.0,5.054006176235344
intersection_hallway,mcts,mcts,intersection_hallway,3_crossing,,0,intersection_hallway/mcts/metrics_steps_3_crossing_0.csv,True,5.1,4.912948927800577
intersection_hallway,mcts,mcts,intersection_hallway,3_crossing,,0,intersection_hallway/mcts/metrics_steps_3_crossing_0.csv,True,5.2,4.773782954174022
intersection_hallway,mcts,mcts,intersection_hallway,3_crossing,,0,intersection_hallway/mcts/metrics_steps_3_crossing_0.csv,True,5.3,4.634305234937906
intersection_hallway,mcts,mcts,intersection_hallway,3_crossing,,0,intersection_hallway/mcts/metrics_steps_3_crossing_0.csv,True,5.4,4.496826088675408
intersection_hallway,mcts,mcts,intersection_hallway,3_crossing,,0,intersection_hallway/mcts/metrics_steps_3_crossing_0.csv,True,5.5,4.365671633386728
intersection_hallway,mcts,mcts,intersection_hallway,3_crossing,,0,intersection_hallway/mcts/metrics_steps_3_crossing_0.csv,True,5.6,4.235196997348544
intersection_hallway,mcts,mcts,intersection_hallway,3_crossing,,0,intersection_hallway/mcts/metrics_steps_3_crossing_0.csv,True,5.7,4.105324902839189
intersection_hallway,mcts,mcts,intersection_hallway,3_crossing,,0,intersection_hallway/mcts/metrics_steps_3_crossing_0.csv,True,5.8,3.9761257784282096
intersection_hallway,mcts,mcts,intersection_hallway,3_crossing,,0,intersection_hallway/mcts/metrics_steps_3_crossing_0.csv,True,5.9,3.843641555686818
intersection_hallway,mcts,mcts,intersection_hallway,3_crossing,,0,intersection_hallway/mcts/metrics_steps_3_crossing_0.csv,True,6.0,3.706296322647739
intersection_hallway,mcts,mcts,intersection_hallway,3_crossing,,0,intersection_hallway/mcts/metrics_steps_3_crossing_0.csv,True,6.1,3.570432760544655
intersection_hallway,mcts,mcts,intersection_hallway,3_crossing,,0,intersection_hallway/mcts/metrics_steps_3_crossing_0.csv,True,6.2,3.437710300896049
intersection_hallway,mcts,mcts,intersection_hallway,3_crossing,,0,intersection_hallway/mcts/metrics_steps_3_crossing_0.csv,True,6.3,3.30834363052554
intersection_hallway,mcts,mcts,intersection_hallway,3_crossing,,0,intersection_hallway/mcts/metrics_steps_3_crossing_0.csv,True,6.4,3.1805823330365954
intersection_hallway,mcts,mcts,intersection_hallway,3_crossing,,0,intersection_hallway/mcts/metrics_steps_3_crossing_0.csv,True,6.5,3.053077532543175
intersection_hallway,mcts,mcts,intersection_hallway,3_crossing,,0,intersection_hallway/mcts/metrics_steps_3_crossing_0.csv,True,6.6,2.927139741549502
intersection_hallway,mcts,mcts,intersection_hallway,3_crossing,,0,intersection_hallway/mcts/metrics_steps_3_crossing_0.csv,True,6.7,2.8033157232443484
intersection_hallway,mcts,mcts,intersection_hallway,3_crossing,,0,intersection_hallway/mcts/metrics_steps_3_crossing_0.csv,True,6.8,2.6815035788460078
intersection_hallway,mcts,mcts,intersection_hallway,3_crossing,,0,intersection_hallway/mcts/metrics_steps_3_crossing_0.csv,True,6.9,2.561039839880765
intersection_hallway,mcts,mcts,intersection_hallway,3_crossing,,0,intersection_hallway/mcts/metrics_steps_3_crossing_0.csv,True,7.0,2.443898872323621
intersection_hallway,mcts,mcts,intersection_hallway,3_crossing,,0,intersection_hallway/mcts/metrics_steps_3_crossing_0.csv,True,7.1,2.3292831988365488
intersection_hallway,mcts,mcts,intersection_hallway,3_crossing,,0,intersection_hallway/mcts/metrics_steps_3_crossing_0.csv,True,7.2,2.218332453885357
intersection_hallway,mcts,mcts,intersection_hallway,3_crossing,,0,intersection_hallway/mcts/metrics_steps_3_crossing_0.csv,True,7.3,2.112623826274564
intersection_hallway,mcts,mcts,intersection_hallway,3_crossing,,0,intersection_hallway/mcts/metrics_steps_3_crossing_0.csv,True,7.4,2.011053708068756
intersection_hallway,mcts,mcts,intersection_hallway,3_crossing,,0,intersection_hallway/mcts/metrics_steps_3_crossing_0.csv,True,7.5,1.913695606357019
intersection_hallway,mcts,mcts,intersection_hallway,3_crossing,,0,intersection_hallway/mcts/metrics_steps_3_crossing_0.csv,True,7.6,1.8226809311639385
intersection_hallway,mcts,mcts,intersection_hallway,3_crossing,,0,intersection_hallway/mcts/metrics_steps_3_crossing_0.csv,True,7.7,1.7385285724479655
intersection_hallway,mcts,mcts,intersection_hallway,3_crossing,,0,intersection_hallway/mcts/metrics_steps_3_crossing_0.csv,True,7.8,1.6643252564383566
intersection_hallway,mcts,mcts,intersection_hallway,3_crossing,,0,intersection_hallway/mcts/metrics_steps_3_crossing_0.csv,True,7.9,1.6004380013129378
intersection_hallway,mcts,mcts,intersection_hallway,3_crossing,,0,intersection_hallway/mcts/metrics_steps_3_crossing_0.csv,True,8.0,1.5502874869708534
intersection_hallway,mcts,mcts,intersection_hallway,3_crossing,,0,intersection_hallway/mcts/metrics_steps_3_crossing_0.csv,True,8.1,1.512212466741921
intersection_hallway,mcts,mcts,intersection_hallway,3_crossing,,0,intersection_hallway/mcts/metrics_steps_3_crossing_0.csv,True,8.2,1.4874052324734088
intersection_hallway,mcts,mcts,intersection_hallway,3_crossing,,0,intersection_hallway/mcts/metrics_steps_3_crossing_0.csv,True,8.3,1.4768125566914605
intersection_hallway,mcts,mcts,intersection_hallway,3_crossing,,0,intersection_hallway/mcts/metrics_steps_3_crossing_0.csv,True,8.4,1.3599385332645384
intersection_hallway,mcts,mcts,intersection_hallway,3_crossing,,0,intersection_hallway/mcts/metrics_steps_3_crossing_0.csv,True,8.5,1.2232009057012136
intersection_hallway,mcts,mcts,intersection_hallway,3_crossing,,0,intersection_hallway/mcts/metrics_steps_3_crossing_0.csv,True,8.6,1.099000212099874
intersection_hallway,mcts,mcts,intersection_hallway,3_crossing,,0,intersection_hallway/mcts/metrics_steps_3_crossing_0.csv,True,8.7,0.988097660701
intersection_hallway,mcts,mcts,intersection_hallway,3_crossing,,0,intersection_hallway/mcts/metrics_steps_3_crossing_0.csv,True,8.8,0.8928841729501145
intersection_hallway,mcts,mcts,intersection_hallway,3_crossing,,0,intersection_hallway/mcts/metrics_steps_3_crossing_0.csv,True,8.9,0.8036310276849068
intersection_hallway,mcts,mcts,intersection_hallway,3_crossing,,0,intersection_hallway/mcts/metrics_steps_3_crossing_0.csv,True,9.0,0.7152235847684865
intersection_hallway,mcts,mcts,intersection_hallway,3_crossing,,0,intersection_hallway/mcts/metrics_steps_3_crossing_0.csv,True,9.1,0.6308706752579942
intersection_hallway,mcts,mcts,intersection_hallway,3_crossing,,0,intersection_hallway/mcts/metrics_steps_3_crossing_0.csv,True,9.2,0.5560910064414946
intersection_hallway,mcts,mcts,intersection_hallway,3_crossing,,0,intersection_hallway/mcts/metrics_steps_3_crossing_0.csv,True,9.3,0.4988094194484904
intersection_hallway,mcts,mcts,intersection_hallway,3_crossing,,0,intersection_hallway/mcts/metrics_steps_3_crossing_0.csv,True,9.4,0.4614934880675607
intersection_hallway,mcts,mcts,intersection_hallway,3_crossing,,0,intersection_hallway/mcts/metrics_steps_3_crossing_0.csv,True,9.5,0.4456711341944139
intersection_hallway,mcts,mcts,intersection_hallway,3_crossing,,0,intersection_hallway/mcts/metrics_steps_3_crossing_0.csv,True,9.6,0.4470198683402542
intersection_hallway,mcts,mcts,intersection_hallway,3_crossing,,0,intersection_hallway/mcts/metrics_steps_3_crossing_0.csv,True,9.7,0.464287675260294
intersection_hallway,mcts,mcts,intersection_hallway,3_crossing,,0,intersection_hallway/mcts/metrics_steps_3_crossing_0.csv,True,9.8,0.499600545958166
intersection_hallway,mcts,mcts,intersection_hallway,3_crossing,,0,intersection_hallway/mcts/metrics_steps_3_crossing_0.csv,True,9.9,0.5499531884637319
intersection_hallway,mcts,mcts,intersection_hallway,3_crossing,,0,intersection_hallway/mcts/metrics_steps_3_crossing_0.csv,True,10.0,0.6178215468443826
intersection_hallway,mcts,mcts,intersection_hallway,3_crossing,,0,intersection_hallway/mcts/metrics_steps_3_crossing_0.csv,True,10.1,0.7043276037860335
intersection_hallway,mcts,mcts,intersection_hallway,3_crossing,,0,intersection_hallway/mcts/metrics_steps_3_crossing_0.csv,True,10.2,0.7406073904839443
intersection_hallway,mcts,mcts,intersection_hallway,3_crossing,,0,intersection_hallway/mcts/metrics_steps_3_crossing_0.csv,True,10.3,0.6367277442637795
intersection_hallway,mcts,mcts,intersection_hallway,3_crossing,,0,intersection_hallway/mcts/metrics_steps_3_crossing_0.csv,True,10.4,0.5535716693791926
intersection_hallway,mcts,mcts,intersection_hallway,3_crossing,,0,intersection_hallway/mcts/metrics_steps_3_crossing_0.csv,True,10.5,0.4946810044599878
intersection_hallway,mcts,mcts,intersection_hallway,3_crossing,,0,intersection_hallway/mcts/metrics_steps_3_crossing_0.csv,True,10.6,0.4566629225626835
intersection_hallway,mcts,mcts,intersection_hallway,3_crossing,,0,intersection_hallway/mcts/metrics_steps_3_crossing_0.csv,True,10.7,0.4508355832358657
intersection_hallway,mcts,mcts,intersection_hallway,3_crossing,,0,intersection_hallway/mcts/metrics_steps_3_crossing_0.csv,True,10.8,0.4563608030046804
intersection_hallway,mcts,mcts,intersection_hallway,3_crossing,,0,intersection_hallway/mcts/metrics_steps_3_crossing_0.csv,True,10.9,0.4946936580339964
intersection_hallway,mcts,mcts,intersection_hallway,3_crossing,,0,intersection_hallway/mcts/metrics_steps_3_crossing_0.csv,True,11.0,0.5569946962167591
intersection_hallway,mcts,mcts,intersection_hallway,3_crossing,,0,intersection_hallway/mcts/metrics_steps_3_crossing_0.csv,True,11.1,0.636279039886964
intersection_hallway,mcts,mcts,intersection_hallway,3_crossing,,0,intersection_hallway/mcts/metrics_steps_3_crossing_0.csv,True,11.2,0.7250547294154064
intersection_hallway,mcts,mcts,intersection_hallway,3_crossing,,0,intersection_hallway/mcts/metrics_steps_3_crossing_0.csv,True,11.3,0.8202290578728755
intersection_hallway,mcts,mcts,intersection_hallway,3_crossing,,0,intersection_hallway/mcts/metrics_steps_3_crossing_0.csv,True,11.4,0.9165452861811664
intersection_hallway,mcts,mcts,intersection_hallway,3_crossing,,0,intersection_hallway/mcts/metrics_steps_3_crossing_0.csv,True,11.5,1.0211118252329057
intersection_hallway,mcts,mcts,intersection_hallway,3_crossing,,0,intersection_hallway/mcts/metrics_steps_3_crossing_0.csv,True,11.6,1.1160056333145818
intersection_hallway,mcts,mcts,intersection_hallway,3_crossing,,0,intersection_hallway/mcts/metrics_steps_3_crossing_0.csv,True,11.7,1.2402430231019124
intersection_hallway,mcts,mcts,intersection_hallway,3_crossing,,0,intersection_hallway/mcts/metrics_steps_3_crossing_0.csv,True,11.79,1.3468814433510508
intersection_hallway,mcts,mcts,intersection_hallway,3_crossing,,0,intersection_hallway/mcts/metrics_steps_3_crossing_0.csv,True,11.89,1.466930435320127
intersection_hallway,mcts,mcts,intersection_hallway,3_crossing,,0,intersection_hallway/mcts/metrics_steps_3_crossing_0.csv,True,11.99,1.587223108418101
intersection_hallway,mcts,mcts,intersection_hallway,3_crossing,,0,intersection_hallway/mcts/metrics_steps_3_crossing_0.csv,True,12.09,1.7164098266011585
intersection_hallway,mcts,mcts,intersection_hallway,3_crossing,,0,intersection_hallway/mcts/metrics_steps_3_crossing_0.csv,True,12.19,1.851236748374696
intersection_hallway,mcts,mcts,intersection_hallway,3_crossing,,0,intersection_hallway/mcts/metrics_steps_3_crossing_0.csv,True,12.29,1.988645661548392
intersection_hallway,mcts,mcts,intersection_hallway,3_crossing,,0,intersection_hallway/mcts/metrics_steps_3_crossing_0.csv,True,12.39,2.1222588156679176
intersection_hallway,mcts,mcts,intersection_hallway,3_crossing,,0,intersection_hallway/mcts/metrics_steps_3_crossing_0.csv,True,12.49,2.24784326353843
intersection_hallway,mcts,mcts,intersection_hallway,3_crossing,,0,intersection_hallway/mcts/metrics_steps_3_crossing_0.csv,True,12.59,2.3654519128909026
intersection_hallway,mcts,mcts,intersection_hallway,3_crossing,,0,intersection_hallway/mcts/metrics_steps_3_crossing_0.csv,True,12.69,2.477988906203217
intersection_hallway,mcts,mcts,intersection_hallway,3_crossing,,0,intersection_hallway/mcts/metrics_steps_3_crossing_0.csv,True,12.79,2.589303776850151
intersection_hallway,mcts,mcts,intersection_hallway,3_crossing,,0,intersection_hallway/mcts/metrics_steps_3_crossing_0.csv,True,12.89,2.7054405952331644
intersection_hallway,mcts,mcts,intersection_hallway,3_crossing,,0,intersection_hallway/mcts/metrics_steps_3_crossing_0.csv,True,12.99,2.8307555586462625
intersection_hallway,mcts,mcts,intersection_hallway,3_crossing,,0,intersection_hallway/mcts/metrics_steps_3_crossing_0.csv,True,13.09,2.964702002306216
intersection_hallway,mcts,mcts,intersection_hallway,3_crossing,,0,intersection_hallway/mcts/metrics_steps_3_crossing_0.csv,True,13.19,3.1048005862295778
intersection_hallway,mcts,mcts,intersection_hallway,3_crossing,,0,intersection_hallway/mcts/metrics_steps_3_crossing_0.csv,True,13.29,3.246074746369375
intersection_hallway,mcts,mcts,intersection_hallway,3_crossing,,0,intersection_hallway/mcts/metrics_steps_3_crossing_0.csv,True,13.39,3.392432324575944
intersection_hallway,mcts,mcts,intersection_hallway,3_crossing,,0,intersection_hallway/mcts/metrics_steps_3_crossing_0.csv,True,13.49,3.5427088663913784
intersection_hallway,mcts,mcts,intersection_hallway,3_crossing,,0,intersection_hallway/mcts/metrics_steps_3_crossing_0.csv,True,13.59,3.693533000298225
intersection_hallway,mcts,mcts,intersection_hallway,3_crossing,,0,intersection_hallway/mcts/metrics_steps_3_crossing_0.csv,True,13.69,3.845373790527797
intersection_hallway,mcts,mcts,intersection_hallway,3_crossing,,0,intersection_hallway/mcts/metrics_steps_3_crossing_0.csv,True,13.79,3.9947770087188266
intersection_hallway,mcts,mcts,intersection_hallway,3_crossing,,0,intersection_hallway/mcts/metrics_steps_3_crossing_0.csv,True,13.89,4.142524504999359
intersection_hallway,mcts,mcts,intersection_hallway,3_crossing,,0,intersection_hallway/mcts/metrics_steps_3_crossing_0.csv,True,13.99,4.292498977111105
intersection_hallway,mcts,mcts,intersection_hallway,3_crossing,,0,intersection_hallway/mcts/metrics_steps_3_crossing_0.csv,True,14.09,4.438993024167466
intersection_hallway,mcts,mcts,intersection_hallway,3_crossing,,0,intersection_hallway/mcts/metrics_steps_3_crossing_0.csv,True,14.19,4.58047270332729
intersection_hallway,mcts,mcts,intersection_hallway,3_crossing,,0,intersection_hallway/mcts/metrics_steps_3_crossing_0.csv,True,14.29,4.719308513085549
intersection_hallway,mcts,mcts,intersection_hallway,3_crossing,,0,intersection_hallway/mcts/metrics_steps_3_crossing_0.csv,True,14.39,4.863972732511128
intersection_hallway,mcts,mcts,intersection_hallway,3_crossing,,0,intersection_hallway/mcts/metrics_steps_3_crossing_0.csv,True,14.49,5.0177661536035645
intersection_hallway,mcts,mcts,intersection_hallway,3_crossing,,0,intersection_hallway/mcts/metrics_steps_3_crossing_0.csv,True,14.59,5.177842429353673
intersection_hallway,mcts,mcts,intersection_hallway,3_crossing,,0,intersection_hallway/mcts/metrics_steps_3_crossing_0.csv,True,14.69,5.34358957183521
intersection_hallway,mcts,mcts,intersection_hallway,3_crossing,,0,intersection_hallway/mcts/metrics_steps_3_crossing_0.csv,True,14.79,5.512528492230967
intersection_hallway,mcts,mcts,intersection_hallway,3_crossing,,0,intersection_hallway/mcts/metrics_steps_3_crossing_0.csv,True,14.89,5.679104100404592
intersection_hallway,mcts,mcts,intersection_hallway,3_crossing,,0,intersection_hallway/mcts/metrics_steps_3_crossing_0.csv,True,14.99,5.839576134347406
intersection_hallway,mcts,mcts,intersection_hallway,3_crossing,,0,intersection_hallway/mcts/metrics_steps_3_crossing_0.csv,True,15.09,5.999163785925084
intersection_hallway,mcts,mcts,intersection_hallway,3_crossing,,0,intersection_hallway/mcts/metrics_steps_3_crossing_0.csv,True,15.19,6.159621649519906
intersection_hallway,mcts,mcts,intersection_hallway,3_crossing,,0,intersection_hallway/mcts/metrics_steps_3_crossing_0.csv,True,15.29,6.321049061661602
intersection_hallway,mcts,mcts,intersection_hallway,3_crossing,,0,intersection_hallway/mcts/metrics_steps_3_crossing_0.csv,True,15.39,6.4851803699774
intersection_hallway,mcts,mcts,intersection_hallway,3_crossing,,0,intersection_hallway/mcts/metrics_steps_3_crossing_0.csv,True,15.49,6.649396318814701
intersection_hallway,mcts,mcts,intersection_hallway,3_crossing,,0,intersection_hallway/mcts/metrics_steps_3_crossing_0.csv,True,15.59,6.811424954980786
intersection_hallway,mcts,mcts,intersection_hallway,3_crossing,,0,intersection_hallway/mcts/metrics_steps_3_crossing_0.csv,True,15.69,6.971489920707837
intersection_hallway,mcts,mcts,intersection_hallway,3_crossing,,0,intersection_hallway/mcts/metrics_steps_3_crossing_0.csv,True,15.79,7.129241006668639
intersection_hallway,mcts,mcts,intersection_hallway,3_crossing,,0,intersection_hallway/mcts/metrics_steps_3_crossing_0.csv,True,15.89,7.284466289330345
intersection_hallway,mcts,mcts,intersection_hallway,3_crossing,,0,intersection_hallway/mcts/metrics_steps_3_crossing_0.csv,True,15.99,7.441418900924841
intersection_hallway,mcts,mcts,intersection_hallway,3_crossing,,0,intersection_hallway/mcts/metrics_steps_3_crossing_0.csv,True,16.09,7.603467566741589
intersection_hallway,mcts,mcts,intersection_hallway,3_crossing,,0,intersection_hallway/mcts/metrics_steps_3_crossing_0.csv,True,16.19,7.767260763930331
intersection_hallway,mcts,mcts,intersection_hallway,3_crossing,,0,intersection_hallway/mcts/metrics_steps_3_crossing_0.csv,True,16.29,7.928020064149248
intersection_hallway,mcts,mcts,intersection_hallway,3_crossing,,0,intersection_hallway/mcts/metrics_steps_3_crossing_0.csv,True,16.39,8.081705341787156
intersection_hallway,mcts,mcts,intersection_hallway,3_crossing,,0,intersection_hallway/mcts/metrics_steps_3_crossing_0.csv,True,16.49,8.225217437066053
intersection_hallway,mcts,mcts,intersection_hallway,3_crossing,,0,intersection_hallway/mcts/metrics_steps_3_crossing_0.csv,True,16.59,8.368633938849566
intersection_hallway,mcts,mcts,intersection_hallway,3_crossing,,0,intersection_hallway/mcts/metrics_steps_3_crossing_0.csv,True,16.69,8.51318835721694
intersection_hallway,mcts,mcts,intersection_hallway,3_crossing,,0,intersection_hallway/mcts/metrics_steps_3_crossing_0.csv,True,16.79,8.659467402709335
intersection_hallway,mcts,mcts,intersection_hallway,3_crossing,,0,intersection_hallway/mcts/metrics_steps_3_crossing_0.csv,True,16.89,8.80765209263702
intersection_hallway,mcts,mcts,intersection_hallway,3_crossing,,0,intersection_hallway/mcts/metrics_steps_3_crossing_0.csv,True,16.99,8.95943004050893
intersection_hallway,mcts,mcts,intersection_hallway,3_crossing,,0,intersection_hallway/mcts/metrics_steps_3_crossing_0.csv,True,17.09,9.116065945452258
intersection_hallway,mcts,mcts,intersection_hallway,3_crossing,,0,intersection_hallway/mcts/metrics_steps_3_crossing_0.csv,True,17.19,9.272632065696444
intersection_hallway,mcts,mcts,intersection_hallway,3_crossing,,0,intersection_hallway/mcts/metrics_steps_3_crossing_0.csv,True,17.29,9.42485637008873
intersection_hallway,mcts,mcts,intersection_hallway,3_crossing,,0,intersection_hallway/mcts/metrics_steps_3_crossing_0.csv,True,17.39,9.562788545201114
intersection_hallway,mcts,mcts,intersection_hallway,3_crossing,,0,intersection_hallway/mcts/metrics_steps_3_crossing_0.csv,True,17.49,9.680977464692004
intersection_hallway,mcts,mcts,intersection_hallway,3_crossing,,0,intersection_hallway/mcts/metrics_steps_3_crossing_0.csv,True,17.59,9.78420911614146
intersection_hallway,mcts,mcts,intersection_hallway,3_crossing,,0,intersection_hallway/mcts/metrics_steps_3_crossing_0.csv,True,17.69,9.877475896748985
intersection_hallway,mcts,mcts,intersection_hallway,3_crossing,,0,intersection_hallway/mcts/metrics_steps_3_crossing_0.csv,True,17.79,9.967370939937782
intersection_hallway,mcts,mcts,intersection_hallway,3_crossing,,0,intersection_hallway/mcts/metrics_steps_3_crossing_0.csv,True,17.89,10.057344817836016
intersection_hallway,mcts,mcts,intersection_hallway,3_crossing,,0,intersection_hallway/mcts/metrics_steps_3_crossing_0.csv,True,17.99,10.1458867736372
intersection_hallway,mcts,mcts,intersection_hallway,3_crossing,,0,intersection_hallway/mcts/metrics_steps_3_crossing_0.csv,True,18.09,10.242917506341604
intersection_hallway,mcts,mcts,intersection_hallway,3_crossing,,0,intersection_hallway/mcts/metrics_steps_3_crossing_0.csv,True,18.19,10.351146137320924
intersection_hallway,mcts,mcts,intersection_hallway,3_crossing,,0,intersection_hallway/mcts/metrics_steps_3_crossing_0.csv,True,18.29,10.464267576693445
intersection_hallway,mcts,mcts,intersection_hallway,3_crossing,,0,intersection_hallway/mcts/metrics_steps_3_crossing_0.csv,True,18.39,10.575023869478024
intersection_hallway,mcts,mcts,intersection_hallway,3_crossing,,0,intersection_hallway/mcts/metrics_steps_3_crossing_0.csv,True,18.49,10.680006938663114
intersection_hallway,mcts,mcts,intersection_hallway,3_crossing,,0,intersection_hallway/mcts/metrics_steps_3_crossing_0.csv,True,18.59,10.77900678234726
intersection_hallway,mcts,mcts,intersection_hallway,3_crossing,,0,intersection_hallway/mcts/metrics_steps_3_crossing_0.csv,True,18.69,10.871126052070831
intersection_hallway,mcts,mcts,intersection_hallway,3_crossing,,0,intersection_hallway/mcts/metrics_steps_3_crossing_0.csv,True,18.79,10.957439659324432
intersection_hallway,mcts,mcts,intersection_hallway,3_crossing,,0,intersection_hallway/mcts/metrics_steps_3_crossing_0.csv,True,18.89,11.036643934002235
intersection_hallway,mcts,mcts,intersection_hallway,3_crossing,,0,intersection_hallway/mcts/metrics_steps_3_crossing_0.csv,True,18.99,11.109780022599892
intersection_hallway,mcts,mcts,intersection_hallway,3_crossing,,0,intersection_hallway/mcts/metrics_steps_3_crossing_0.csv,True,19.09,11.17672872723758
intersection_hallway,mcts,mcts,intersection_hallway,3_crossing,,0,intersection_hallway/mcts/metrics_steps_3_crossing_0.csv,True,19.19,11.23211437255212
intersection_hallway,mcts,mcts,intersection_hallway,3_crossing,,0,intersection_hallway/mcts/metrics_steps_3_crossing_0.csv,True,19.29,11.233022356228012
intersection_hallway,mcts,mcts,intersection_hallway,3_crossing,,0,intersection_hallway/mcts/metrics_steps_3_crossing_0.csv,True,19.39,11.236677267649572
intersection_hallway,mcts,mcts,intersection_hallway,3_crossing,,0,intersection_hallway/mcts/metrics_steps_3_crossing_0.csv,True,19.49,11.245883358485
intersection_hallway,mcts,mcts,intersection_hallway,3_crossing,,0,intersection_hallway/mcts/metrics_steps_3_crossing_0.csv,True,19.59,11.258747161933371
intersection_hallway,mcts,mcts,intersection_hallway,3_crossing,,0,intersection_hallway/mcts/metrics_steps_3_crossing_0.csv,True,19.69,11.27093555013691
intersection_hallway,mcts,mcts,intersection_hallway,3_crossing,,0,intersection_hallway/mcts/metrics_steps_3_crossing_0.csv,True,19.79,11.279936316878022
intersection_hallway,mcts,mcts,intersection_hallway,3_crossing,,0,intersection_hallway/mcts/metrics_steps_3_crossing_0.csv,True,19.89,11.28395320297448
intersection_hallway,mcts,mcts,intersection_hallway,3_crossing,,0,intersection_hallway/mcts/metrics_steps_3_crossing_0.csv,True,19.99,11.285362669893264
intersection_hallway,mcts,mcts,intersection_hallway,3_crossing,,0,intersection_hallway/mcts/metrics_steps_3_crossing_0.csv,True,20.09,11.284714560614429
intersection_hallway,mcts,mcts,intersection_hallway,3_crossing,,0,intersection_hallway/mcts/metrics_steps_3_crossing_0.csv,True,20.19,11.282743278417293
intersection_hallway,mcts,mcts,intersection_hallway,3_crossing,,0,intersection_hallway/mcts/metrics_steps_3_crossing_0.csv,True,20.29,11.28104760665853
intersection_hallway,mcts,mcts,intersection_hallway,3_crossing,,0,intersection_hallway/mcts/metrics_steps_3_crossing_0.csv,True,20.39,11.281325582051586
intersection_hallway,mcts,mcts,intersection_hallway,3_crossing,,0,intersection_hallway/mcts/metrics_steps_3_crossing_0.csv,True,20.49,11.288072021687924
intersection_hallway,nav2,nav2,intersection_hallway,3_crossing,,0,intersection_hallway/nav2/metrics_steps_nav2_3_crossing_0.csv,True,0.0,7.43282908591169
intersection_hallway,nav2,nav2,intersection_hallway,3_crossing,,0,intersection_hallway/nav2/metrics_steps_nav2_3_crossing_0.csv,True,0.1,7.492721039371386
intersection_hallway,nav2,nav2,intersection_hallway,3_crossing,,0,intersection_hallway/nav2/metrics_steps_nav2_3_crossing_0.csv,True,0.2,7.601781459705327
intersection_hallway,nav2,nav2,intersection_hallway,3_crossing,,0,intersection_hallway/nav2/metrics_steps_nav2_3_crossing_0.csv,True,0.3,7.715317288894727
intersection_hallway,nav2,nav2,intersection_hallway,3_crossing,,0,intersection_hallway/nav2/metrics_steps_nav2_3_crossing_0.csv,True,0.4,7.815272351977676
intersection_hallway,nav2,nav2,intersection_hallway,3_crossing,,0,intersection_hallway/nav2/metrics_steps_nav2_3_crossing_0.csv,True,0.5,7.894171573771189
intersection_hallway,nav2,nav2,intersection_hallway,3_crossing,,0,intersection_hallway/nav2/metrics_steps_nav2_3_crossing_0.csv,True,0.6,7.952901513480903
intersection_hallway,nav2,nav2,intersection_hallway,3_crossing,,0,intersection_hallway/nav2/metrics_steps_nav2_3_crossing_0.csv,True,0.7,7.996034743173096
intersection_hallway,nav2,nav2,intersection_hallway,3_crossing,,0,intersection_hallway/nav2/metrics_steps_nav2_3_crossing_0.csv,True,0.8,8.028755190828841
intersection_hallway,nav2,nav2,intersection_hallway,3_crossing,,0,intersection_hallway/nav2/metrics_steps_nav2_3_crossing_0.csv,True,0.9,8.054166737972594
intersection_hallway,nav2,nav2,intersection_hallway,3_crossing,,0,intersection_hallway/nav2/metrics_steps_nav2_3_crossing_0.csv,True,1.0,8.073872377380301
intersection_hallway,nav2,nav2,intersection_hallway,3_crossing,,0,intersection_hallway/nav2/metrics_steps_nav2_3_crossing_0.csv,True,1.1,8.090623254324326
intersection_hallway,nav2,nav2,intersection_hallway,3_crossing,,0,intersection_hallway/nav2/metrics_steps_nav2_3_crossing_0.csv,True,1.2,8.109911589933345
intersection_hallway,nav2,nav2,intersection_hallway,3_crossing,,0,intersection_hallway/nav2/metrics_steps_nav2_3_crossing_0.csv,True,1.3,8.135309496635603
intersection_hallway,nav2,nav2,intersection_hallway,3_crossing,,0,intersection_hallway/nav2/metrics_steps_nav2_3_crossing_0.csv,True,1.4,8.156212213645865
intersection_hallway,nav2,nav2,intersection_hallway,3_crossing,,0,intersection_hallway/nav2/metrics_steps_nav2_3_crossing_0.csv,True,1.5,8.177562184673178
intersection_hallway,nav2,nav2,intersection_hallway,3_crossing,,0,intersection_hallway/nav2/metrics_steps_nav2_3_crossing_0.csv,True,1.6,8.202286047082222
intersection_hallway,nav2,nav2,intersection_hallway,3_crossing,,0,intersection_hallway/nav2/metrics_steps_nav2_3_crossing_0.csv,True,1.7,8.22517948338418
intersection_hallway,nav2,nav2,intersection_hallway,3_crossing,,0,intersection_hallway/nav2/metrics_steps_nav2_3_crossing_0.csv,True,1.8,8.248545613570478
intersection_hallway,nav2,nav2,intersection_hallway,3_crossing,,0,intersection_hallway/nav2/metrics_steps_nav2_3_crossing_0.csv,True,1.9,8.271474728219928
intersection_hallway,nav2,nav2,intersection_hallway,3_crossing,,0,intersection_hallway/nav2/metrics_steps_nav2_3_crossing_0.csv,True,2.0,8.294046722099505
intersection_hallway,nav2,nav2,intersection_hallway,3_crossing,,0,intersection_hallway/nav2/metrics_steps_nav2_3_crossing_0.csv,True,2.1,8.311589428858504
intersection_hallway,nav2,nav2,intersection_hallway,3_crossing,,0,intersection_hallway/nav2/metrics_steps_nav2_3_crossing_0.csv,True,2.2,8.287718066346144
intersection_hallway,nav2,nav2,intersection_hallway,3_crossing,,0,intersection_hallway/nav2/metrics_steps_nav2_3_crossing_0.csv,True,2.3,8.301575957136414
intersection_hallway,nav2,nav2,intersection_hallway,3_crossing,,0,intersection_hallway/nav2/metrics_steps_nav2_3_crossing_0.csv,True,2.4,8.34453318232214
intersection_hallway,nav2,nav2,intersection_hallway,3_crossing,,0,intersection_hallway/nav2/metrics_steps_nav2_3_crossing_0.csv,True,2.5,8.398519489611521
intersection_hallway,nav2,nav2,intersection_hallway,3_crossing,,0,intersection_hallway/nav2/metrics_steps_nav2_3_crossing_0.csv,True,2.6,8.45370607276841
intersection_hallway,nav2,nav2,intersection_hallway,3_crossing,,0,intersection_hallway/nav2/metrics_steps_nav2_3_crossing_0.csv,True,2.7,8.49324959550235
intersection_hallway,nav2,nav2,intersection_hallway,3_crossing,,0,intersection_hallway/nav2/metrics_steps_nav2_3_crossing_0.csv,True,2.8,8.492444694218882
intersection_hallway,nav2,nav2,intersection_hallway,3_crossing,,0,intersection_hallway/nav2/metrics_steps_nav2_3_crossing_0.csv,True,2.9,8.347132561600938
intersection_hallway,nav2,nav2,intersection_hallway,3_crossing,,0,intersection_hallway/nav2/metrics_steps_nav2_3_crossing_0.csv,True,3.0,8.197691395861503
intersection_hallway,nav2,nav2,intersection_hallway,3_crossing,,0,intersection_hallway/nav2/metrics_steps_nav2_3_crossing_0.csv,True,3.1,8.053448739746752
intersection_hallway,nav2,nav2,intersection_hallway,3_crossing,,0,intersection_hallway/nav2/metrics_steps_nav2_3_crossing_0.csv,True,3.2,7.9079079060531505
intersection_hallway,nav2,nav2,intersection_hallway,3_crossing,,0,intersection_hallway/nav2/metrics_steps_nav2_3_crossing_0.csv,True,3.3,7.764019811272256
intersection_hallway,nav2,nav2,intersection_hallway,3_crossing,,0,intersection_hallway/nav2/metrics_steps_nav2_3_crossing_0.csv,True,3.4,7.622512102644542
intersection_hallway,nav2,nav2,intersection_hallway,3_crossing,,0,intersection_hallway/nav2/metrics_steps_nav2_3_crossing_0.csv,True,3.5,7.480770828225523
intersection_hallway,nav2,nav2,intersection_hallway,3_crossing,,0,intersection_hallway/nav2/metrics_steps_nav2_3_crossing_0.csv,True,3.6,7.340622830967975
intersection_hallway,nav2,nav2,intersection_hallway,3_crossing,,0,intersection_hallway/nav2/metrics_steps_nav2_3_crossing_0.csv,True,3.7,7.202651418348147
intersection_hallway,nav2,nav2,intersection_hallway,3_crossing,,0,intersection_hallway/nav2/metrics_steps_nav2_3_crossing_0.csv,True,3.8,7.0608346873743
intersection_hallway,nav2,nav2,intersection_hallway,3_crossing,,0,intersection_hallway/nav2/metrics_steps_nav2_3_crossing_0.csv,True,3.9,6.921514868770793
intersection_hallway,nav2,nav2,intersection_hallway,3_crossing,,0,intersection_hallway/nav2/metrics_steps_nav2_3_crossing_0.csv,True,4.0,6.789278833227579
intersection_hallway,nav2,nav2,intersection_hallway,3_crossing,,0,intersection_hallway/nav2/metrics_steps_nav2_3_crossing_0.csv,True,4.1,6.654499467464031
intersection_hallway,nav2,nav2,intersection_hallway,3_crossing,,0,intersection_hallway/nav2/metrics_steps_nav2_3_crossing_0.csv,True,4.2,6.512402921123697
intersection_hallway,nav2,nav2,intersection_hallway,3_crossing,,0,intersection_hallway/nav2/metrics_steps_nav2_3_crossing_0.csv,True,4.3,6.376175013035338
intersection_hallway,nav2,nav2,intersection_hallway,3_crossing,,0,intersection_hallway/nav2/metrics_steps_nav2_3_crossing_0.csv,True,4.4,6.245674515888515
intersection_hallway,nav2,nav2,intersection_hallway,3_crossing,,0,intersection_hallway/nav2/metrics_steps_nav2_3_crossing_0.csv,True,4.5,6.112963815979668
intersection_hallway,nav2,nav2,intersection_hallway,3_crossing,,0,intersection_hallway/nav2/metrics_steps_nav2_3_crossing_0.csv,True,4.6,5.984974739195954
intersection_hallway,nav2,nav2,intersection_hallway,3_crossing,,0,intersection_hallway/nav2/metrics_steps_nav2_3_crossing_0.csv,True,4.7,5.860143015542536
intersection_hallway,nav2,nav2,intersection_hallway,3_crossing,,0,intersection_hallway/nav2/metrics_steps_nav2_3_crossing_0.csv,True,4.8,5.734437608712074
intersection_hallway,nav2,nav2,intersection_hallway,3_crossing,,0,intersection_hallway/nav2/metrics_steps_nav2_3_crossing_0.csv,True,4.9,5.6119178206649245
intersection_hallway,nav2,nav2,intersection_hallway,3_crossing,,0,intersection_hallway/nav2/metrics_steps_nav2_3_crossing_0.csv,True,5.0,5.493594155073139
intersection_hallway,nav2,nav2,intersection_hallway,3_crossing,,0,intersection_hallway/nav2/metrics_steps_nav2_3_crossing_0.csv,True,5.1,5.375818866823896
intersection_hallway,nav2,nav2,intersection_hallway,3_crossing,,0,intersection_hallway/nav2/metrics_steps_nav2_3_crossing_0.csv,True,5.2,5.260316688224324
intersection_hallway,nav2,nav2,intersection_hallway,3_crossing,,0,intersection_hallway/nav2/metrics_steps_nav2_3_crossing_0.csv,True,5.3,5.143784781030873
intersection_hallway,nav2,nav2,intersection_hallway,3_crossing,,0,intersection_hallway/nav2/metrics_steps_nav2_3_crossing_0.csv,True,5.4,5.032784244181043
intersection_hallway,nav2,nav2,intersection_hallway,3_crossing,,0,intersection_hallway/nav2/metrics_steps_nav2_3_crossing_0.csv,True,5.5,4.925096593436425
intersection_hallway,nav2,nav2,intersection_hallway,3_crossing,,0,intersection_hallway/nav2/metrics_steps_nav2_3_crossing_0.csv,True,5.6,4.823089281619562
intersection_hallway,nav2,nav2,intersection_hallway,3_crossing,,0,intersection_hallway/nav2/metrics_steps_nav2_3_crossing_0.csv,True,5.7,4.721200131552084
intersection_hallway,nav2,nav2,intersection_hallway,3_crossing,,0,intersection_hallway/nav2/metrics_steps_nav2_3_crossing_0.csv,True,5.8,4.620183102519734
intersection_hallway,nav2,nav2,intersection_hallway,3_crossing,,0,intersection_hallway/nav2/metrics_steps_nav2_3_crossing_0.csv,True,5.9,4.521352239855249
intersection_hallway,nav2,nav2,intersection_hallway,3_crossing,,0,intersection_hallway/nav2/metrics_steps_nav2_3_crossing_0.csv,True,6.0,4.426879235089218
intersection_hallway,nav2,nav2,intersection_hallway,3_crossing,,0,intersection_hallway/nav2/metrics_steps_nav2_3_crossing_0.csv,True,6.1,4.330030332928264
intersection_hallway,nav2,nav2,intersection_hallway,3_crossing,,0,intersection_hallway/nav2/metrics_steps_nav2_3_crossing_0.csv,True,6.2,4.241387944324542
intersection_hallway,nav2,nav2,intersection_hallway,3_crossing,,0,intersection_hallway/nav2/metrics_steps_nav2_3_crossing_0.csv,True,6.3,4.157484078624717
intersection_hallway,nav2,nav2,intersection_hallway,3_crossing,,0,intersection_hallway/nav2/metrics_steps_nav2_3_crossing_0.csv,True,6.4,4.074709940556335
intersection_hallway,nav2,nav2,intersection_hallway,3_crossing,,0,intersection_hallway/nav2/metrics_steps_nav2_3_crossing_0.csv,True,6.5,3.993246648958703
intersection_hallway,nav2,nav2,intersection_hallway,3_crossing,,0,intersection_hallway/nav2/metrics_steps_nav2_3_crossing_0.csv,True,6.6,3.914348818064771
intersection_hallway,nav2,nav2,intersection_hallway,3_crossing,,0,intersection_hallway/nav2/metrics_steps_nav2_3_crossing_0.csv,True,6.7,3.843404408988584
intersection_hallway,nav2,nav2,intersection_hallway,3_crossing,,0,intersection_hallway/nav2/metrics_steps_nav2_3_crossing_0.csv,True,6.8,3.774883196757727
intersection_hallway,nav2,nav2,intersection_hallway,3_crossing,,0,intersection_hallway/nav2/metrics_steps_nav2_3_crossing_0.csv,True,6.9,3.714185708928519
intersection_hallway,nav2,nav2,intersection_hallway,3_crossing,,0,intersection_hallway/nav2/metrics_steps_nav2_3_crossing_0.csv,True,7.0,3.656668342813031
intersection_hallway,nav2,nav2,intersection_hallway,3_crossing,,0,intersection_hallway/nav2/metrics_steps_nav2_3_crossing_0.csv,True,7.1,3.597300117548433
intersection_hallway,nav2,nav2,intersection_hallway,3_crossing,,0,intersection_hallway/nav2/metrics_steps_nav2_3_crossing_0.csv,True,7.2,3.539729462338377
intersection_hallway,nav2,nav2,intersection_hallway,3_crossing,,0,intersection_hallway/nav2/metrics_steps_nav2_3_crossing_0.csv,True,7.3,3.492088280116099
intersection_hallway,nav2,nav2,intersection_hallway,3_crossing,,0,intersection_hallway/nav2/metrics_steps_nav2_3_crossing_0.csv,True,7.4,3.4528430213677828
intersection_hallway,nav2,nav2,intersection_hallway,3_crossing,,0,intersection_hallway/nav2/metrics_steps_nav2_3_crossing_0.csv,True,7.5,3.36474926251695
intersection_hallway,nav2,nav2,intersection_hallway,3_crossing,,0,intersection_hallway/nav2/metrics_steps_nav2_3_crossing_0.csv,True,7.6,3.258874992470181
intersection_hallway,nav2,nav2,intersection_hallway,3_crossing,,0,intersection_hallway/nav2/metrics_steps_nav2_3_crossing_0.csv,True,7.7,3.1564206898468137
intersection_hallway,nav2,nav2,intersection_hallway,3_crossing,,0,intersection_hallway/nav2/metrics_steps_nav2_3_crossing_0.csv,True,7.8,3.0565815344153
intersection_hallway,nav2,nav2,intersection_hallway,3_crossing,,0,intersection_hallway/nav2/metrics_steps_nav2_3_crossing_0.csv,True,7.9,2.960331681247168
intersection_hallway,nav2,nav2,intersection_hallway,3_crossing,,0,intersection_hallway/nav2/metrics_steps_nav2_3_crossing_0.csv,True,8.0,2.867313743075291
intersection_hallway,nav2,nav2,intersection_hallway,3_crossing,,0,intersection_hallway/nav2/metrics_steps_nav2_3_crossing_0.csv,True,8.1,2.7786690001314587
intersection_hallway,nav2,nav2,intersection_hallway,3_crossing,,0,intersection_hallway/nav2/metrics_steps_nav2_3_crossing_0.csv,True,8.2,2.695387977113888
intersection_hallway,nav2,nav2,intersection_hallway,3_crossing,,0,intersection_hallway/nav2/metrics_steps_nav2_3_crossing_0.csv,True,8.3,2.6192809016027394
intersection_hallway,nav2,nav2,intersection_hallway,3_crossing,,0,intersection_hallway/nav2/metrics_steps_nav2_3_crossing_0.csv,True,8.4,2.5443676529750903
intersection_hallway,nav2,nav2,intersection_hallway,3_crossing,,0,intersection_hallway/nav2/metrics_steps_nav2_3_crossing_0.csv,True,8.5,2.4751946194872025
intersection_hallway,nav2,nav2,intersection_hallway,3_crossing,,0,intersection_hallway/nav2/metrics_steps_nav2_3_crossing_0.csv,True,8.6,2.410550062122274
intersection_hallway,nav2,nav2,intersection_hallway,3_crossing,,0,intersection_hallway/nav2/metrics_steps_nav2_3_crossing_0.csv,True,8.7,2.3485693316755816
intersection_hallway,nav2,nav2,intersection_hallway,3_crossing,,0,intersection_hallway/nav2/metrics_steps_nav2_3_crossing_0.csv,True,8.8,2.287846705784394
intersection_hallway,nav2,nav2,intersection_hallway,3_crossing,,0,intersection_hallway/nav2/metrics_steps_nav2_3_crossing_0.csv,True,8.9,2.232569940528962
intersection_hallway,nav2,nav2,intersection_hallway,3_crossing,,0,intersection_hallway/nav2/metrics_steps_nav2_3_crossing_0.csv,True,9.0,2.181654595186304
intersection_hallway,nav2,nav2,intersection_hallway,3_crossing,,0,intersection_hallway/nav2/metrics_steps_nav2_3_crossing_0.csv,True,9.1,2.1409396531024583
intersection_hallway,nav2,nav2,intersection_hallway,3_crossing,,0,intersection_hallway/nav2/metrics_steps_nav2_3_crossing_0.csv,True,9.2,2.11131994374682
intersection_hallway,nav2,nav2,intersection_hallway,3_crossing,,0,intersection_hallway/nav2/metrics_steps_nav2_3_crossing_0.csv,True,9.3,2.015693512737472
intersection_hallway,nav2,nav2,intersection_hallway,3_crossing,,0,intersection_hallway/nav2/metrics_steps_nav2_3_crossing_0.csv,True,9.4,1.881652046894993
intersection_hallway,nav2,nav2,intersection_hallway,3_crossing,,0,intersection_hallway/nav2/metrics_steps_nav2_3_crossing_0.csv,True,9.5,1.7471310554224917
intersection_hallway,nav2,nav2,intersection_hallway,3_crossing,,0,intersection_hallway/nav2/metrics_steps_nav2_3_crossing_0.csv,True,9.6,1.6138868491745373
intersection_hallway,nav2,nav2,intersection_hallway,3_crossing,,0,intersection_hallway/nav2/metrics_steps_nav2_3_crossing_0.csv,True,9.7,1.4826363810059735
intersection_hallway,nav2,nav2,intersection_hallway,3_crossing,,0,intersection_hallway/nav2/metrics_steps_nav2_3_crossing_0.csv,True,9.8,1.3541131448087662
intersection_hallway,nav2,nav2,intersection_hallway,3_crossing,,0,intersection_hallway/nav2/metrics_steps_nav2_3_crossing_0.csv,True,9.9,1.2306525315781611
intersection_hallway,nav2,nav2,intersection_hallway,3_crossing,,0,intersection_hallway/nav2/metrics_steps_nav2_3_crossing_0.csv,True,10.0,1.1104244146694562
intersection_hallway,nav2,nav2,intersection_hallway,3_crossing,,0,intersection_hallway/nav2/metrics_steps_nav2_3_crossing_0.csv,True,10.1,0.9975373296380304
intersection_hallway,nav2,nav2,intersection_hallway,3_crossing,,0,intersection_hallway/nav2/metrics_steps_nav2_3_crossing_0.csv,True,10.2,0.8965516383780252
intersection_hallway,nav2,nav2,intersection_hallway,3_crossing,,0,intersection_hallway/nav2/metrics_steps_nav2_3_crossing_0.csv,True,10.3,0.8156558905940465
intersection_hallway,nav2,nav2,intersection_hallway,3_crossing,,0,intersection_hallway/nav2/metrics_steps_nav2_3_crossing_0.csv,True,10.4,0.758154588160241
intersection_hallway,nav2,nav2,intersection_hallway,3_crossing,,0,intersection_hallway/nav2/metrics_steps_nav2_3_crossing_0.csv,True,10.5,0.7224938765468814
intersection_hallway,nav2,nav2,intersection_hallway,3_crossing,,0,intersection_hallway/nav2/metrics_steps_nav2_3_crossing_0.csv,True,10.6,0.7124354079311235
intersection_hallway,nav2,nav2,intersection_hallway,3_crossing,,0,intersection_hallway/nav2/metrics_steps_nav2_3_crossing_0.csv,True,10.7,0.7268129308188049
intersection_hallway,nav2,nav2,intersection_hallway,3_crossing,,0,intersection_hallway/nav2/metrics_steps_nav2_3_crossing_0.csv,True,10.8,0.7632844795034202
intersection_hallway,nav2,nav2,intersection_hallway,3_crossing,,0,intersection_hallway/nav2/metrics_steps_nav2_3_crossing_0.csv,True,10.9,0.8170615689491696
intersection_hallway,nav2,nav2,intersection_hallway,3_crossing,,0,intersection_hallway/nav2/metrics_steps_nav2_3_crossing_0.csv,True,11.0,0.8830665214318345
intersection_hallway,nav2,nav2,intersection_hallway,3_crossing,,0,intersection_hallway/nav2/metrics_steps_nav2_3_crossing_0.csv,True,11.1,0.9607033777617142
intersection_hallway,nav2,nav2,intersection_hallway,3_crossing,,0,intersection_hallway/nav2/metrics_steps_nav2_3_crossing_0.csv,True,11.2,1.0448517592854043
intersection_hallway,nav2,nav2,intersection_hallway,3_crossing,,0,intersection_hallway/nav2/metrics_steps_nav2_3_crossing_0.csv,True,11.3,1.1353311763923115
intersection_hallway,nav2,nav2,intersection_hallway,3_crossing,,0,intersection_hallway/nav2/metrics_steps_nav2_3_crossing_0.csv,True,11.4,1.228507313550517
intersection_hallway,nav2,nav2,intersection_hallway,3_crossing,,0,intersection_hallway/nav2/metrics_steps_nav2_3_crossing_0.csv,True,11.5,1.31846733426663
intersection_hallway,nav2,nav2,intersection_hallway,3_crossing,,0,intersection_hallway/nav2/metrics_steps_nav2_3_crossing_0.csv,True,11.6,1.4048865951436262
intersection_hallway,nav2,nav2,intersection_hallway,3_crossing,,0,intersection_hallway/nav2/metrics_steps_nav2_3_crossing_0.csv,True,11.7,1.4872846068974188
intersection_hallway,nav2,nav2,intersection_hallway,3_crossing,,0,intersection_hallway/nav2/metrics_steps_nav2_3_crossing_0.csv,True,11.8,1.5651180474981037
intersection_hallway,nav2,nav2,intersection_hallway,3_crossing,,0,intersection_hallway/nav2/metrics_steps_nav2_3_crossing_0.csv,True,11.9,1.6377842607735666
intersection_hallway,nav2,nav2,intersection_hallway,3_crossing,,0,intersection_hallway/nav2/metrics_steps_nav2_3_crossing_0.csv,True,12.0,1.7051157250074538
intersection_hallway,nav2,nav2,intersection_hallway,3_crossing,,0,intersection_hallway/nav2/metrics_steps_nav2_3_crossing_0.csv,True,12.1,1.7696374078995645
intersection_hallway,nav2,nav2,intersection_hallway,3_crossing,,0,intersection_hallway/nav2/metrics_steps_nav2_3_crossing_0.csv,True,12.2,1.8330818705518597
intersection_hallway,nav2,nav2,intersection_hallway,3_crossing,,0,intersection_hallway/nav2/metrics_steps_nav2_3_crossing_0.csv,True,12.3,1.8966132323787104
intersection_hallway,nav2,nav2,intersection_hallway,3_crossing,,0,intersection_hallway/nav2/metrics_steps_nav2_3_crossing_0.csv,True,12.4,1.9685661627204445
intersection_hallway,nav2,nav2,intersection_hallway,3_crossing,,0,intersection_hallway/nav2/metrics_steps_nav2_3_crossing_0.csv,True,12.5,2.0525810180620536
intersection_hallway,nav2,nav2,intersection_hallway,3_crossing,,0,intersection_hallway/nav2/metrics_steps_nav2_3_crossing_0.csv,True,12.6,2.147525299704313
intersection_hallway,nav2,nav2,intersection_hallway,3_crossing,,0,intersection_hallway/nav2/metrics_steps_nav2_3_crossing_0.csv,True,12.7,2.252285194208109
intersection_hallway,nav2,nav2,intersection_hallway,3_crossing,,0,intersection_hallway/nav2/metrics_steps_nav2_3_crossing_0.csv,True,12.8,2.365177345297392
intersection_hallway,nav2,nav2,intersection_hallway,3_crossing,,0,intersection_hallway/nav2/metrics_steps_nav2_3_crossing_0.csv,True,12.9,2.4853069690887453
intersection_hallway,nav2,nav2,intersection_hallway,3_crossing,,0,intersection_hallway/nav2/metrics_steps_nav2_3_crossing_0.csv,True,13.0,2.6117588234716176
intersection_hallway,nav2,nav2,intersection_hallway,3_crossing,,0,intersection_hallway/nav2/metrics_steps_nav2_3_crossing_0.csv,True,13.1,2.741133569740122
intersection_hallway,nav2,nav2,intersection_hallway,3_crossing,,0,intersection_hallway/nav2/metrics_steps_nav2_3_crossing_0.csv,True,13.2,2.8715218811635
intersection_hallway,nav2,nav2,intersection_hallway,3_crossing,,0,intersection_hallway/nav2/metrics_steps_nav2_3_crossing_0.csv,True,13.3,3.002297060813293
intersection_hallway,nav2,nav2,intersection_hallway,3_crossing,,0,intersection_hallway/nav2/metrics_steps_nav2_3_crossing_0.csv,True,13.4,3.1332191455663287
intersection_hallway,nav2,nav2,intersection_hallway,3_crossing,,0,intersection_hallway/nav2/metrics_steps_nav2_3_crossing_0.csv,True,13.5,3.2644927314602823
intersection_hallway,nav2,nav2,intersection_hallway,3_crossing,,0,intersection_hallway/nav2/metrics_steps_nav2_3_crossing_0.csv,True,13.6,3.3960056907139924
intersection_hallway,nav2,nav2,intersection_hallway,3_crossing,,0,intersection_hallway/nav2/metrics_steps_nav2_3_crossing_0.csv,True,13.7,3.527706891143475
intersection_hallway,nav2,nav2,intersection_hallway,3_crossing,,0,intersection_hallway/nav2/metrics_steps_nav2_3_crossing_0.csv,True,13.8,3.65954551046354
intersection_hallway,nav2,nav2,intersection_hallway,3_crossing,,0,intersection_hallway/nav2/metrics_steps_nav2_3_crossing_0.csv,True,13.9,3.791068026567154
intersection_hallway,nav2,nav2,intersection_hallway,3_crossing,,0,intersection_hallway/nav2/metrics_steps_nav2_3_crossing_0.csv,True,14.0,3.922334397282804
intersection_hallway,nav2,nav2,intersection_hallway,3_crossing,,0,intersection_hallway/nav2/metrics_steps_nav2_3_crossing_0.csv,True,14.1,4.053463636923766
intersection_hallway,nav2,nav2,intersection_hallway,3_crossing,,0,intersection_hallway/nav2/metrics_steps_nav2_3_crossing_0.csv,True,14.2,4.18451905454494
intersection_hallway,nav2,nav2,intersection_hallway,3_crossing,,0,intersection_hallway/nav2/metrics_steps_nav2_3_crossing_0.csv,True,14.3,4.315562999762864
intersection_hallway,nav2,nav2,intersection_hallway,3_crossing,,0,intersection_hallway/nav2/metrics_steps_nav2_3_crossing_0.csv,True,14.4,4.446592498066294
intersection_hallway,nav2,nav2,intersection_hallway,3_crossing,,0,intersection_hallway/nav2/metrics_steps_nav2_3_crossing_0.csv,True,14.49,4.564518687036964
intersection_hallway,nav2,nav2,intersection_hallway,3_crossing,,0,intersection_hallway/nav2/metrics_steps_nav2_3_crossing_0.csv,True,14.59,4.695506898390297
intersection_hallway,nav2,nav2,intersection_hallway,3_crossing,,0,intersection_hallway/nav2/metrics_steps_nav2_3_crossing_0.csv,True,14.69,4.826397768585804
intersection_hallway,nav2,nav2,intersection_hallway,3_crossing,,0,intersection_hallway/nav2/metrics_steps_nav2_3_crossing_0.csv,True,14.79,4.957681939620577
intersection_hallway,nav2,nav2,intersection_hallway,3_crossing,,0,intersection_hallway/nav2/metrics_steps_nav2_3_crossing_0.csv,True,14.89,5.088101394375228
intersection_hallway,nav2,nav2,intersection_hallway,3_crossing,,0,intersection_hallway/nav2/metrics_steps_nav2_3_crossing_0.csv,True,14.99,5.219055163078164
intersection_hallway,nav2,nav2,intersection_hallway,3_crossing,,0,intersection_hallway/nav2/metrics_steps_nav2_3_crossing_0.csv,True,15.09,5.356998752475877
intersection_hallway,nav2,nav2,intersection_hallway,3_crossing,,0,intersection_hallway/nav2/metrics_steps_nav2_3_crossing_0.csv,True,15.19,5.502216196852583
intersection_hallway,nav2,nav2,intersection_hallway,3_crossing,,0,intersection_hallway/nav2/metrics_steps_nav2_3_crossing_0.csv,True,15.29,5.652946973720208
intersection_hallway,nav2,nav2,intersection_hallway,3_crossing,,0,intersection_hallway/nav2/metrics_steps_nav2_3_crossing_0.csv,True,15.39,5.804834162780392
intersection_hallway,nav2,nav2,intersection_hallway,3_crossing,,0,intersection_hallway/nav2/metrics_steps_nav2_3_crossing_0.csv,True,15.49,5.949753895446337
intersection_hallway,nav2,nav2,intersection_hallway,3_crossing,,0,intersection_hallway/nav2/metrics_steps_nav2_3_crossing_0.csv,True,15.59,6.086243339801662
intersection_hallway,nav2,nav2,intersection_hallway,3_crossing,,0,intersection_hallway/nav2/metrics_steps_nav2_3_crossing_0.csv,True,15.69,6.216347026664142
intersection_hallway,nav2,nav2,intersection_hallway,3_crossing,,0,intersection_hallway/nav2/metrics_steps_nav2_3_crossing_0.csv,True,15.79,6.344103519874032
intersection_hallway,nav2,nav2,intersection_hallway,3_crossing,,0,intersection_hallway/nav2/metrics_steps_nav2_3_crossing_0.csv,True,15.89,6.472594145773517
intersection_hallway,nav2,nav2,intersection_hallway,3_crossing,,0,intersection_hallway/nav2/metrics_steps_nav2_3_crossing_0.csv,True,15.99,6.604722321481462
intersection_hallway,nav2,nav2,intersection_hallway,3_crossing,,0,intersection_hallway/nav2/metrics_steps_nav2_3_crossing_0.csv,True,16.09,6.739109113025074
intersection_hallway,nav2,nav2,intersection_hallway,3_crossing,,0,intersection_hallway/nav2/metrics_steps_nav2_3_crossing_0.csv,True,16.19,6.8731856411922685
intersection_hallway,nav2,nav2,intersection_hallway,3_crossing,,0,intersection_hallway/nav2/metrics_steps_nav2_3_crossing_0.csv,True,16.29,7.006616754702428
intersection_hallway,nav2,nav2,intersection_hallway,3_crossing,,0,intersection_hallway/nav2/metrics_steps_nav2_3_crossing_0.csv,True,16.39,7.13903066376795
intersection_hallway,nav2,nav2,intersection_hallway,3_crossing,,0,intersection_hallway/nav2/metrics_steps_nav2_3_crossing_0.csv,True,16.49,7.269727677890149
intersection_hallway,nav2,nav2,intersection_hallway,3_crossing,,0,intersection_hallway/nav2/metrics_steps_nav2_3_crossing_0.csv,True,16.59,7.393917495153421
intersection_hallway,nav2,nav2,intersection_hallway,3_crossing,,0,intersection_hallway/nav2/metrics_steps_nav2_3_crossing_0.csv,True,16.69,7.514546846719721
intersection_hallway,nav2,nav2,intersection_hallway,3_crossing,,0,intersection_hallway/nav2/metrics_steps_nav2_3_crossing_0.csv,True,16.79,7.633197905049343
intersection_hallway,nav2,nav2,intersection_hallway,3_crossing,,0,intersection_hallway/nav2/metrics_steps_nav2_3_crossing_0.csv,True,16.89,7.7491828359112915
intersection_hallway,nav2,nav2,intersection_hallway,3_crossing,,0,intersection_hallway/nav2/metrics_steps_nav2_3_crossing_0.csv,True,16.99,7.859467335155614
intersection_hallway,nav2,nav2,intersection_hallway,3_crossing,,0,intersection_hallway/nav2/metrics_steps_nav2_3_crossing_0.csv,True,17.09,7.954951588475341
intersection_hallway,nav2,nav2,intersection_hallway,3_crossing,,0,intersection_hallway/nav2/metrics_steps_nav2_3_crossing_0.csv,True,17.19,8.026839149360486
intersection_hallway,nav2,nav2,intersection_hallway,3_crossing,,0,intersection_hallway/nav2/metrics_steps_nav2_3_crossing_0.csv,True,17.29,8.079370710911473
intersection_hallway,nav2,nav2,intersection_hallway,3_crossing,,0,intersection_hallway/nav2/metrics_steps_nav2_3_crossing_0.csv,True,17.39,8.124227476102618
intersection_hallway,nav2,nav2,intersection_hallway,3_crossing,,0,intersection_hallway/nav2/metrics_steps_nav2_3_crossing_0.csv,True,17.49,8.169592398426321
intersection_hallway,nav2,nav2,intersection_hallway,3_crossing,,0,intersection_hallway/nav2/metrics_steps_nav2_3_crossing_0.csv,True,17.59,8.219968356161504
intersection_hallway,nav2,nav2,intersection_hallway,3_crossing,,0,intersection_hallway/nav2/metrics_steps_nav2_3_crossing_0.csv,True,17.69,8.276907597517237
intersection_hallway,nav2,nav2,intersection_hallway,3_crossing,,0,intersection_hallway/nav2/metrics_steps_nav2_3_crossing_0.csv,True,17.79,8.340068839074107
intersection_hallway,nav2,nav2,intersection_hallway,3_crossing,,0,intersection_hallway/nav2/metrics_steps_nav2_3_crossing_0.csv,True,17.89,8.40804494007513
intersection_hallway,nav2,nav2,intersection_hallway,3_crossing,,0,intersection_hallway/nav2/metrics_steps_nav2_3_crossing_0.csv,True,17.99,8.479008605054442
intersection_hallway,nav2,nav2,intersection_hallway,3_crossing,,0,intersection_hallway/nav2/metrics_steps_nav2_3_crossing_0.csv,True,18.09,8.551188746958315
intersection_hallway,nav2,nav2,intersection_hallway,3_crossing,,0,intersection_hallway/nav2/metrics_steps_nav2_3_crossing_0.csv,True,18.19,8.623171373582219
intersection_hallway,nav2,nav2,intersection_hallway,3_crossing,,0,intersection_hallway/nav2/metrics_steps_nav2_3_crossing_0.csv,True,18.29,8.69403193648663
intersection_hallway,nav2,nav2,intersection_hallway,3_crossing,,0,intersection_hallway/nav2/metrics_steps_nav2_3_crossing_0.csv,True,18.39,8.763332182202346
intersection_hallway,nav2,nav2,intersection_hallway,3_crossing,,0,intersection_hallway/nav2/metrics_steps_nav2_3_crossing_0.csv,True,18.49,8.831038588238547
intersection_hallway,nav2,nav2,intersection_hallway,3_crossing,,0,intersection_hallway/nav2/metrics_steps_nav2_3_crossing_0.csv,True,18.59,8.897427128358341
intersection_hallway,nav2,nav2,intersection_hallway,3_crossing,,0,intersection_hallway/nav2/metrics_steps_nav2_3_crossing_0.csv,True,18.69,8.963083541641428
intersection_hallway,nav2,nav2,intersection_hallway,3_crossing,,0,intersection_hallway/nav2/metrics_steps_nav2_3_crossing_0.csv,True,18.79,9.028810842066752
intersection_hallway,nav2,nav2,intersection_hallway,3_crossing,,0,intersection_hallway/nav2/metrics_steps_nav2_3_crossing_0.csv,True,18.89,9.067263248077833
intersection_hallway,nav2,nav2,intersection_hallway,3_crossing,,0,intersection_hallway/nav2/metrics_steps_nav2_3_crossing_0.csv,True,18.99,9.05167790580564
intersection_hallway,nav2,nav2,intersection_hallway,3_crossing,,0,intersection_hallway/nav2/metrics_steps_nav2_3_crossing_0.csv,True,19.09,9.02639612867549
intersection_hallway,nav2,nav2,intersection_hallway,3_crossing,,0,intersection_hallway/nav2/metrics_steps_nav2_3_crossing_0.csv,True,19.19,8.997885885480208
intersection_hallway,nav2,nav2,intersection_hallway,3_crossing,,0,intersection_hallway/nav2/metrics_steps_nav2_3_crossing_0.csv,True,19.29,8.96966326488414
intersection_hallway,nav2,nav2,intersection_hallway,3_crossing,,0,intersection_hallway/nav2/metrics_steps_nav2_3_crossing_0.csv,True,19.39,8.943389787237228
intersection_hallway,nav2,nav2,intersection_hallway,3_crossing,,0,intersection_hallway/nav2/metrics_steps_nav2_3_crossing_0.csv,True,19.49,8.919720008948735
intersection_hallway,nav2,nav2,intersection_hallway,3_crossing,,0,intersection_hallway/nav2/metrics_steps_nav2_3_crossing_0.csv,True,19.59,8.898793112194761
intersection_hallway,nav2,nav2,intersection_hallway,3_crossing,,0,intersection_hallway/nav2/metrics_steps_nav2_3_crossing_0.csv,True,19.69,8.880495456984606
intersection_hallway,nav2,nav2,intersection_hallway,3_crossing,,0,intersection_hallway/nav2/metrics_steps_nav2_3_crossing_0.csv,True,19.79,8.86460031619319
intersection_hallway,nav2,nav2,intersection_hallway,3_crossing,,0,intersection_hallway/nav2/metrics_steps_nav2_3_crossing_0.csv,True,19.89,8.850841228686809
intersection_hallway,nav2,nav2,intersection_hallway,3_crossing,,0,intersection_hallway/nav2/metrics_steps_nav2_3_crossing_0.csv,True,19.99,8.838949683970677
intersection_hallway,nav2,nav2,intersection_hallway,3_crossing,,0,intersection_hallway/nav2/metrics_steps_nav2_3_crossing_0.csv,True,20.09,8.828673911859687
intersection_hallway,nav2,nav2,intersection_hallway,3_crossing,,0,intersection_hallway/nav2/metrics_steps_nav2_3_crossing_0.csv,True,20.19,8.819786011791008
intersection_hallway,nav2,nav2,intersection_hallway,3_crossing,,0,intersection_hallway/nav2/metrics_steps_nav2_3_crossing_0.csv,True,20.29,8.81208742103911
intersection_hallway,nav2,nav2,intersection_hallway,3_crossing,,0,intersection_hallway/nav2/metrics_steps_nav2_3_crossing_0.csv,True,20.39,8.805404245879258
intersection_hallway,nav2,nav2,intersection_hallway,3_crossing,,0,intersection_hallway/nav2/metrics_steps_nav2_3_crossing_0.csv,True,20.49,8.799588490594004
intersection_hallway,nav2,nav2,intersection_hallway,3_crossing,,0,intersection_hallway/nav2/metrics_steps_nav2_3_crossing_0.csv,True,20.59,8.794514271772389
intersection_hallway,nav2,nav2,intersection_hallway,3_crossing,,0,intersection_hallway/nav2/metrics_steps_nav2_3_crossing_0.csv,True,20.69,8.79007522746847
intersection_hallway,nav2,nav2,intersection_hallway,3_crossing,,0,intersection_hallway/nav2/metrics_steps_nav2_3_crossing_0.csv,True,20.79,8.786183183129705
intersection_hallway,nav2,nav2,intersection_hallway,3_crossing,,0,intersection_hallway/nav2/metrics_steps_nav2_3_crossing_0.csv,True,20.89,8.782763773158665
intersection_hallway,nav2,nav2,intersection_hallway,3_crossing,,0,intersection_hallway/nav2/metrics_steps_nav2_3_crossing_0.csv,True,20.99,8.779754541199518
intersection_hallway,nav2,nav2,intersection_hallway,3_crossing,,0,intersection_hallway/nav2/metrics_steps_nav2_3_crossing_0.csv,True,21.09,8.777102154440351
intersection_hallway,nav2,nav2,intersection_hallway,3_crossing,,0,intersection_hallway/nav2/metrics_steps_nav2_3_crossing_0.csv,True,21.19,8.774760123683928
intersection_hallway,nav2,nav2,intersection_hallway,3_crossing,,0,intersection_hallway/nav2/metrics_steps_nav2_3_crossing_0.csv,True,21.29,8.772675023129292
intersection_hallway,nav2,nav2,intersection_hallway,3_crossing,,0,intersection_hallway/nav2/metrics_steps_nav2_3_crossing_0.csv,True,21.39,8.770784531106461
intersection_hallway,nav2,nav2,intersection_hallway,3_crossing,,0,intersection_hallway/nav2/metrics_steps_nav2_3_crossing_0.csv,True,21.49,8.769039737901597
intersection_hallway,nav2,nav2,intersection_hallway,3_crossing,,0,intersection_hallway/nav2/metrics_steps_nav2_3_crossing_0.csv,True,21.59,8.767402323373608
intersection_hallway,nav2,nav2,intersection_hallway,3_crossing,,0,intersection_hallway/nav2/metrics_steps_nav2_3_crossing_0.csv,True,21.69,8.765843887845014
intersection_hallway,nav2,nav2,intersection_hallway,3_crossing,,0,intersection_hallway/nav2/metrics_steps_nav2_3_crossing_0.csv,True,21.79,8.764344048014992
intersection_hallway,nav2,nav2,intersection_hallway,3_crossing,,0,intersection_hallway/nav2/metrics_steps_nav2_3_crossing_0.csv,True,21.89,8.762888709776485
intersection_hallway,nav2,nav2,intersection_hallway,3_crossing,,0,intersection_hallway/nav2/metrics_steps_nav2_3_crossing_0.csv,True,21.99,8.760915154742166
intersection_hallway,nav2,nav2,intersection_hallway,3_crossing,,0,intersection_hallway/nav2/metrics_steps_nav2_3_crossing_0.csv,True,22.09,8.758114844214704
intersection_hallway,nav2,nav2,intersection_hallway,3_crossing,,0,intersection_hallway/nav2/metrics_steps_nav2_3_crossing_0.csv,True,22.19,8.754526269389237
intersection_hallway,nav2,nav2,intersection_hallway,3_crossing,,0,intersection_hallway/nav2/metrics_steps_nav2_3_crossing_0.csv,True,22.29,8.750217812769936
intersection_hallway,nav2,nav2,intersection_hallway,3_crossing,,0,intersection_hallway/nav2/metrics_steps_nav2_3_crossing_0.csv,True,22.39,8.745358234606716
intersection_hallway,nav2,nav2,intersection_hallway,3_crossing,,0,intersection_hallway/nav2/metrics_steps_nav2_3_crossing_0.csv,True,22.49,8.73997710722544
intersection_hallway,nav2,nav2,intersection_hallway,3_crossing,,0,intersection_hallway/nav2/metrics_steps_nav2_3_crossing_0.csv,True,22.59,8.734328609782512
intersection_hallway,nav2,nav2,intersection_hallway,3_crossing,,0,intersection_hallway/nav2/metrics_steps_nav2_3_crossing_0.csv,True,22.69,8.728722667038468
intersection_hallway,nav2,nav2,intersection_hallway,3_crossing,,0,intersection_hallway/nav2/metrics_steps_nav2_3_crossing_0.csv,True,22.79,8.724654285713354
intersection_hallway,nav2,nav2,intersection_hallway,3_crossing,,0,intersection_hallway/nav2/metrics_steps_nav2_3_crossing_0.csv,True,22.89,8.722102604417033
intersection_hallway,nav2,nav2,intersection_hallway,3_crossing,,0,intersection_hallway/nav2/metrics_steps_nav2_3_crossing_0.csv,True,22.99,8.720257307150025
intersection_hallway,nav2,nav2,intersection_hallway,3_crossing,,0,intersection_hallway/nav2/metrics_steps_nav2_3_crossing_0.csv,True,23.09,8.720028364155846
intersection_hallway,nav2,nav2,intersection_hallway,3_crossing,,0,intersection_hallway/nav2/metrics_steps_nav2_3_crossing_0.csv,True,23.19,8.722004889628302
intersection_hallway,nav2,nav2,intersection_hallway,3_crossing,,0,intersection_hallway/nav2/metrics_steps_nav2_3_crossing_0.csv,True,23.29,8.727743775770913
intersection_hallway,nav2,nav2,intersection_hallway,3_crossing,,0,intersection_hallway/nav2/metrics_steps_nav2_3_crossing_0.csv,True,23.39,8.73480574295123
intersection_hallway,nav2,nav2,intersection_hallway,3_crossing,,0,intersection_hallway/nav2/metrics_steps_nav2_3_crossing_0.csv,True,23.49,8.742773467099827
intersection_hallway,nav2,nav2,intersection_hallway,3_crossing,,0,intersection_hallway/nav2/metrics_steps_nav2_3_crossing_0.csv,True,23.59,8.75017058051484
intersection_hallway,nav2,nav2,intersection_hallway,3_crossing,,0,intersection_hallway/nav2/metrics_steps_nav2_3_crossing_0.csv,True,23.69,8.756113519356635
intersection_hallway,nav2,nav2,intersection_hallway,3_crossing,,0,intersection_hallway/nav2/metrics_steps_nav2_3_crossing_0.csv,True,23.79,8.761892911870213
intersection_hallway,nav2,nav2,intersection_hallway,3_crossing,,0,intersection_hallway/nav2/metrics_steps_nav2_3_crossing_0.csv,True,23.89,8.767962259168973
intersection_hallway,nav2,nav2,intersection_hallway,3_crossing,,0,intersection_hallway/nav2/metrics_steps_nav2_3_crossing_0.csv,True,23.99,8.774554487215681
intersection_hallway,nav2,nav2,intersection_hallway,3_crossing,,0,intersection_hallway/nav2/metrics_steps_nav2_3_crossing_0.csv,True,24.09,8.785561530675485
intersection_hallway,nav2,nav2,intersection_hallway,3_crossing,,0,intersection_hallway/nav2/metrics_steps_nav2_3_crossing_0.csv,True,24.19,8.799976600667138
intersection_hallway,nav2,nav2,intersection_hallway,3_crossing,,0,intersection_hallway/nav2/metrics_steps_nav2_3_crossing_0.csv,True,24.29,8.81494196066477
intersection_hallway,nav2,nav2,intersection_hallway,3_crossing,,0,intersection_hallway/nav2/metrics_steps_nav2_3_crossing_0.csv,True,24.39,8.830376098955057
intersection_hallway,nav2,nav2,intersection_hallway,3_crossing,,0,intersection_hallway/nav2/metrics_steps_nav2_3_crossing_0.csv,True,24.49,8.844045835236912
intersection_hallway,nav2,nav2,intersection_hallway,3_crossing,,0,intersection_hallway/nav2/metrics_steps_nav2_3_crossing_0.csv,True,24.59,8.856320015858032
intersection_hallway,nav2,nav2,intersection_hallway,3_crossing,,0,intersection_hallway/nav2/metrics_steps_nav2_3_crossing_0.csv,True,24.69,8.868603131616581
intersection_hallway,nav2,nav2,intersection_hallway,3_crossing,,0,intersection_hallway/nav2/metrics_steps_nav2_3_crossing_0.csv,True,24.79,8.881855298343009
intersection_hallway,nav2,nav2,intersection_hallway,3_crossing,,0,intersection_hallway/nav2/metrics_steps_nav2_3_crossing_0.csv,True,24.89,8.895300499529442
intersection_hallway,nav2,nav2,intersection_hallway,3_crossing,,0,intersection_hallway/nav2/metrics_steps_nav2_3_crossing_0.csv,True,24.99,8.91038275189692
intersection_hallway,nav2,nav2,intersection_hallway,3_crossing,,0,intersection_hallway/nav2/metrics_steps_nav2_3_crossing_0.csv,True,25.09,8.925009798744284
intersection_hallway,nav2,nav2,intersection_hallway,3_crossing,,0,intersection_hallway/nav2/metrics_steps_nav2_3_crossing_0.csv,True,25.19,8.940116687955774
intersection_hallway,nav2,nav2,intersection_hallway,3_crossing,,0,intersection_hallway/nav2/metrics_steps_nav2_3_crossing_0.csv,True,25.29,8.954373638285686
intersection_hallway,nav2,nav2,intersection_hallway,3_crossing,,0,intersection_hallway/nav2/metrics_steps_nav2_3_crossing_0.csv,True,25.39,8.97033939749691
intersection_hallway,nav2,nav2,intersection_hallway,3_crossing,,0,intersection_hallway/nav2/metrics_steps_nav2_3_crossing_0.csv,True,25.49,8.985611175004276
intersection_hallway,nav2,nav2,intersection_hallway,3_crossing,,0,intersection_hallway/nav2/metrics_steps_nav2_3_crossing_0.csv,True,25.59,9.001342944987389
intersection_hallway,nav2,nav2,intersection_hallway,3_crossing,,0,intersection_hallway/nav2/metrics_steps_nav2_3_crossing_0.csv,True,25.69,9.016881361294796
intersection_hallway,nav2,nav2,intersection_hallway,3_crossing,,0,intersection_hallway/nav2/metrics_steps_nav2_3_crossing_0.csv,True,25.79,9.032370649140988
intersection_hallway,nav2,nav2,intersection_hallway,3_crossing,,0,intersection_hallway/nav2/metrics_steps_nav2_3_crossing_0.csv,True,25.89,9.04836164306975
intersection_hallway,nav2,nav2,intersection_hallway,3_crossing,,0,intersection_hallway/nav2/metrics_steps_nav2_3_crossing_0.csv,True,25.99,9.06547027497437
intersection_hallway,nav2,nav2,intersection_hallway,3_crossing,,0,intersection_hallway/nav2/metrics_steps_nav2_3_crossing_0.csv,True,26.09,9.08376308156512
intersection_hallway,nav2,nav2,intersection_hallway,3_crossing,,0,intersection_hallway/nav2/metrics_steps_nav2_3_crossing_0.csv,True,26.19,9.104393684604917
intersection_hallway,nav2,nav2,intersection_hallway,3_crossing,,0,intersection_hallway/nav2/metrics_steps_nav2_3_crossing_0.csv,True,26.29,9.12641311756164
intersection_hallway,nav2,nav2,intersection_hallway,3_crossing,,0,intersection_hallway/nav2/metrics_steps_nav2_3_crossing_0.csv,True,26.39,9.14860088925607
intersection_hallway,nav2,nav2,intersection_hallway,3_crossing,,0,intersection_hallway/nav2/metrics_steps_nav2_3_crossing_0.csv,True,26.49,9.172476520224713
intersection_hallway,nav2,nav2,intersection_hallway,3_crossing,,0,intersection_hallway/nav2/metrics_steps_nav2_3_crossing_0.csv,True,26.59,9.19658075054152
intersection_hallway,nav2,nav2,intersection_hallway,3_crossing,,0,intersection_hallway/nav2/metrics_steps_nav2_3_crossing_0.csv,True,26.69,9.220718402358406
intersection_hallway,nav2,nav2,intersection_hallway,3_crossing,,0,intersection_hallway/nav2/metrics_steps_nav2_3_crossing_0.csv,True,26.79,9.245912004523552
intersection_hallway,nav2,nav2,intersection_hallway,3_crossing,,0,intersection_hallway/nav2/metrics_steps_nav2_3_crossing_0.csv,True,26.89,9.27245733028704
intersection_hallway,nav2,nav2,intersection_hallway,3_crossing,,0,intersection_hallway/nav2/metrics_steps_nav2_3_crossing_0.csv,True,26.99,9.299057655352836
intersection_hallway,nav2,nav2,intersection_hallway,3_crossing,,0,intersection_hallway/nav2/metrics_steps_nav2_3_crossing_0.csv,True,27.09,9.32666322440349
intersection_hallway,nav2,nav2,intersection_hallway,3_crossing,,0,intersection_hallway/nav2/metrics_steps_nav2_3_crossing_0.csv,True,27.19,9.354482610575086
intersection_hallway,nav2,nav2,intersection_hallway,3_crossing,,0,intersection_hallway/nav2/metrics_steps_nav2_3_crossing_0.csv,True,27.29,9.38386773349768
intersection_hallway,nav2,nav2,intersection_hallway,3_crossing,,0,intersection_hallway/nav2/metrics_steps_nav2_3_crossing_0.csv,True,27.39,9.413245773848438
intersection_hallway,nav2,nav2,intersection_hallway,3_crossing,,0,intersection_hallway/nav2/metrics_steps_nav2_3_crossing_0.csv,True,27.49,9.442138435628292
intersection_hallway,nav2,nav2,intersection_hallway,3_crossing,,0,intersection_hallway/nav2/metrics_steps_nav2_3_crossing_0.csv,True,27.59,9.471823561961166
intersection_hallway,nav2,nav2,intersection_hallway,3_crossing,,0,intersection_hallway/nav2/metrics_steps_nav2_3_crossing_0.csv,True,27.69,9.501737858423311
intersection_hallway,nav2,nav2,intersection_hallway,3_crossing,,0,intersection_hallway/nav2/metrics_steps_nav2_3_crossing_0.csv,True,27.79,9.53154592700332
intersection_hallway,nav2,nav2,intersection_hallway,3_crossing,,0,intersection_hallway/nav2/metrics_steps_nav2_3_crossing_0.csv,True,27.89,9.561396965567614
intersection_hallway,nav2,nav2,intersection_hallway,3_crossing,,0,intersection_hallway/nav2/metrics_steps_nav2_3_crossing_0.csv,True,27.99,9.590632457214928
intersection_hallway,nav2,nav2,intersection_hallway,3_crossing,,0,intersection_hallway/nav2/metrics_steps_nav2_3_crossing_0.csv,True,28.09,9.621378652322896
intersection_hallway,nav2,nav2,intersection_hallway,3_crossing,,0,intersection_hallway/nav2/metrics_steps_nav2_3_crossing_0.csv,True,28.19,9.651750518231507
intersection_hallway,nav2,nav2,intersection_hallway,3_crossing,,0,intersection_hallway/nav2/metrics_steps_nav2_3_crossing_0.csv,True,28.29,9.6833613672666
intersection_hallway,nav2,nav2,intersection_hallway,3_crossing,,0,intersection_hallway/nav2/metrics_steps_nav2_3_crossing_0.csv,True,28.39,9.715555508207922
intersection_hallway,nav2,nav2,intersection_hallway,3_crossing,,0,intersection_hallway/nav2/metrics_steps_nav2_3_crossing_0.csv,True,28.49,9.748474488238452
intersection_hallway,nav2,nav2,intersection_hallway,3_crossing,,0,intersection_hallway/nav2/metrics_steps_nav2_3_crossing_0.csv,True,28.59,9.78230691312667
intersection_hallway,nav2,nav2,intersection_hallway,3_crossing,,0,intersection_hallway/nav2/metrics_steps_nav2_3_crossing_0.csv,True,28.69,9.81668203086928
intersection_hallway,nav2,nav2,intersection_hallway,3_crossing,,0,intersection_hallway/nav2/metrics_steps_nav2_3_crossing_0.csv,True,28.79,9.85101279069634
intersection_hallway,nav2,nav2,intersection_hallway,3_crossing,,0,intersection_hallway/nav2/metrics_steps_nav2_3_crossing_0.csv,True,28.89,9.885287726039644
intersection_hallway,nav2,nav2,intersection_hallway,3_crossing,,0,intersection_hallway/nav2/metrics_steps_nav2_3_crossing_0.csv,True,28.99,9.91995042156585
intersection_hallway,nav2,nav2,intersection_hallway,3_crossing,,0,intersection_hallway/nav2/metrics_steps_nav2_3_crossing_0.csv,True,29.09,9.955406047821516
intersection_hallway,nav2,nav2,intersection_hallway,3_crossing,,0,intersection_hallway/nav2/metrics_steps_nav2_3_crossing_0.csv,True,29.19,9.991672562908802
intersection_hallway,nav2,nav2,intersection_hallway,3_crossing,,0,intersection_hallway/nav2/metrics_steps_nav2_3_crossing_0.csv,True,29.29,10.027561822263232
intersection_hallway,nav2,nav2,intersection_hallway,3_crossing,,0,intersection_hallway/nav2/metrics_steps_nav2_3_crossing_0.csv,True,29.39,10.063233625363411
intersection_hallway,nav2,nav2,intersection_hallway,3_crossing,,0,intersection_hallway/nav2/metrics_steps_nav2_3_crossing_0.csv,True,29.49,10.099660401439758
intersection_hallway,nav2,nav2,intersection_hallway,3_crossing,,0,intersection_hallway/nav2/metrics_steps_nav2_3_crossing_0.csv,True,29.59,10.13729798549729
intersection_hallway,nav2,nav2,intersection_hallway,3_crossing,,0,intersection_hallway/nav2/metrics_steps_nav2_3_crossing_0.csv,True,29.69,10.176817063986482
intersection_hallway,nav2,nav2,intersection_hallway,3_crossing,,0,intersection_hallway/nav2/metrics_steps_nav2_3_crossing_0.csv,True,29.79,10.218814191631608
intersection_hallway,nav2,nav2,intersection_hallway,3_crossing,,0,intersection_hallway/nav2/metrics_steps_nav2_3_crossing_0.csv,True,29.89,10.2628704381454
intersection_hallway,nav2,nav2,intersection_hallway,3_crossing,,0,intersection_hallway/nav2/metrics_steps_nav2_3_crossing_0.csv,True,29.99,10.308268838127852
intersection_hallway,nav2,nav2,intersection_hallway,3_crossing,,0,intersection_hallway/nav2/metrics_steps_nav2_3_crossing_0.csv,True,30.09,10.351395828982062
intersection_hallway,nav2,nav2,intersection_hallway,3_crossing,,0,intersection_hallway/nav2/metrics_steps_nav2_3_crossing_0.csv,True,30.19,10.39137857710742
intersection_hallway,nav2,nav2,intersection_hallway,3_crossing,,0,intersection_hallway/nav2/metrics_steps_nav2_3_crossing_0.csv,True,30.29,10.42758717500309
intersection_hallway,nav2,nav2,intersection_hallway,3_crossing,,0,intersection_hallway/nav2/metrics_steps_nav2_3_crossing_0.csv,True,30.39,10.459176615992805
intersection_hallway,nav2,nav2,intersection_hallway,3_crossing,,0,intersection_hallway/nav2/metrics_steps_nav2_3_crossing_0.csv,True,30.49,10.485440123228347
intersection_hallway,nav2,nav2,intersection_hallway,3_crossing,,0,intersection_hallway/nav2/metrics_steps_nav2_3_crossing_0.csv,True,30.59,10.506334567407936
intersection_hallway,nav2,nav2,intersection_hallway,3_crossing,,0,intersection_hallway/nav2/metrics_steps_nav2_3_crossing_0.csv,True,30.69,10.522042849989548
intersection_hallway,nav2,nav2,intersection_hallway,3_crossing,,0,intersection_hallway/nav2/metrics_steps_nav2_3_crossing_0.csv,True,30.79,10.535170107974212
intersection_hallway,nav2,nav2,intersection_hallway,3_crossing,,0,intersection_hallway/nav2/metrics_steps_nav2_3_crossing_0.csv,True,30.89,10.54670870068228
intersection_hallway,nav2,nav2,intersection_hallway,3_crossing,,0,intersection_hallway/nav2/metrics_steps_nav2_3_crossing_0.csv,True,30.99,10.557292917222725
intersection_hallway,nav2,nav2,intersection_hallway,3_crossing,,0,intersection_hallway/nav2/metrics_steps_nav2_3_crossing_0.csv,True,31.09,10.567669375745252
intersection_hallway,nav2,nav2,intersection_hallway,3_crossing,,0,intersection_hallway/nav2/metrics_steps_nav2_3_crossing_0.csv,True,31.19,10.58095605517096
intersection_hallway,nav2,nav2,intersection_hallway,3_crossing,,0,intersection_hallway/nav2/metrics_steps_nav2_3_crossing_0.csv,True,31.29,10.597531743015224
intersection_hallway,nav2,nav2,intersection_hallway,3_crossing,,0,intersection_hallway/nav2/metrics_steps_nav2_3_crossing_0.csv,True,31.39,10.616988089442216
intersection_hallway,nav2,nav2,intersection_hallway,3_crossing,,0,intersection_hallway/nav2/metrics_steps_nav2_3_crossing_0.csv,True,31.49,10.63994832753308
intersection_hallway,nav2,nav2,intersection_hallway,3_crossing,,0,intersection_hallway/nav2/metrics_steps_nav2_3_crossing_0.csv,True,31.59,10.660954388292804
intersection_hallway,nav2,nav2,intersection_hallway,3_crossing,,0,intersection_hallway/nav2/metrics_steps_nav2_3_crossing_0.csv,True,31.69,10.680251966354811
intersection_hallway,nav2,nav2,intersection_hallway,3_crossing,,0,intersection_hallway/nav2/metrics_steps_nav2_3_crossing_0.csv,True,31.79,10.700011367083444
intersection_hallway,nav2,nav2,intersection_hallway,3_crossing,,0,intersection_hallway/nav2/metrics_steps_nav2_3_crossing_0.csv,True,31.89,10.720575784909324
intersection_hallway,nav2,nav2,intersection_hallway,3_crossing,,0,intersection_hallway/nav2/metrics_steps_nav2_3_crossing_0.csv,True,31.99,10.738057374151545
intersection_hallway,nav2,nav2,intersection_hallway,3_crossing,,0,intersection_hallway/nav2/metrics_steps_nav2_3_crossing_0.csv,True,32.09,10.75299714701058
intersection_hallway,nav2,nav2,intersection_hallway,3_crossing,,0,intersection_hallway/nav2/metrics_steps_nav2_3_crossing_0.csv,True,32.19,10.769175971782076
intersection_hallway,nav2,nav2,intersection_hallway,3_crossing,,0,intersection_hallway/nav2/metrics_steps_nav2_3_crossing_0.csv,True,32.29,10.787348605647592
intersection_hallway,nav2,nav2,intersection_hallway,3_crossing,,0,intersection_hallway/nav2/metrics_steps_nav2_3_crossing_0.csv,True,32.39,10.806164670702646
intersection_hallway,nav2,nav2,intersection_hallway,3_crossing,,0,intersection_hallway/nav2/metrics_steps_nav2_3_crossing_0.csv,True,32.49,10.823829346996254
intersection_hallway,nav2,nav2,intersection_hallway,3_crossing,,0,intersection_hallway/nav2/metrics_steps_nav2_3_crossing_0.csv,True,32.59,10.83811296422884
intersection_hallway,nav2,nav2,intersection_hallway,3_crossing,,0,intersection_hallway/nav2/metrics_steps_nav2_3_crossing_0.csv,True,32.69,10.852263005242268
intersection_hallway,nav2,nav2,intersection_hallway,3_crossing,,0,intersection_hallway/nav2/metrics_steps_nav2_3_crossing_0.csv,True,32.79,10.869034839630912
intersection_hallway,nav2,nav2,intersection_hallway,3_crossing,,0,intersection_hallway/nav2/metrics_steps_nav2_3_crossing_0.csv,True,32.89,10.88755768684076
intersection_hallway,nav2,nav2,intersection_hallway,3_crossing,,0,intersection_hallway/nav2/metrics_steps_nav2_3_crossing_0.csv,True,32.99,10.908679880578092
intersection_hallway,nav2,nav2,intersection_hallway,3_crossing,,0,intersection_hallway/nav2/metrics_steps_nav2_3_crossing_0.csv,True,33.09,10.929824324531706
intersection_hallway,nav2,nav2,intersection_hallway,3_crossing,,0,intersection_hallway/nav2/metrics_steps_nav2_3_crossing_0.csv,True,33.19,10.95290129864618
intersection_hallway,nav2,nav2,intersection_hallway,3_crossing,,0,intersection_hallway/nav2/metrics_steps_nav2_3_crossing_0.csv,True,33.29,10.9765159036128
intersection_hallway,nav2,nav2,intersection_hallway,3_crossing,,0,intersection_hallway/nav2/metrics_steps_nav2_3_crossing_0.csv,True,33.39,11.0011335961156
intersection_hallway,nav2,nav2,intersection_hallway,3_crossing,,0,intersection_hallway/nav2/metrics_steps_nav2_3_crossing_0.csv,True,33.49,11.023492276111266
intersection_hallway,nav2,nav2,intersection_hallway,3_crossing,,0,intersection_hallway/nav2/metrics_steps_nav2_3_crossing_0.csv,True,33.59,11.04352866052535
intersection_hallway,nav2,nav2,intersection_hallway,3_crossing,,0,intersection_hallway/nav2/metrics_steps_nav2_3_crossing_0.csv,True,33.69,11.061048963287616
intersection_hallway,nav2,nav2,intersection_hallway,3_crossing,,0,intersection_hallway/nav2/metrics_steps_nav2_3_crossing_0.csv,True,33.79,11.076723649597351
intersection_hallway,nav2,nav2,intersection_hallway,3_crossing,,0,intersection_hallway/nav2/metrics_steps_nav2_3_crossing_0.csv,True,33.89,11.08997042259922
intersection_hallway,nav2,nav2,intersection_hallway,3_crossing,,0,intersection_hallway/nav2/metrics_steps_nav2_3_crossing_0.csv,True,33.99,11.102279240197335
intersection_hallway,nav2,nav2,intersection_hallway,3_crossing,,0,intersection_hallway/nav2/metrics_steps_nav2_3_crossing_0.csv,True,34.09,11.11376982878329
narrow_hallway,mcts/main,mcts/main (0.5),2_towards_robot,2_towards_robot,0.5,0,narrow_hallway/mcts/main/metrics_steps_2_towards_robot_0_0.5.csv,False,0.0,13.288822526158777
narrow_hallway,mcts/main,mcts/main (0.5),2_towards_robot,2_towards_robot,0.5,0,narrow_hallway/mcts/main/metrics_steps_2_towards_robot_0_0.5.csv,False,0.1,13.237777395186416
narrow_hallway,mcts/main,mcts/main (0.5),2_towards_robot,2_towards_robot,0.5,0,narrow_hallway/mcts/main/metrics_steps_2_towards_robot_0_0.5.csv,False,0.2,13.149487074710237
narrow_hallway,mcts/main,mcts/main (0.5),2_towards_robot,2_towards_robot,0.5,0,narrow_hallway/mcts/main/metrics_steps_2_towards_robot_0_0.5.csv,False,0.3,13.032270116002575
narrow_hallway,mcts/main,mcts/main (0.5),2_towards_robot,2_towards_robot,0.5,0,narrow_hallway/mcts/main/metrics_steps_2_towards_robot_0_0.5.csv,False,0.4,12.892474305857103
narrow_hallway,mcts/main,mcts/main (0.5),2_towards_robot,2_towards_robot,0.5,0,narrow_hallway/mcts/main/metrics_steps_2_towards_robot_0_0.5.csv,False,0.5,12.734321716620707
narrow_hallway,mcts/main,mcts/main (0.5),2_towards_robot,2_towards_robot,0.5,0,narrow_hallway/mcts/main/metrics_steps_2_towards_robot_0_0.5.csv,False,0.6,12.560621307259924
narrow_hallway,mcts/main,mcts/main (0.5),2_towards_robot,2_towards_robot,0.5,0,narrow_hallway/mcts/main/metrics_steps_2_towards_robot_0_0.5.csv,False,0.7,12.373226523480229
narrow_hallway,mcts/main,mcts/main (0.5),2_towards_robot,2_towards_robot,0.5,0,narrow_hallway/mcts/main/metrics_steps_2_towards_robot_0_0.5.csv,False,0.8,12.18025747781162
narrow_hallway,mcts/main,mcts/main (0.5),2_towards_robot,2_towards_robot,0.5,0,narrow_hallway/mcts/main/metrics_steps_2_towards_robot_0_0.5.csv,False,0.9,11.978978964402453
narrow_hallway,mcts/main,mcts/main (0.5),2_towards_robot,2_towards_robot,0.5,0,narrow_hallway/mcts/main/metrics_steps_2_towards_robot_0_0.5.csv,False,1.0,11.769766884066604
narrow_hallway,mcts/main,mcts/main (0.5),2_towards_robot,2_towards_robot,0.5,0,narrow_hallway/mcts/main/metrics_steps_2_towards_robot_0_0.5.csv,False,1.1,11.54990364534117
narrow_hallway,mcts/main,mcts/main (0.5),2_towards_robot,2_towards_robot,0.5,0,narrow_hallway/mcts/main/metrics_steps_2_towards_robot_0_0.5.csv,False,1.2,11.321915762907825
narrow_hallway,mcts/main,mcts/main (0.5),2_towards_robot,2_towards_robot,0.5,0,narrow_hallway/mcts/main/metrics_steps_2_towards_robot_0_0.5.csv,False,1.3,11.099383009555195
narrow_hallway,mcts/main,mcts/main (0.5),2_towards_robot,2_towards_robot,0.5,0,narrow_hallway/mcts/main/metrics_steps_2_towards_robot_0_0.5.csv,False,1.4,10.879576836962483
narrow_hallway,mcts/main,mcts/main (0.5),2_towards_robot,2_towards_robot,0.5,0,narrow_hallway/mcts/main/metrics_steps_2_towards_robot_0_0.5.csv,False,1.5,10.655001952901513
narrow_hallway,mcts/main,mcts/main (0.5),2_towards_robot,2_towards_robot,0.5,0,narrow_hallway/mcts/main/metrics_steps_2_towards_robot_0_0.5.csv,False,1.6,10.425882083593011
narrow_hallway,mcts/main,mcts/main (0.5),2_towards_robot,2_towards_robot,0.5,0,narrow_hallway/mcts/main/metrics_steps_2_towards_robot_0_0.5.csv,False,1.7,10.194907667937317
narrow_hallway,mcts/main,mcts/main (0.5),2_towards_robot,2_towards_robot,0.5,0,narrow_hallway/mcts/main/metrics_steps_2_towards_robot_0_0.5.csv,False,1.8,9.965602925219349
narrow_hallway,mcts/main,mcts/main (0.5),2_towards_robot,2_towards_robot,0.5,0,narrow_hallway/mcts/main/metrics_steps_2_towards_robot_0_0.5.csv,False,1.9,9.739832634529725
narrow_hallway,mcts/main,mcts/main (0.5),2_towards_robot,2_towards_robot,0.5,0,narrow_hallway/mcts/main/metrics_steps_2_towards_robot_0_0.5.csv,False,2.0,9.514434811414908
narrow_hallway,mcts/main,mcts/main (0.5),2_towards_robot,2_towards_robot,0.5,0,narrow_hallway/mcts/main/metrics_steps_2_towards_robot_0_0.5.csv,False,2.1,9.289494381707216
narrow_hallway,mcts/main,mcts/main (0.5),2_towards_robot,2_towards_robot,0.5,0,narrow_hallway/mcts/main/metrics_steps_2_towards_robot_0_0.5.csv,False,2.2,9.065584636472687
narrow_hallway,mcts/main,mcts/main (0.5),2_towards_robot,2_towards_robot,0.5,0,narrow_hallway/mcts/main/metrics_steps_2_towards_robot_0_0.5.csv,False,2.3,8.84835887309084
narrow_hallway,mcts/main,mcts/main (0.5),2_towards_robot,2_towards_robot,0.5,0,narrow_hallway/mcts/main/metrics_steps_2_towards_robot_0_0.5.csv,False,2.4,8.634149017284017
narrow_hallway,mcts/main,mcts/main (0.5),2_towards_robot,2_towards_robot,0.5,0,narrow_hallway/mcts/main/metrics_steps_2_towards_robot_0_0.5.csv,False,2.5,8.412761309829355
narrow_hallway,mcts/main,mcts/main (0.5),2_towards_robot,2_towards_robot,0.5,0,narrow_hallway/mcts/main/metrics_steps_2_towards_robot_0_0.5.csv,False,2.6,8.187634146556187
narrow_hallway,mcts/main,mcts/main (0.5),2_towards_robot,2_towards_robot,0.5,0,narrow_hallway/mcts/main/metrics_steps_2_towards_robot_0_0.5.csv,False,2.7,7.9623670244605425
narrow_hallway,mcts/main,mcts/main (0.5),2_towards_robot,2_towards_robot,0.5,0,narrow_hallway/mcts/main/metrics_steps_2_towards_robot_0_0.5.csv,False,2.8,7.734622900933013
narrow_hallway,mcts/main,mcts/main (0.5),2_towards_robot,2_towards_robot,0.5,0,narrow_hallway/mcts/main/metrics_steps_2_towards_robot_0_0.5.csv,False,2.9,7.502845977318451
narrow_hallway,mcts/main,mcts/main (0.5),2_towards_robot,2_towards_robot,0.5,0,narrow_hallway/mcts/main/metrics_steps_2_towards_robot_0_0.5.csv,False,3.0,7.270227751945269
narrow_hallway,mcts/main,mcts/main (0.5),2_towards_robot,2_towards_robot,0.5,0,narrow_hallway/mcts/main/metrics_steps_2_towards_robot_0_0.5.csv,False,3.1,7.037613871093784
narrow_hallway,mcts/main,mcts/main (0.5),2_towards_robot,2_towards_robot,0.5,0,narrow_hallway/mcts/main/metrics_steps_2_towards_robot_0_0.5.csv,False,3.2,6.805526180957765
narrow_hallway,mcts/main,mcts/main (0.5),2_towards_robot,2_towards_robot,0.5,0,narrow_hallway/mcts/main/metrics_steps_2_towards_robot_0_0.5.csv,False,3.3,6.580133821794623
narrow_hallway,mcts/main,mcts/main (0.5),2_towards_robot,2_towards_robot,0.5,0,narrow_hallway/mcts/main/metrics_steps_2_towards_robot_0_0.5.csv,False,3.4,6.358328660837939
narrow_hallway,mcts/main,mcts/main (0.5),2_towards_robot,2_towards_robot,0.5,0,narrow_hallway/mcts/main/metrics_steps_2_towards_robot_0_0.5.csv,False,3.5,6.131136963088686
narrow_hallway,mcts/main,mcts/main (0.5),2_towards_robot,2_towards_robot,0.5,0,narrow_hallway/mcts/main/metrics_steps_2_towards_robot_0_0.5.csv,False,3.6,5.903411261329591
narrow_hallway,mcts/main,mcts/main (0.5),2_towards_robot,2_towards_robot,0.5,0,narrow_hallway/mcts/main/metrics_steps_2_towards_robot_0_0.5.csv,False,3.7,5.675889438531871
narrow_hallway,mcts/main,mcts/main (0.5),2_towards_robot,2_towards_robot,0.5,0,narrow_hallway/mcts/main/metrics_steps_2_towards_robot_0_0.5.csv,False,3.8,5.447360825009487
narrow_hallway,mcts/main,mcts/main (0.5),2_towards_robot,2_towards_robot,0.5,0,narrow_hallway/mcts/main/metrics_steps_2_towards_robot_0_0.5.csv,False,3.9,5.218027043315988
narrow_hallway,mcts/main,mcts/main (0.5),2_towards_robot,2_towards_robot,0.5,0,narrow_hallway/mcts/main/metrics_steps_2_towards_robot_0_0.5.csv,False,4.0,4.98887678084706
narrow_hallway,mcts/main,mcts/main (0.5),2_towards_robot,2_towards_robot,0.5,0,narrow_hallway/mcts/main/metrics_steps_2_towards_robot_0_0.5.csv,False,4.1,4.761669297687041
narrow_hallway,mcts/main,mcts/main (0.5),2_towards_robot,2_towards_robot,0.5,0,narrow_hallway/mcts/main/metrics_steps_2_towards_robot_0_0.5.csv,False,4.2,4.536314141963939
narrow_hallway,mcts/main,mcts/main (0.5),2_towards_robot,2_towards_robot,0.5,0,narrow_hallway/mcts/main/metrics_steps_2_towards_robot_0_0.5.csv,False,4.3,4.3165769800423135
narrow_hallway,mcts/main,mcts/main (0.5),2_towards_robot,2_towards_robot,0.5,0,narrow_hallway/mcts/main/metrics_steps_2_towards_robot_0_0.5.csv,False,4.4,4.107356652818449
narrow_hallway,mcts/main,mcts/main (0.5),2_towards_robot,2_towards_robot,0.5,0,narrow_hallway/mcts/main/metrics_steps_2_towards_robot_0_0.5.csv,False,4.5,3.908546601178241
narrow_hallway,mcts/main,mcts/main (0.5),2_towards_robot,2_towards_robot,0.5,0,narrow_hallway/mcts/main/metrics_steps_2_towards_robot_0_0.5.csv,False,4.6,3.7177492520374926
narrow_hallway,mcts/main,mcts/main (0.5),2_towards_robot,2_towards_robot,0.5,0,narrow_hallway/mcts/main/metrics_steps_2_towards_robot_0_0.5.csv,False,4.7,3.5283570890901723
narrow_hallway,mcts/main,mcts/main (0.5),2_towards_robot,2_towards_robot,0.5,0,narrow_hallway/mcts/main/metrics_steps_2_towards_robot_0_0.5.csv,False,4.8,3.3358962939043835
narrow_hallway,mcts/main,mcts/main (0.5),2_towards_robot,2_towards_robot,0.5,0,narrow_hallway/mcts/main/metrics_steps_2_towards_robot_0_0.5.csv,False,4.9,3.135082400334257
narrow_hallway,mcts/main,mcts/main (0.5),2_towards_robot,2_towards_robot,0.5,0,narrow_hallway/mcts/main/metrics_steps_2_towards_robot_0_0.5.csv,False,5.0,2.928499017100119
narrow_hallway,mcts/main,mcts/main (0.5),2_towards_robot,2_towards_robot,0.5,0,narrow_hallway/mcts/main/metrics_steps_2_towards_robot_0_0.5.csv,False,5.1,2.730479206929127
narrow_hallway,mcts/main,mcts/main (0.5),2_towards_robot,2_towards_robot,0.5,0,narrow_hallway/mcts/main/metrics_steps_2_towards_robot_0_0.5.csv,False,5.2,2.5429438903875488
narrow_hallway,mcts/main,mcts/main (0.5),2_towards_robot,2_towards_robot,0.5,0,narrow_hallway/mcts/main/metrics_steps_2_towards_robot_0_0.5.csv,False,5.3,2.3604581666549027
narrow_hallway,mcts/main,mcts/main (0.5),2_towards_robot,2_towards_robot,0.5,0,narrow_hallway/mcts/main/metrics_steps_2_towards_robot_0_0.5.csv,False,5.4,2.171544801777849
narrow_hallway,mcts/main,mcts/main (0.5),2_towards_robot,2_towards_robot,0.5,0,narrow_hallway/mcts/main/metrics_steps_2_towards_robot_0_0.5.csv,False,5.5,1.977255935721772
narrow_hallway,mcts/main,mcts/main (0.5),2_towards_robot,2_towards_robot,0.5,0,narrow_hallway/mcts/main/metrics_steps_2_towards_robot_0_0.5.csv,False,5.6,1.789081186484557
narrow_hallway,mcts/main,mcts/main (0.5),2_towards_robot,2_towards_robot,0.5,0,narrow_hallway/mcts/main/metrics_steps_2_towards_robot_0_0.5.csv,False,5.7,1.6130875516783685
narrow_hallway,mcts/main,mcts/main (0.5),2_towards_robot,2_towards_robot,0.5,0,narrow_hallway/mcts/main/metrics_steps_2_towards_robot_0_0.5.csv,False,5.8,1.4419636745262123
narrow_hallway,mcts/main,mcts/main (0.5),2_towards_robot,2_towards_robot,0.5,0,narrow_hallway/mcts/main/metrics_steps_2_towards_robot_0_0.5.csv,False,5.9,1.271688047658178
narrow_hallway,mcts/main,mcts/main (0.5),2_towards_robot,2_towards_robot,0.5,0,narrow_hallway/mcts/main/metrics_steps_2_towards_robot_0_0.5.csv,False,6.0,1.11239610836808
narrow_hallway,mcts/main,mcts/main (0.5),2_towards_robot,2_towards_robot,0.5,0,narrow_hallway/mcts/main/metrics_steps_2_towards_robot_0_0.5.csv,False,6.1,0.9706863360351832
narrow_hallway,mcts/main,mcts/main (0.5),2_towards_robot,2_towards_robot,0.5,0,narrow_hallway/mcts/main/metrics_steps_2_towards_robot_0_0.5.csv,False,6.2,0.8472163440259994
narrow_hallway,mcts/main,mcts/main (0.5),2_towards_robot,2_towards_robot,0.5,0,narrow_hallway/mcts/main/metrics_steps_2_towards_robot_0_0.5.csv,False,6.3,0.7412804431040696
narrow_hallway,mcts/main,mcts/main (0.5),2_towards_robot,2_towards_robot,0.5,0,narrow_hallway/mcts/main/metrics_steps_2_towards_robot_0_0.5.csv,False,6.4,0.6567381612153387
narrow_hallway,mcts/main,mcts/main (0.5),2_towards_robot,2_towards_robot,0.5,0,narrow_hallway/mcts/main/metrics_steps_2_towards_robot_0_0.5.csv,False,6.5,0.6023374669589532
narrow_hallway,mcts/main,mcts/main (0.5),2_towards_robot,2_towards_robot,0.5,0,narrow_hallway/mcts/main/metrics_steps_2_towards_robot_0_0.5.csv,False,6.6,0.5817979598402325
narrow_hallway,mcts/main,mcts/main (0.5),2_towards_robot,2_towards_robot,0.5,0,narrow_hallway/mcts/main/metrics_steps_2_towards_robot_0_0.5.csv,False,6.7,0.5947263292121934
narrow_hallway,mcts/main,mcts/main (0.5),2_towards_robot,2_towards_robot,0.5,0,narrow_hallway/mcts/main/metrics_steps_2_towards_robot_0_0.5.csv,False,6.8,0.6375786615481904
narrow_hallway,mcts/main,mcts/main (0.5),2_towards_robot,2_towards_robot,0.5,0,narrow_hallway/mcts/main/metrics_steps_2_towards_robot_0_0.5.csv,False,6.9,0.7058508549747557
narrow_hallway,mcts/main,mcts/main (0.5),2_towards_robot,2_towards_robot,0.5,0,narrow_hallway/mcts/main/metrics_steps_2_towards_robot_0_0.5.csv,False,7.0,0.7942776618017695
narrow_hallway,mcts/main,mcts/main (0.5),2_towards_robot,2_towards_robot,0.5,0,narrow_hallway/mcts/main/metrics_steps_2_towards_robot_0_0.5.csv,False,7.1,0.8981838960721977
narrow_hallway,mcts/main,mcts/main (0.5),2_towards_robot,2_towards_robot,0.5,0,narrow_hallway/mcts/main/metrics_steps_2_towards_robot_0_0.5.csv,False,7.2,1.0171173643154208
narrow_hallway,mcts/main,mcts/main (0.5),2_towards_robot,2_towards_robot,0.5,0,narrow_hallway/mcts/main/metrics_steps_2_towards_robot_0_0.5.csv,False,7.3,1.148764426763853
narrow_hallway,mcts/main,mcts/main (0.5),2_towards_robot,2_towards_robot,0.5,0,narrow_hallway/mcts/main/metrics_steps_2_towards_robot_0_0.5.csv,False,7.4,1.1627092683720572
narrow_hallway,mcts/main,mcts/main (0.5),2_towards_robot,2_towards_robot,0.5,0,narrow_hallway/mcts/main/metrics_steps_2_towards_robot_0_0.5.csv,False,7.5,1.02933476265318
narrow_hallway,mcts/main,mcts/main (0.5),2_towards_robot,2_towards_robot,0.5,0,narrow_hallway/mcts/main/metrics_steps_2_towards_robot_0_0.5.csv,False,7.6,0.9170656480574908
narrow_hallway,mcts/main,mcts/main (0.5),2_towards_robot,2_towards_robot,0.5,0,narrow_hallway/mcts/main/metrics_steps_2_towards_robot_0_0.5.csv,False,7.7,0.8274677600616709
narrow_hallway,mcts/main,mcts/main (0.5),2_towards_robot,2_towards_robot,0.5,0,narrow_hallway/mcts/main/metrics_steps_2_towards_robot_0_0.5.csv,False,7.8,0.760943527878873
narrow_hallway,mcts/main,mcts/main (0.5),2_towards_robot,2_towards_robot,0.5,0,narrow_hallway/mcts/main/metrics_steps_2_towards_robot_0_0.5.csv,False,7.9,0.7156175290161364
narrow_hallway,mcts/main,mcts/main (0.5),2_towards_robot,2_towards_robot,0.5,0,narrow_hallway/mcts/main/metrics_steps_2_towards_robot_0_0.5.csv,False,8.0,0.6912107533667904
narrow_hallway,mcts/main,mcts/main (0.5),2_towards_robot,2_towards_robot,0.5,0,narrow_hallway/mcts/main/metrics_steps_2_towards_robot_0_0.5.csv,False,8.1,0.6901489257462126
narrow_hallway,mcts/main,mcts/main (0.5),2_towards_robot,2_towards_robot,0.5,0,narrow_hallway/mcts/main/metrics_steps_2_towards_robot_0_0.5.csv,False,8.2,0.7157570992617734
narrow_hallway,mcts/main,mcts/main (0.5),2_towards_robot,2_towards_robot,0.5,0,narrow_hallway/mcts/main/metrics_steps_2_towards_robot_0_0.5.csv,False,8.3,0.7699799149428816
narrow_hallway,mcts/main,mcts/main (0.5),2_towards_robot,2_towards_robot,0.5,0,narrow_hallway/mcts/main/metrics_steps_2_towards_robot_0_0.5.csv,False,8.4,0.8528209400337405
narrow_hallway,mcts/main,mcts/main (0.5),2_towards_robot,2_towards_robot,0.5,0,narrow_hallway/mcts/main/metrics_steps_2_towards_robot_0_0.5.csv,False,8.5,0.9628478909584643
narrow_hallway,mcts/main,mcts/main (0.5),2_towards_robot,2_towards_robot,0.5,0,narrow_hallway/mcts/main/metrics_steps_2_towards_robot_0_0.5.csv,False,8.6,1.09249314937501
narrow_hallway,mcts/main,mcts/main (0.5),2_towards_robot,2_towards_robot,0.5,0,narrow_hallway/mcts/main/metrics_steps_2_towards_robot_0_0.5.csv,False,8.7,1.236270118560389
narrow_hallway,mcts/main,mcts/main (0.5),2_towards_robot,2_towards_robot,0.5,0,narrow_hallway/mcts/main/metrics_steps_2_towards_robot_0_0.5.csv,False,8.8,1.3877223340967082
narrow_hallway,mcts/main,mcts/main (0.5),2_towards_robot,2_towards_robot,0.5,0,narrow_hallway/mcts/main/metrics_steps_2_towards_robot_0_0.5.csv,False,8.9,1.542833848712863
narrow_hallway,mcts/main,mcts/main (0.5),2_towards_robot,2_towards_robot,0.5,0,narrow_hallway/mcts/main/metrics_steps_2_towards_robot_0_0.5.csv,False,9.0,1.7057277573392562
narrow_hallway,mcts/main,mcts/main (0.5),2_towards_robot,2_towards_robot,0.5,0,narrow_hallway/mcts/main/metrics_steps_2_towards_robot_0_0.5.csv,False,9.1,1.8787351114576407
narrow_hallway,mcts/main,mcts/main (0.5),2_towards_robot,2_towards_robot,0.5,0,narrow_hallway/mcts/main/metrics_steps_2_towards_robot_0_0.5.csv,False,9.2,2.0588691794749567
narrow_hallway,mcts/main,mcts/main (0.5),2_towards_robot,2_towards_robot,0.5,0,narrow_hallway/mcts/main/metrics_steps_2_towards_robot_0_0.5.csv,False,9.3,2.2425430525598844
narrow_hallway,mcts/main,mcts/main (0.5),2_towards_robot,2_towards_robot,0.5,0,narrow_hallway/mcts/main/metrics_steps_2_towards_robot_0_0.5.csv,False,9.4,2.428347120987573
narrow_hallway,mcts/main,mcts/main (0.5),2_towards_robot,2_towards_robot,0.5,0,narrow_hallway/mcts/main/metrics_steps_2_towards_robot_0_0.5.csv,False,9.5,2.6155132732457265
narrow_hallway,mcts/main,mcts/main (0.5),2_towards_robot,2_towards_robot,0.5,0,narrow_hallway/mcts/main/metrics_steps_2_towards_robot_0_0.5.csv,False,9.6,2.80460687456936
narrow_hallway,mcts/main,mcts/main (0.5),2_towards_robot,2_towards_robot,0.5,0,narrow_hallway/mcts/main/metrics_steps_2_towards_robot_0_0.5.csv,False,9.7,2.996563958150375
narrow_hallway,mcts/main,mcts/main (0.5),2_towards_robot,2_towards_robot,0.5,0,narrow_hallway/mcts/main/metrics_steps_2_towards_robot_0_0.5.csv,False,9.8,3.196762222460798
narrow_hallway,mcts/main,mcts/main (0.5),2_towards_robot,2_towards_robot,0.5,0,narrow_hallway/mcts/main/metrics_steps_2_towards_robot_0_0.5.csv,False,9.9,3.404499041777054
narrow_hallway,mcts/main,mcts/main (0.5),2_towards_robot,2_towards_robot,0.5,0,narrow_hallway/mcts/main/metrics_steps_2_towards_robot_0_0.5.csv,False,10.0,3.616918547115197
narrow_hallway,mcts/main,mcts/main (0.5),2_towards_robot,2_towards_robot,0.5,0,narrow_hallway/mcts/main/metrics_steps_2_towards_robot_0_0.5.csv,False,10.1,3.831783163188163
narrow_hallway,mcts/main,mcts/main (0.5),2_towards_robot,2_towards_robot,0.5,0,narrow_hallway/mcts/main/metrics_steps_2_towards_robot_0_0.5.csv,False,10.2,4.048235215034334
narrow_hallway,mcts/main,mcts/main (0.5),2_towards_robot,2_towards_robot,0.5,0,narrow_hallway/mcts/main/metrics_steps_2_towards_robot_0_0.5.csv,False,10.3,4.26359089435743
narrow_hallway,mcts/main,mcts/main (0.5),2_towards_robot,2_towards_robot,0.5,0,narrow_hallway/mcts/main/metrics_steps_2_towards_robot_0_0.5.csv,False,10.4,4.470131948161092
narrow_hallway,mcts/main,mcts/main (0.5),2_towards_robot,2_towards_robot,0.5,0,narrow_hallway/mcts/main/metrics_steps_2_towards_robot_0_0.5.csv,False,10.5,4.6713962059150695
narrow_hallway,mcts/main,mcts/main (0.5),2_towards_robot,2_towards_robot,0.5,0,narrow_hallway/mcts/main/metrics_steps_2_towards_robot_0_0.5.csv,False,10.6,4.873913087872111
narrow_hallway,mcts/main,mcts/main (0.5),2_towards_robot,2_towards_robot,0.5,0,narrow_hallway/mcts/main/metrics_steps_2_towards_robot_0_0.5.csv,False,10.7,5.079593323142993
narrow_hallway,mcts/main,mcts/main (0.5),2_towards_robot,2_towards_robot,0.5,0,narrow_hallway/mcts/main/metrics_steps_2_towards_robot_0_0.5.csv,False,10.8,5.28582971847363
narrow_hallway,mcts/main,mcts/main (0.5),2_towards_robot,2_towards_robot,0.5,0,narrow_hallway/mcts/main/metrics_steps_2_towards_robot_0_0.5.csv,False,10.9,5.492378606798464
narrow_hallway,mcts/main,mcts/main (0.5),2_towards_robot,2_towards_robot,0.5,0,narrow_hallway/mcts/main/metrics_steps_2_towards_robot_0_0.5.csv,False,11.0,5.697559726116734
narrow_hallway,mcts/main,mcts/main (0.5),2_towards_robot,2_towards_robot,0.5,0,narrow_hallway/mcts/main/metrics_steps_2_towards_robot_0_0.5.csv,False,11.1,5.90301469233693
narrow_hallway,mcts/main,mcts/main (0.5),2_towards_robot,2_towards_robot,0.5,0,narrow_hallway/mcts/main/metrics_steps_2_towards_robot_0_0.5.csv,False,11.2,6.10992613675625
narrow_hallway,mcts/main,mcts/main (0.5),2_towards_robot,2_towards_robot,0.5,0,narrow_hallway/mcts/main/metrics_steps_2_towards_robot_0_0.5.csv,False,11.3,6.321183979733581
narrow_hallway,mcts/main,mcts/main (0.5),2_towards_robot,2_towards_robot,0.5,0,narrow_hallway/mcts/main/metrics_steps_2_towards_robot_0_0.5.csv,False,11.4,6.535807018811692
narrow_hallway,mcts/main,mcts/main (0.5),2_towards_robot,2_towards_robot,0.5,0,narrow_hallway/mcts/main/metrics_steps_2_towards_robot_0_0.5.csv,False,11.5,6.750948854514245
narrow_hallway,mcts/main,mcts/main (0.5),2_towards_robot,2_towards_robot,0.5,0,narrow_hallway/mcts/main/metrics_steps_2_towards_robot_0_0.5.csv,False,11.6,6.968930147838801
narrow_hallway,mcts/main,mcts/main (0.5),2_towards_robot,2_towards_robot,0.5,0,narrow_hallway/mcts/main/metrics_steps_2_towards_robot_0_0.5.csv,False,11.7,7.188898308349125
narrow_hallway,mcts/main,mcts/main (0.5),2_towards_robot,2_towards_robot,0.5,0,narrow_hallway/mcts/main/metrics_steps_2_towards_robot_0_0.5.csv,False,11.8,7.409913155905862
narrow_hallway,mcts/main,mcts/main (0.5),2_towards_robot,2_towards_robot,0.5,0,narrow_hallway/mcts/main/metrics_steps_2_towards_robot_0_0.5.csv,False,11.9,7.631305242167441
narrow_hallway,mcts/main,mcts/main (0.5),2_towards_robot,2_towards_robot,0.5,0,narrow_hallway/mcts/main/metrics_steps_2_towards_robot_0_0.5.csv,False,12.0,7.846989567580753
narrow_hallway,mcts/main,mcts/main (0.5),2_towards_robot,2_towards_robot,0.5,0,narrow_hallway/mcts/main/metrics_steps_2_towards_robot_0_0.5.csv,False,12.1,8.056001837300164
narrow_hallway,mcts/main,mcts/main (0.5),2_towards_robot,2_towards_robot,0.5,0,narrow_hallway/mcts/main/metrics_steps_2_towards_robot_0_0.5.csv,False,12.2,8.261595328906672
narrow_hallway,mcts/main,mcts/main (0.5),2_towards_robot,2_towards_robot,0.5,0,narrow_hallway/mcts/main/metrics_steps_2_towards_robot_0_0.5.csv,False,12.3,8.472733559645146
narrow_hallway,mcts/main,mcts/main (0.5),2_towards_robot,2_towards_robot,0.5,0,narrow_hallway/mcts/main/metrics_steps_2_towards_robot_0_0.5.csv,False,12.4,8.694720360492015
narrow_hallway,mcts/main,mcts/main (0.5),2_towards_robot,2_towards_robot,0.5,0,narrow_hallway/mcts/main/metrics_steps_2_towards_robot_0_0.5.csv,False,12.5,8.801202400566966
narrow_hallway,mcts/main,mcts/main (0.5),2_towards_robot,2_towards_robot,0.5,0,narrow_hallway/mcts/main/metrics_steps_2_towards_robot_0_0.5.csv,False,12.6,8.89155869630734
narrow_hallway,mcts/main,mcts/main (0.5),2_towards_robot,2_towards_robot,0.5,0,narrow_hallway/mcts/main/metrics_steps_2_towards_robot_0_0.5.csv,False,12.7,8.981210287310505
narrow_hallway,mcts/main,mcts/main (0.5),2_towards_robot,2_towards_robot,0.5,0,narrow_hallway/mcts/main/metrics_steps_2_towards_robot_0_0.5.csv,False,12.8,9.069944946129574
narrow_hallway,mcts/main,mcts/main (0.5),2_towards_robot,2_towards_robot,0.5,0,narrow_hallway/mcts/main/metrics_steps_2_towards_robot_0_0.5.csv,False,12.9,9.160222334544036
narrow_hallway,mcts/main,mcts/main (0.5),2_towards_robot,2_towards_robot,0.5,0,narrow_hallway/mcts/main/metrics_steps_2_towards_robot_0_0.5.csv,False,13.0,9.250145475543553
narrow_hallway,mcts/main,mcts/main (0.5),2_towards_robot,2_towards_robot,0.5,0,narrow_hallway/mcts/main/metrics_steps_2_towards_robot_0_0.5.csv,False,13.1,9.33964225759236
narrow_hallway,mcts/main,mcts/main (0.5),2_towards_robot,2_towards_robot,0.5,0,narrow_hallway/mcts/main/metrics_steps_2_towards_robot_0_0.5.csv,False,13.2,9.427963447973514
narrow_hallway,mcts/main,mcts/main (0.5),2_towards_robot,2_towards_robot,0.5,0,narrow_hallway/mcts/main/metrics_steps_2_towards_robot_0_0.5.csv,False,13.3,9.509648460438656
narrow_hallway,mcts/main,mcts/main (0.5),2_towards_robot,2_towards_robot,0.5,0,narrow_hallway/mcts/main/metrics_steps_2_towards_robot_0_0.5.csv,False,13.4,9.585162332992423
narrow_hallway,mcts/main,mcts/main (0.5),2_towards_robot,2_towards_robot,0.5,0,narrow_hallway/mcts/main/metrics_steps_2_towards_robot_0_0.5.csv,False,13.5,9.66792084657277
narrow_hallway,mcts/main,mcts/main (0.5),2_towards_robot,2_towards_robot,0.5,0,narrow_hallway/mcts/main/metrics_steps_2_towards_robot_0_0.5.csv,False,13.6,9.754461661179398
narrow_hallway,mcts/main,mcts/main (0.5),2_towards_robot,2_towards_robot,0.5,0,narrow_hallway/mcts/main/metrics_steps_2_towards_robot_0_0.5.csv,False,13.7,9.842906366262412
narrow_hallway,mcts/main,mcts/main (0.5),2_towards_robot,2_towards_robot,0.5,0,narrow_hallway/mcts/main/metrics_steps_2_towards_robot_0_0.5.csv,False,13.8,9.924559216547513
narrow_hallway,mcts/main,mcts/main (0.5),2_towards_robot,2_towards_robot,0.5,0,narrow_hallway/mcts/main/metrics_steps_2_towards_robot_0_0.5.csv,False,13.9,9.998151092264465
narrow_hallway,mcts/main,mcts/main (0.5),2_towards_robot,2_towards_robot,0.5,0,narrow_hallway/mcts/main/metrics_steps_2_towards_robot_0_0.5.csv,False,14.0,10.078666933472302
narrow_hallway,mcts/main,mcts/main (0.5),2_towards_robot,2_towards_robot,0.5,0,narrow_hallway/mcts/main/metrics_steps_2_towards_robot_0_0.5.csv,False,14.1,10.16386092724649
narrow_hallway,mcts/main,mcts/main (0.5),2_towards_robot,2_towards_robot,0.5,0,narrow_hallway/mcts/main/metrics_steps_2_towards_robot_0_0.5.csv,False,14.2,10.247986821581089
narrow_hallway,mcts/main,mcts/main (0.5),2_towards_robot,2_towards_robot,0.5,0,narrow_hallway/mcts/main/metrics_steps_2_towards_robot_0_0.5.csv,False,14.3,10.329269007061209
narrow_hallway,mcts/main,mcts/main (0.5),2_towards_robot,2_towards_robot,0.5,0,narrow_hallway/mcts/main/metrics_steps_2_towards_robot_0_0.5.csv,False,14.4,10.410546109011207
narrow_hallway,mcts/main,mcts/main (0.5),2_towards_robot,2_towards_robot,0.5,0,narrow_hallway/mcts/main/metrics_steps_2_towards_robot_0_0.5.csv,False,14.5,10.496731257912566
narrow_hallway,mcts/main,mcts/main (0.5),2_towards_robot,2_towards_robot,0.5,0,narrow_hallway/mcts/main/metrics_steps_2_towards_robot_0_0.5.csv,False,14.6,10.585830790685469
narrow_hallway,mcts/main,mcts/main (0.5),2_towards_robot,2_towards_robot,0.5,0,narrow_hallway/mcts/main/metrics_steps_2_towards_robot_0_0.5.csv,False,14.7,10.674940695283578
narrow_hallway,mcts/main,mcts/main (0.5),2_towards_robot,2_towards_robot,0.5,0,narrow_hallway/mcts/main/metrics_steps_2_towards_robot_0_0.5.csv,False,14.8,10.7601207414755
narrow_hallway,mcts/main,mcts/main (0.5),2_towards_robot,2_towards_robot,0.5,0,narrow_hallway/mcts/main/metrics_steps_2_towards_robot_0_0.5.csv,False,14.9,10.835493126814686
narrow_hallway,mcts/main,mcts/main (0.5),2_towards_robot,2_towards_robot,0.5,0,narrow_hallway/mcts/main/metrics_steps_2_towards_robot_0_0.5.csv,False,15.0,10.900973713909968
narrow_hallway,mcts/main,mcts/main (0.5),2_towards_robot,2_towards_robot,0.5,0,narrow_hallway/mcts/main/metrics_steps_2_towards_robot_0_0.5.csv,False,15.1,10.956584527574798
narrow_hallway,mcts/main,mcts/main (0.5),2_towards_robot,2_towards_robot,0.5,0,narrow_hallway/mcts/main/metrics_steps_2_towards_robot_0_0.5.csv,False,15.2,11.002351404451094
narrow_hallway,mcts/main,mcts/main (0.5),2_towards_robot,2_towards_robot,0.5,0,narrow_hallway/mcts/main/metrics_steps_2_towards_robot_0_0.5.csv,False,15.3,11.051724894181936
narrow_hallway,mcts/main,mcts/main (0.5),2_towards_robot,2_towards_robot,0.5,0,narrow_hallway/mcts/main/metrics_steps_2_towards_robot_0_0.5.csv,False,15.4,11.11120963430365
narrow_hallway,mcts/main,mcts/main (0.5),2_towards_robot,2_towards_robot,0.5,0,narrow_hallway/mcts/main/metrics_steps_2_towards_robot_0_0.5.csv,False,15.5,11.18078482558457
narrow_hallway,mcts/main,mcts/main (0.5),2_towards_robot,2_towards_robot,0.5,0,narrow_hallway/mcts/main/metrics_steps_2_towards_robot_0_0.5.csv,False,15.6,11.256340874386588
narrow_hallway,mcts/main,mcts/main (0.5),2_towards_robot,2_towards_robot,0.5,0,narrow_hallway/mcts/main/metrics_steps_2_towards_robot_0_0.5.csv,False,15.7,11.332557929301894
narrow_hallway,mcts/main,mcts/main (0.5),2_towards_robot,2_towards_robot,0.5,0,narrow_hallway/mcts/main/metrics_steps_2_towards_robot_0_0.5.csv,False,15.8,11.416888149398886
narrow_hallway,mcts/main,mcts/main (0.5),2_towards_robot,2_towards_robot,0.5,0,narrow_hallway/mcts/main/metrics_steps_2_towards_robot_0_0.5.csv,False,15.9,11.50665623998158
narrow_hallway,mcts/main,mcts/main (0.5),2_towards_robot,2_towards_robot,0.5,0,narrow_hallway/mcts/main/metrics_steps_2_towards_robot_0_0.5.csv,False,16.0,11.593042696420056
narrow_hallway,mcts/main,mcts/main (0.5),2_towards_robot,2_towards_robot,0.5,0,narrow_hallway/mcts/main/metrics_steps_2_towards_robot_0_0.5.csv,False,16.1,11.6775389945228
narrow_hallway,mcts/main,mcts/main (0.5),2_towards_robot,2_towards_robot,0.5,0,narrow_hallway/mcts/main/metrics_steps_2_towards_robot_0_0.5.csv,False,16.2,11.762515669656342
narrow_hallway,mcts/main,mcts/main (0.5),2_towards_robot,2_towards_robot,0.5,0,narrow_hallway/mcts/main/metrics_steps_2_towards_robot_0_0.5.csv,False,16.3,11.853652338011504
narrow_hallway,mcts/main,mcts/main (0.5),2_towards_robot,2_towards_robot,0.5,0,narrow_hallway/mcts/main/metrics_steps_2_towards_robot_0_0.5.csv,False,16.4,11.946015389087608
narrow_hallway,mcts/main,mcts/main (0.5),2_towards_robot,2_towards_robot,0.5,0,narrow_hallway/mcts/main/metrics_steps_2_towards_robot_0_0.5.csv,False,16.5,12.037665346589169
narrow_hallway,mcts/main,mcts/main (0.5),2_towards_robot,2_towards_robot,0.5,0,narrow_hallway/mcts/main/metrics_steps_2_towards_robot_0_0.5.csv,False,16.6,12.128315933648484
narrow_hallway,mcts/main,mcts/main (0.5),2_towards_robot,2_towards_robot,0.5,0,narrow_hallway/mcts/main/metrics_steps_2_towards_robot_0_0.5.csv,False,16.7,12.218379371474397
narrow_hallway,mcts/main,mcts/main (0.5),2_towards_robot,2_towards_robot,0.5,0,narrow_hallway/mcts/main/metrics_steps_2_towards_robot_0_0.5.csv,False,16.8,12.301665725302124
narrow_hallway,mcts/main,mcts/main (0.5),2_towards_robot,2_towards_robot,0.5,0,narrow_hallway/mcts/main/metrics_steps_2_towards_robot_0_0.5.csv,False,16.9,12.380920928066844
narrow_hallway,mcts/main,mcts/main (0.5),2_towards_robot,2_towards_robot,0.5,0,narrow_hallway/mcts/main/metrics_steps_2_towards_robot_0_0.5.csv,False,17.0,12.46358188368726
narrow_hallway,mcts/main,mcts/main (0.5),2_towards_robot,2_towards_robot,0.5,0,narrow_hallway/mcts/main/metrics_steps_2_towards_robot_0_0.5.csv,False,17.1,12.547502778162972
narrow_hallway,mcts/main,mcts/main (0.5),2_towards_robot,2_towards_robot,0.5,0,narrow_hallway/mcts/main/metrics_steps_2_towards_robot_0_0.5.csv,False,17.2,12.631959257818226
narrow_hallway,mcts/main,mcts/main (0.5),2_towards_robot,2_towards_robot,0.5,0,narrow_hallway/mcts/main/metrics_steps_2_towards_robot_0_0.5.csv,False,17.3,12.72005467576968
narrow_hallway,mcts/main,mcts/main (0.5),2_towards_robot,2_towards_robot,0.5,0,narrow_hallway/mcts/main/metrics_steps_2_towards_robot_0_0.5.csv,False,17.4,12.81251564075485
narrow_hallway,mcts/main,mcts/main (0.5),2_towards_robot,2_towards_robot,0.5,0,narrow_hallway/mcts/main/metrics_steps_2_towards_robot_0_0.5.csv,False,17.5,12.899947414802904
narrow_hallway,mcts/main,mcts/main (0.5),2_towards_robot,2_towards_robot,0.5,0,narrow_hallway/mcts/main/metrics_steps_2_towards_robot_0_0.5.csv,False,17.6,12.979926373478662
narrow_hallway,mcts/main,mcts/main (0.5),2_towards_robot,2_towards_robot,0.5,0,narrow_hallway/mcts/main/metrics_steps_2_towards_robot_0_0.5.csv,False,17.7,13.057309518474884
narrow_hallway,mcts/main,mcts/main (0.5),2_towards_robot,2_towards_robot,0.5,0,narrow_hallway/mcts/main/metrics_steps_2_towards_robot_0_0.5.csv,False,17.8,13.142086214891076
narrow_hallway,mcts/main,mcts/main (0.5),2_towards_robot,2_towards_robot,0.5,0,narrow_hallway/mcts/main/metrics_steps_2_towards_robot_0_0.5.csv,False,17.9,13.231319784063391
narrow_hallway,mcts/main,mcts/main (0.5),2_towards_robot,2_towards_robot,0.5,0,narrow_hallway/mcts/main/metrics_steps_2_towards_robot_0_0.5.csv,False,18.0,13.3210779738249
narrow_hallway,mcts/main,mcts/main (0.5),2_towards_robot,2_towards_robot,0.5,0,narrow_hallway/mcts/main/metrics_steps_2_towards_robot_0_0.5.csv,False,18.1,13.412061602862794
narrow_hallway,mcts/main,mcts/main (0.5),2_towards_robot,2_towards_robot,0.5,0,narrow_hallway/mcts/main/metrics_steps_2_towards_robot_0_0.5.csv,False,18.2,13.502823941091629
narrow_hallway,mcts/main,mcts/main (0.5),2_towards_robot,2_towards_robot,0.5,0,narrow_hallway/mcts/main/metrics_steps_2_towards_robot_0_0.5.csv,False,18.3,13.586230025687868
narrow_hallway,mcts/main,mcts/main (0.5),2_towards_robot,2_towards_robot,0.5,0,narrow_hallway/mcts/main/metrics_steps_2_towards_robot_0_0.5.csv,False,18.4,13.662667939132678
narrow_hallway,mcts/main,mcts/main (0.5),2_towards_robot,2_towards_robot,0.5,0,narrow_hallway/mcts/main/metrics_steps_2_towards_robot_0_0.5.csv,False,18.5,13.74135891987786
narrow_hallway,mcts/main,mcts/main (0.5),2_towards_robot,2_towards_robot,0.5,0,narrow_hallway/mcts/main/metrics_steps_2_towards_robot_0_0.5.csv,False,18.6,13.828721074227886
narrow_hallway,mcts/main,mcts/main (0.5),2_towards_robot,2_towards_robot,0.5,0,narrow_hallway/mcts/main/metrics_steps_2_towards_robot_0_0.5.csv,False,18.7,13.920357411335836
narrow_hallway,mcts/main,mcts/main (0.5),2_towards_robot,2_towards_robot,0.5,0,narrow_hallway/mcts/main/metrics_steps_2_towards_robot_0_0.5.csv,False,18.8,14.01140462732518
narrow_hallway,mcts/main,mcts/main (0.5),2_towards_robot,2_towards_robot,0.5,0,narrow_hallway/mcts/main/metrics_steps_2_towards_robot_0_0.5.csv,False,18.9,14.097039280391185
narrow_hallway,mcts/main,mcts/main (0.5),2_towards_robot,2_towards_robot,0.5,0,narrow_hallway/mcts/main/metrics_steps_2_towards_robot_0_0.5.csv,False,19.0,14.17334181498857
narrow_hallway,mcts/main,mcts/main (0.5),2_towards_robot,2_towards_robot,0.5,0,narrow_hallway/mcts/main/metrics_steps_2_towards_robot_0_0.5.csv,False,19.1,14.24028539094485
narrow_hallway,mcts/main,mcts/main (0.5),2_towards_robot,2_towards_robot,0.5,0,narrow_hallway/mcts/main/metrics_steps_2_towards_robot_0_0.5.csv,False,19.2,14.297647413642473
narrow_hallway,mcts/main,mcts/main (0.5),2_towards_robot,2_towards_robot,0.5,0,narrow_hallway/mcts/main/metrics_steps_2_towards_robot_0_0.5.csv,False,19.3,14.356592357329736
narrow_hallway,mcts/main,mcts/main (0.5),2_towards_robot,2_towards_robot,0.5,0,narrow_hallway/mcts/main/metrics_steps_2_towards_robot_0_0.5.csv,False,19.4,14.425244177088606
narrow_hallway,mcts/main,mcts/main (0.5),2_towards_robot,2_towards_robot,0.5,0,narrow_hallway/mcts/main/metrics_steps_2_towards_robot_0_0.5.csv,False,19.5,14.497540127526028
narrow_hallway,mcts/main,mcts/main (0.5),2_towards_robot,2_towards_robot,0.5,0,narrow_hallway/mcts/main/metrics_steps_2_towards_robot_0_0.5.csv,False,19.6,14.564806360844209
narrow_hallway,mcts/main,mcts/main (1.0),2_towards_robot,2_towards_robot,1.0,0,narrow_hallway/mcts/main/metrics_steps_2_towards_robot_0_1.0.csv,False,0.0,13.291750328995237
narrow_hallway,mcts/main,mcts/main (1.0),2_towards_robot,2_towards_robot,1.0,0,narrow_hallway/mcts/main/metrics_steps_2_towards_robot_0_1.0.csv,False,0.1,13.245301596239887
narrow_hallway,mcts/main,mcts/main (1.0),2_towards_robot,2_towards_robot,1.0,0,narrow_hallway/mcts/main/metrics_steps_2_towards_robot_0_1.0.csv,False,0.2,13.165003262229138
narrow_hallway,mcts/main,mcts/main (1.0),2_towards_robot,2_towards_robot,1.0,0,narrow_hallway/mcts/main/metrics_steps_2_towards_robot_0_1.0.csv,False,0.3,13.054990528308304
narrow_hallway,mcts/main,mcts/main (1.0),2_towards_robot,2_towards_robot,1.0,0,narrow_hallway/mcts/main/metrics_steps_2_towards_robot_0_1.0.csv,False,0.4,12.921874521890466
narrow_hallway,mcts/main,mcts/main (1.0),2_towards_robot,2_towards_robot,1.0,0,narrow_hallway/mcts/main/metrics_steps_2_towards_robot_0_1.0.csv,False,0.5,12.770051687467287
narrow_hallway,mcts/main,mcts/main (1.0),2_towards_robot,2_towards_robot,1.0,0,narrow_hallway/mcts/main/metrics_steps_2_towards_robot_0_1.0.csv,False,0.6,12.6024051420799
narrow_hallway,mcts/main,mcts/main (1.0),2_towards_robot,2_towards_robot,1.0,0,narrow_hallway/mcts/main/metrics_steps_2_towards_robot_0_1.0.csv,False,0.7,12.420892655953294
narrow_hallway,mcts/main,mcts/main (1.0),2_towards_robot,2_towards_robot,1.0,0,narrow_hallway/mcts/main/metrics_steps_2_towards_robot_0_1.0.csv,False,0.8,12.23964561764668
narrow_hallway,mcts/main,mcts/main (1.0),2_towards_robot,2_towards_robot,1.0,0,narrow_hallway/mcts/main/metrics_steps_2_towards_robot_0_1.0.csv,False,0.9,12.05426917494525
narrow_hallway,mcts/main,mcts/main (1.0),2_towards_robot,2_towards_robot,1.0,0,narrow_hallway/mcts/main/metrics_steps_2_towards_robot_0_1.0.csv,False,1.0,11.857796323023004
narrow_hallway,mcts/main,mcts/main (1.0),2_towards_robot,2_towards_robot,1.0,0,narrow_hallway/mcts/main/metrics_steps_2_towards_robot_0_1.0.csv,False,1.1,11.6506146821413
narrow_hallway,mcts/main,mcts/main (1.0),2_towards_robot,2_towards_robot,1.0,0,narrow_hallway/mcts/main/metrics_steps_2_towards_robot_0_1.0.csv,False,1.2,11.43387973637491
narrow_hallway,mcts/main,mcts/main (1.0),2_towards_robot,2_towards_robot,1.0,0,narrow_hallway/mcts/main/metrics_steps_2_towards_robot_0_1.0.csv,False,1.3,11.212441655493494
narrow_hallway,mcts/main,mcts/main (1.0),2_towards_robot,2_towards_robot,1.0,0,narrow_hallway/mcts/main/metrics_steps_2_towards_robot_0_1.0.csv,False,1.4,10.988508441834693
narrow_hallway,mcts/main,mcts/main (1.0),2_towards_robot,2_towards_robot,1.0,0,narrow_hallway/mcts/main/metrics_steps_2_towards_robot_0_1.0.csv,False,1.5,10.770423724848191
narrow_hallway,mcts/main,mcts/main (1.0),2_towards_robot,2_towards_robot,1.0,0,narrow_hallway/mcts/main/metrics_steps_2_towards_robot_0_1.0.csv,False,1.6,10.561859667558048
narrow_hallway,mcts/main,mcts/main (1.0),2_towards_robot,2_towards_robot,1.0,0,narrow_hallway/mcts/main/metrics_steps_2_towards_robot_0_1.0.csv,False,1.7,10.360410424092482
narrow_hallway,mcts/main,mcts/main (1.0),2_towards_robot,2_towards_robot,1.0,0,narrow_hallway/mcts/main/metrics_steps_2_towards_robot_0_1.0.csv,False,1.8,10.16886161534444
narrow_hallway,mcts/main,mcts/main (1.0),2_towards_robot,2_towards_robot,1.0,0,narrow_hallway/mcts/main/metrics_steps_2_towards_robot_0_1.0.csv,False,1.9,9.987365286434418
narrow_hallway,mcts/main,mcts/main (1.0),2_towards_robot,2_towards_robot,1.0,0,narrow_hallway/mcts/main/metrics_steps_2_towards_robot_0_1.0.csv,False,2.0,9.815710938905308
narrow_hallway,mcts/main,mcts/main (1.0),2_towards_robot,2_towards_robot,1.0,0,narrow_hallway/mcts/main/metrics_steps_2_towards_robot_0_1.0.csv,False,2.1,9.65356871600403
narrow_hallway,mcts/main,mcts/main (1.0),2_towards_robot,2_towards_robot,1.0,0,narrow_hallway/mcts/main/metrics_steps_2_towards_robot_0_1.0.csv,False,2.2,9.500194009879058
narrow_hallway,mcts/main,mcts/main (1.0),2_towards_robot,2_towards_robot,1.0,0,narrow_hallway/mcts/main/metrics_steps_2_towards_robot_0_1.0.csv,False,2.3,9.351708504780582
narrow_hallway,mcts/main,mcts/main (1.0),2_towards_robot,2_towards_robot,1.0,0,narrow_hallway/mcts/main/metrics_steps_2_towards_robot_0_1.0.csv,False,2.4,9.205533185682675
narrow_hallway,mcts/main,mcts/main (1.0),2_towards_robot,2_towards_robot,1.0,0,narrow_hallway/mcts/main/metrics_steps_2_towards_robot_0_1.0.csv,False,2.5,9.058692066183111
narrow_hallway,mcts/main,mcts/main (1.0),2_towards_robot,2_towards_robot,1.0,0,narrow_hallway/mcts/main/metrics_steps_2_towards_robot_0_1.0.csv,False,2.6,8.911164452420975
narrow_hallway,mcts/main,mcts/main (1.0),2_towards_robot,2_towards_robot,1.0,0,narrow_hallway/mcts/main/metrics_steps_2_towards_robot_0_1.0.csv,False,2.7,8.763455598787587
narrow_hallway,mcts/main,mcts/main (1.0),2_towards_robot,2_towards_robot,1.0,0,narrow_hallway/mcts/main/metrics_steps_2_towards_robot_0_1.0.csv,False,2.8,8.618404602240883
narrow_hallway,mcts/main,mcts/main (1.0),2_towards_robot,2_towards_robot,1.0,0,narrow_hallway/mcts/main/metrics_steps_2_towards_robot_0_1.0.csv,False,2.9,8.471692483006596
narrow_hallway,mcts/main,mcts/main (1.0),2_towards_robot,2_towards_robot,1.0,0,narrow_hallway/mcts/main/metrics_steps_2_towards_robot_0_1.0.csv,False,3.0,8.315747214091331
narrow_hallway,mcts/main,mcts/main (1.0),2_towards_robot,2_towards_robot,1.0,0,narrow_hallway/mcts/main/metrics_steps_2_towards_robot_0_1.0.csv,False,3.1,8.150457610557696
narrow_hallway,mcts/main,mcts/main (1.0),2_towards_robot,2_towards_robot,1.0,0,narrow_hallway/mcts/main/metrics_steps_2_towards_robot_0_1.0.csv,False,3.2,7.9757295858131805
narrow_hallway,mcts/main,mcts/main (1.0),2_towards_robot,2_towards_robot,1.0,0,narrow_hallway/mcts/main/metrics_steps_2_towards_robot_0_1.0.csv,False,3.3,7.791482952503083
narrow_hallway,mcts/main,mcts/main (1.0),2_towards_robot,2_towards_robot,1.0,0,narrow_hallway/mcts/main/metrics_steps_2_towards_robot_0_1.0.csv,False,3.4,7.597637503137419
narrow_hallway,mcts/main,mcts/main (1.0),2_towards_robot,2_towards_robot,1.0,0,narrow_hallway/mcts/main/metrics_steps_2_towards_robot_0_1.0.csv,False,3.5,7.397780408658299
narrow_hallway,mcts/main,mcts/main (1.0),2_towards_robot,2_towards_robot,1.0,0,narrow_hallway/mcts/main/metrics_steps_2_towards_robot_0_1.0.csv,False,3.6,7.1964048120487485
narrow_hallway,mcts/main,mcts/main (1.0),2_towards_robot,2_towards_robot,1.0,0,narrow_hallway/mcts/main/metrics_steps_2_towards_robot_0_1.0.csv,False,3.7,6.994276980248005
narrow_hallway,mcts/main,mcts/main (1.0),2_towards_robot,2_towards_robot,1.0,0,narrow_hallway/mcts/main/metrics_steps_2_towards_robot_0_1.0.csv,False,3.8,6.801015233278837
narrow_hallway,mcts/main,mcts/main (1.0),2_towards_robot,2_towards_robot,1.0,0,narrow_hallway/mcts/main/metrics_steps_2_towards_robot_0_1.0.csv,False,3.9,6.617438310482055
narrow_hallway,mcts/main,mcts/main (1.0),2_towards_robot,2_towards_robot,1.0,0,narrow_hallway/mcts/main/metrics_steps_2_towards_robot_0_1.0.csv,False,4.0,6.437108667753023
narrow_hallway,mcts/main,mcts/main (1.0),2_towards_robot,2_towards_robot,1.0,0,narrow_hallway/mcts/main/metrics_steps_2_towards_robot_0_1.0.csv,False,4.1,6.2617507676887
narrow_hallway,mcts/main,mcts/main (1.0),2_towards_robot,2_towards_robot,1.0,0,narrow_hallway/mcts/main/metrics_steps_2_towards_robot_0_1.0.csv,False,4.2,6.089976524125522
narrow_hallway,mcts/main,mcts/main (1.0),2_towards_robot,2_towards_robot,1.0,0,narrow_hallway/mcts/main/metrics_steps_2_towards_robot_0_1.0.csv,False,4.3,5.922342067139662
narrow_hallway,mcts/main,mcts/main (1.0),2_towards_robot,2_towards_robot,1.0,0,narrow_hallway/mcts/main/metrics_steps_2_towards_robot_0_1.0.csv,False,4.4,5.760245132805837
narrow_hallway,mcts/main,mcts/main (1.0),2_towards_robot,2_towards_robot,1.0,0,narrow_hallway/mcts/main/metrics_steps_2_towards_robot_0_1.0.csv,False,4.5,5.603942995671701
narrow_hallway,mcts/main,mcts/main (1.0),2_towards_robot,2_towards_robot,1.0,0,narrow_hallway/mcts/main/metrics_steps_2_towards_robot_0_1.0.csv,False,4.6,5.450304826630051
narrow_hallway,mcts/main,mcts/main (1.0),2_towards_robot,2_towards_robot,1.0,0,narrow_hallway/mcts/main/metrics_steps_2_towards_robot_0_1.0.csv,False,4.7,5.296702140973852
narrow_hallway,mcts/main,mcts/main (1.0),2_towards_robot,2_towards_robot,1.0,0,narrow_hallway/mcts/main/metrics_steps_2_towards_robot_0_1.0.csv,False,4.8,5.147272495722738
narrow_hallway,mcts/main,mcts/main (1.0),2_towards_robot,2_towards_robot,1.0,0,narrow_hallway/mcts/main/metrics_steps_2_towards_robot_0_1.0.csv,False,4.9,4.997586573335784
narrow_hallway,mcts/main,mcts/main (1.0),2_towards_robot,2_towards_robot,1.0,0,narrow_hallway/mcts/main/metrics_steps_2_towards_robot_0_1.0.csv,False,5.0,4.8382335826604885
narrow_hallway,mcts/main,mcts/main (1.0),2_towards_robot,2_towards_robot,1.0,0,narrow_hallway/mcts/main/metrics_steps_2_towards_robot_0_1.0.csv,False,5.1,4.669127293159142
narrow_hallway,mcts/main,mcts/main (1.0),2_towards_robot,2_towards_robot,1.0,0,narrow_hallway/mcts/main/metrics_steps_2_towards_robot_0_1.0.csv,False,5.2,4.490300116480512
narrow_hallway,mcts/main,mcts/main (1.0),2_towards_robot,2_towards_robot,1.0,0,narrow_hallway/mcts/main/metrics_steps_2_towards_robot_0_1.0.csv,False,5.3,4.301911390759158
narrow_hallway,mcts/main,mcts/main (1.0),2_towards_robot,2_towards_robot,1.0,0,narrow_hallway/mcts/main/metrics_steps_2_towards_robot_0_1.0.csv,False,5.4,4.107220368328642
narrow_hallway,mcts/main,mcts/main (1.0),2_towards_robot,2_towards_robot,1.0,0,narrow_hallway/mcts/main/metrics_steps_2_towards_robot_0_1.0.csv,False,5.5,3.910601582608837
narrow_hallway,mcts/main,mcts/main (1.0),2_towards_robot,2_towards_robot,1.0,0,narrow_hallway/mcts/main/metrics_steps_2_towards_robot_0_1.0.csv,False,5.6,3.718400504822629
narrow_hallway,mcts/main,mcts/main (1.0),2_towards_robot,2_towards_robot,1.0,0,narrow_hallway/mcts/main/metrics_steps_2_towards_robot_0_1.0.csv,False,5.7,3.536862740951623
narrow_hallway,mcts/main,mcts/main (1.0),2_towards_robot,2_towards_robot,1.0,0,narrow_hallway/mcts/main/metrics_steps_2_towards_robot_0_1.0.csv,False,5.8,3.365826656839824
narrow_hallway,mcts/main,mcts/main (1.0),2_towards_robot,2_towards_robot,1.0,0,narrow_hallway/mcts/main/metrics_steps_2_towards_robot_0_1.0.csv,False,5.9,3.205141404071556
narrow_hallway,mcts/main,mcts/main (1.0),2_towards_robot,2_towards_robot,1.0,0,narrow_hallway/mcts/main/metrics_steps_2_towards_robot_0_1.0.csv,False,6.0,3.054702483326148
narrow_hallway,mcts/main,mcts/main (1.0),2_towards_robot,2_towards_robot,1.0,0,narrow_hallway/mcts/main/metrics_steps_2_towards_robot_0_1.0.csv,False,6.1,2.9144823520951038
narrow_hallway,mcts/main,mcts/main (1.0),2_towards_robot,2_towards_robot,1.0,0,narrow_hallway/mcts/main/metrics_steps_2_towards_robot_0_1.0.csv,False,6.2,2.7813355407829543
narrow_hallway,mcts/main,mcts/main (1.0),2_towards_robot,2_towards_robot,1.0,0,narrow_hallway/mcts/main/metrics_steps_2_towards_robot_0_1.0.csv,False,6.3,2.648242446834554
narrow_hallway,mcts/main,mcts/main (1.0),2_towards_robot,2_towards_robot,1.0,0,narrow_hallway/mcts/main/metrics_steps_2_towards_robot_0_1.0.csv,False,6.4,2.515089837370092
narrow_hallway,mcts/main,mcts/main (1.0),2_towards_robot,2_towards_robot,1.0,0,narrow_hallway/mcts/main/metrics_steps_2_towards_robot_0_1.0.csv,False,6.5,2.3818794883891834
narrow_hallway,mcts/main,mcts/main (1.0),2_towards_robot,2_towards_robot,1.0,0,narrow_hallway/mcts/main/metrics_steps_2_towards_robot_0_1.0.csv,False,6.6,2.2490430076582277
narrow_hallway,mcts/main,mcts/main (1.0),2_towards_robot,2_towards_robot,1.0,0,narrow_hallway/mcts/main/metrics_steps_2_towards_robot_0_1.0.csv,False,6.7,2.117032657009995
narrow_hallway,mcts/main,mcts/main (1.0),2_towards_robot,2_towards_robot,1.0,0,narrow_hallway/mcts/main/metrics_steps_2_towards_robot_0_1.0.csv,False,6.8,1.9914636806591
narrow_hallway,mcts/main,mcts/main (1.0),2_towards_robot,2_towards_robot,1.0,0,narrow_hallway/mcts/main/metrics_steps_2_towards_robot_0_1.0.csv,False,6.9,1.866795685975339
narrow_hallway,mcts/main,mcts/main (1.0),2_towards_robot,2_towards_robot,1.0,0,narrow_hallway/mcts/main/metrics_steps_2_towards_robot_0_1.0.csv,False,7.0,1.733568570196952
narrow_hallway,mcts/main,mcts/main (1.0),2_towards_robot,2_towards_robot,1.0,0,narrow_hallway/mcts/main/metrics_steps_2_towards_robot_0_1.0.csv,False,7.1,1.5921051267375017
narrow_hallway,mcts/main,mcts/main (1.0),2_towards_robot,2_towards_robot,1.0,0,narrow_hallway/mcts/main/metrics_steps_2_towards_robot_0_1.0.csv,False,7.2,1.4428297419464609
narrow_hallway,mcts/main,mcts/main (1.0),2_towards_robot,2_towards_robot,1.0,0,narrow_hallway/mcts/main/metrics_steps_2_towards_robot_0_1.0.csv,False,7.3,1.286395349239959
narrow_hallway,mcts/main,mcts/main (1.0),2_towards_robot,2_towards_robot,1.0,0,narrow_hallway/mcts/main/metrics_steps_2_towards_robot_0_1.0.csv,False,7.4,1.124788690379837
narrow_hallway,mcts/main,mcts/main (1.0),2_towards_robot,2_towards_robot,1.0,0,narrow_hallway/mcts/main/metrics_steps_2_towards_robot_0_1.0.csv,False,7.5,0.9653408743217178
narrow_hallway,mcts/main,mcts/main (1.0),2_towards_robot,2_towards_robot,1.0,0,narrow_hallway/mcts/main/metrics_steps_2_towards_robot_0_1.0.csv,False,7.6,0.8137130960140051
narrow_hallway,mcts/main,mcts/main (1.0),2_towards_robot,2_towards_robot,1.0,0,narrow_hallway/mcts/main/metrics_steps_2_towards_robot_0_1.0.csv,False,7.7,0.6736736901105274
narrow_hallway,mcts/main,mcts/main (1.0),2_towards_robot,2_towards_robot,1.0,0,narrow_hallway/mcts/main/metrics_steps_2_towards_robot_0_1.0.csv,False,7.8,0.554623644280801
narrow_hallway,mcts/main,mcts/main (1.0),2_towards_robot,2_towards_robot,1.0,0,narrow_hallway/mcts/main/metrics_steps_2_towards_robot_0_1.0.csv,False,7.9,0.4578235525306797
narrow_hallway,mcts/main,mcts/main (1.0),2_towards_robot,2_towards_robot,1.0,0,narrow_hallway/mcts/main/metrics_steps_2_towards_robot_0_1.0.csv,False,8.0,0.3892318961702621
narrow_hallway,mcts/main,mcts/main (1.0),2_towards_robot,2_towards_robot,1.0,0,narrow_hallway/mcts/main/metrics_steps_2_towards_robot_0_1.0.csv,False,8.1,0.3611239496139495
narrow_hallway,mcts/main,mcts/main (1.0),2_towards_robot,2_towards_robot,1.0,0,narrow_hallway/mcts/main/metrics_steps_2_towards_robot_0_1.0.csv,False,8.2,0.3812634485317341
narrow_hallway,mcts/main,mcts/main (1.0),2_towards_robot,2_towards_robot,1.0,0,narrow_hallway/mcts/main/metrics_steps_2_towards_robot_0_1.0.csv,False,8.3,0.4494041247860276
narrow_hallway,mcts/main,mcts/main (1.0),2_towards_robot,2_towards_robot,1.0,0,narrow_hallway/mcts/main/metrics_steps_2_towards_robot_0_1.0.csv,False,8.4,0.5549196156602156
narrow_hallway,mcts/main,mcts/main (1.0),2_towards_robot,2_towards_robot,1.0,0,narrow_hallway/mcts/main/metrics_steps_2_towards_robot_0_1.0.csv,False,8.5,0.6844006800367552
narrow_hallway,mcts/main,mcts/main (1.0),2_towards_robot,2_towards_robot,1.0,0,narrow_hallway/mcts/main/metrics_steps_2_towards_robot_0_1.0.csv,False,8.6,0.8259275136715853
narrow_hallway,mcts/main,mcts/main (1.0),2_towards_robot,2_towards_robot,1.0,0,narrow_hallway/mcts/main/metrics_steps_2_towards_robot_0_1.0.csv,False,8.7,0.9753615193062164
narrow_hallway,mcts/main,mcts/main (1.0),2_towards_robot,2_towards_robot,1.0,0,narrow_hallway/mcts/main/metrics_steps_2_towards_robot_0_1.0.csv,False,8.8,0.9326360085867216
narrow_hallway,mcts/main,mcts/main (1.0),2_towards_robot,2_towards_robot,1.0,0,narrow_hallway/mcts/main/metrics_steps_2_towards_robot_0_1.0.csv,False,8.9,0.779439304245731
narrow_hallway,mcts/main,mcts/main (1.0),2_towards_robot,2_towards_robot,1.0,0,narrow_hallway/mcts/main/metrics_steps_2_towards_robot_0_1.0.csv,False,9.0,0.640947924570983
narrow_hallway,mcts/main,mcts/main (1.0),2_towards_robot,2_towards_robot,1.0,0,narrow_hallway/mcts/main/metrics_steps_2_towards_robot_0_1.0.csv,False,9.1,0.5292414162264418
narrow_hallway,mcts/main,mcts/main (1.0),2_towards_robot,2_towards_robot,1.0,0,narrow_hallway/mcts/main/metrics_steps_2_towards_robot_0_1.0.csv,False,9.2,0.455520175990284
narrow_hallway,mcts/main,mcts/main (1.0),2_towards_robot,2_towards_robot,1.0,0,narrow_hallway/mcts/main/metrics_steps_2_towards_robot_0_1.0.csv,False,9.3,0.4291098034565148
narrow_hallway,mcts/main,mcts/main (1.0),2_towards_robot,2_towards_robot,1.0,0,narrow_hallway/mcts/main/metrics_steps_2_towards_robot_0_1.0.csv,False,9.4,0.4480697110048655
narrow_hallway,mcts/main,mcts/main (1.0),2_towards_robot,2_towards_robot,1.0,0,narrow_hallway/mcts/main/metrics_steps_2_towards_robot_0_1.0.csv,False,9.5,0.502403067709569
narrow_hallway,mcts/main,mcts/main (1.0),2_towards_robot,2_towards_robot,1.0,0,narrow_hallway/mcts/main/metrics_steps_2_towards_robot_0_1.0.csv,False,9.6,0.5799132739447235
narrow_hallway,mcts/main,mcts/main (1.0),2_towards_robot,2_towards_robot,1.0,0,narrow_hallway/mcts/main/metrics_steps_2_towards_robot_0_1.0.csv,False,9.7,0.6693803512412162
narrow_hallway,mcts/main,mcts/main (1.0),2_towards_robot,2_towards_robot,1.0,0,narrow_hallway/mcts/main/metrics_steps_2_towards_robot_0_1.0.csv,False,9.8,0.7637087417449857
narrow_hallway,mcts/main,mcts/main (1.0),2_towards_robot,2_towards_robot,1.0,0,narrow_hallway/mcts/main/metrics_steps_2_towards_robot_0_1.0.csv,False,9.9,0.8650228595279885
narrow_hallway,mcts/main,mcts/main (1.0),2_towards_robot,2_towards_robot,1.0,0,narrow_hallway/mcts/main/metrics_steps_2_towards_robot_0_1.0.csv,False,10.0,0.9790929492150467
narrow_hallway,mcts/main,mcts/main (1.0),2_towards_robot,2_towards_robot,1.0,0,narrow_hallway/mcts/main/metrics_steps_2_towards_robot_0_1.0.csv,False,10.1,1.107075135073146
narrow_hallway,mcts/main,mcts/main (1.0),2_towards_robot,2_towards_robot,1.0,0,narrow_hallway/mcts/main/metrics_steps_2_towards_robot_0_1.0.csv,False,10.2,1.2497917520629664
narrow_hallway,mcts/main,mcts/main (1.0),2_towards_robot,2_towards_robot,1.0,0,narrow_hallway/mcts/main/metrics_steps_2_towards_robot_0_1.0.csv,False,10.3,1.4072741795710368
narrow_hallway,mcts/main,mcts/main (1.0),2_towards_robot,2_towards_robot,1.0,0,narrow_hallway/mcts/main/metrics_steps_2_towards_robot_0_1.0.csv,False,10.4,1.5765269093249643
narrow_hallway,mcts/main,mcts/main (1.0),2_towards_robot,2_towards_robot,1.0,0,narrow_hallway/mcts/main/metrics_steps_2_towards_robot_0_1.0.csv,False,10.5,1.7521500786612023
narrow_hallway,mcts/main,mcts/main (1.0),2_towards_robot,2_towards_robot,1.0,0,narrow_hallway/mcts/main/metrics_steps_2_towards_robot_0_1.0.csv,False,10.6,1.9332285489413543
narrow_hallway,mcts/main,mcts/main (1.0),2_towards_robot,2_towards_robot,1.0,0,narrow_hallway/mcts/main/metrics_steps_2_towards_robot_0_1.0.csv,False,10.7,2.1211769252716834
narrow_hallway,mcts/main,mcts/main (1.0),2_towards_robot,2_towards_robot,1.0,0,narrow_hallway/mcts/main/metrics_steps_2_towards_robot_0_1.0.csv,False,10.8,2.3052698818342465
narrow_hallway,mcts/main,mcts/main (1.0),2_towards_robot,2_towards_robot,1.0,0,narrow_hallway/mcts/main/metrics_steps_2_towards_robot_0_1.0.csv,False,10.9,2.481106307975437
narrow_hallway,mcts/main,mcts/main (1.0),2_towards_robot,2_towards_robot,1.0,0,narrow_hallway/mcts/main/metrics_steps_2_towards_robot_0_1.0.csv,False,11.0,2.64850783624729
narrow_hallway,mcts/main,mcts/main (1.0),2_towards_robot,2_towards_robot,1.0,0,narrow_hallway/mcts/main/metrics_steps_2_towards_robot_0_1.0.csv,False,11.1,2.807373102776796
narrow_hallway,mcts/main,mcts/main (1.0),2_towards_robot,2_towards_robot,1.0,0,narrow_hallway/mcts/main/metrics_steps_2_towards_robot_0_1.0.csv,False,11.2,2.9575979218700907
narrow_hallway,mcts/main,mcts/main (1.0),2_towards_robot,2_towards_robot,1.0,0,narrow_hallway/mcts/main/metrics_steps_2_towards_robot_0_1.0.csv,False,11.3,3.099161183884707
narrow_hallway,mcts/main,mcts/main (1.0),2_towards_robot,2_towards_robot,1.0,0,narrow_hallway/mcts/main/metrics_steps_2_towards_robot_0_1.0.csv,False,11.4,3.232096907364456
narrow_hallway,mcts/main,mcts/main (1.0),2_towards_robot,2_towards_robot,1.0,0,narrow_hallway/mcts/main/metrics_steps_2_towards_robot_0_1.0.csv,False,11.5,3.35693795013792
narrow_hallway,mcts/main,mcts/main (1.0),2_towards_robot,2_towards_robot,1.0,0,narrow_hallway/mcts/main/metrics_steps_2_towards_robot_0_1.0.csv,False,11.6,3.480723532970183
narrow_hallway,mcts/main,mcts/main (1.0),2_towards_robot,2_towards_robot,1.0,0,narrow_hallway/mcts/main/metrics_steps_2_towards_robot_0_1.0.csv,False,11.7,3.605143795020706
narrow_hallway,mcts/main,mcts/main (1.0),2_towards_robot,2_towards_robot,1.0,0,narrow_hallway/mcts/main/metrics_steps_2_towards_robot_0_1.0.csv,False,11.8,3.723795269186776
narrow_hallway,mcts/main,mcts/main (1.0),2_towards_robot,2_towards_robot,1.0,0,narrow_hallway/mcts/main/metrics_steps_2_towards_robot_0_1.0.csv,False,11.9,3.845492830251974
narrow_hallway,mcts/main,mcts/main (1.0),2_towards_robot,2_towards_robot,1.0,0,narrow_hallway/mcts/main/metrics_steps_2_towards_robot_0_1.0.csv,False,12.0,3.97747211190644
narrow_hallway,mcts/main,mcts/main (1.0),2_towards_robot,2_towards_robot,1.0,0,narrow_hallway/mcts/main/metrics_steps_2_towards_robot_0_1.0.csv,False,12.1,4.115559746720053
narrow_hallway,mcts/main,mcts/main (1.0),2_towards_robot,2_towards_robot,1.0,0,narrow_hallway/mcts/main/metrics_steps_2_towards_robot_0_1.0.csv,False,12.2,4.253297203944327
narrow_hallway,mcts/main,mcts/main (1.0),2_towards_robot,2_towards_robot,1.0,0,narrow_hallway/mcts/main/metrics_steps_2_towards_robot_0_1.0.csv,False,12.3,4.389712796162508
narrow_hallway,mcts/main,mcts/main (1.0),2_towards_robot,2_towards_robot,1.0,0,narrow_hallway/mcts/main/metrics_steps_2_towards_robot_0_1.0.csv,False,12.4,4.524494441381839
narrow_hallway,mcts/main,mcts/main (1.0),2_towards_robot,2_towards_robot,1.0,0,narrow_hallway/mcts/main/metrics_steps_2_towards_robot_0_1.0.csv,False,12.5,4.645500225547452
narrow_hallway,mcts/main,mcts/main (1.0),2_towards_robot,2_towards_robot,1.0,0,narrow_hallway/mcts/main/metrics_steps_2_towards_robot_0_1.0.csv,False,12.6,4.660037893439989
narrow_hallway,mcts/main,mcts/main (1.0),2_towards_robot,2_towards_robot,1.0,0,narrow_hallway/mcts/main/metrics_steps_2_towards_robot_0_1.0.csv,False,12.7,4.67578292107566
narrow_hallway,mcts/main,mcts/main (1.0),2_towards_robot,2_towards_robot,1.0,0,narrow_hallway/mcts/main/metrics_steps_2_towards_robot_0_1.0.csv,False,12.8,4.686836009131229
narrow_hallway,mcts/main,mcts/main (1.0),2_towards_robot,2_towards_robot,1.0,0,narrow_hallway/mcts/main/metrics_steps_2_towards_robot_0_1.0.csv,False,12.9,4.700820976035813
narrow_hallway,mcts/main,mcts/main (1.0),2_towards_robot,2_towards_robot,1.0,0,narrow_hallway/mcts/main/metrics_steps_2_towards_robot_0_1.0.csv,False,13.0,4.723470166302275
narrow_hallway,mcts/main,mcts/main (1.0),2_towards_robot,2_towards_robot,1.0,0,narrow_hallway/mcts/main/metrics_steps_2_towards_robot_0_1.0.csv,False,13.1,4.754497427396902
narrow_hallway,mcts/main,mcts/main (1.0),2_towards_robot,2_towards_robot,1.0,0,narrow_hallway/mcts/main/metrics_steps_2_towards_robot_0_1.0.csv,False,13.2,4.790932227783246
narrow_hallway,mcts/main,mcts/main (1.0),2_towards_robot,2_towards_robot,1.0,0,narrow_hallway/mcts/main/metrics_steps_2_towards_robot_0_1.0.csv,False,13.3,4.832996557096603
narrow_hallway,mcts/main,mcts/main (1.0),2_towards_robot,2_towards_robot,1.0,0,narrow_hallway/mcts/main/metrics_steps_2_towards_robot_0_1.0.csv,False,13.4,4.881835852061738
narrow_hallway,mcts/main,mcts/main (1.0),2_towards_robot,2_towards_robot,1.0,0,narrow_hallway/mcts/main/metrics_steps_2_towards_robot_0_1.0.csv,False,13.5,4.935020563849622
narrow_hallway,mcts/main,mcts/main (1.0),2_towards_robot,2_towards_robot,1.0,0,narrow_hallway/mcts/main/metrics_steps_2_towards_robot_0_1.0.csv,False,13.6,4.990151696234533
narrow_hallway,mcts/main,mcts/main (1.0),2_towards_robot,2_towards_robot,1.0,0,narrow_hallway/mcts/main/metrics_steps_2_towards_robot_0_1.0.csv,False,13.7,5.046031440966696
narrow_hallway,mcts/main,mcts/main (1.0),2_towards_robot,2_towards_robot,1.0,0,narrow_hallway/mcts/main/metrics_steps_2_towards_robot_0_1.0.csv,False,13.8,5.09564650432172
narrow_hallway,mcts/main,mcts/main (1.0),2_towards_robot,2_towards_robot,1.0,0,narrow_hallway/mcts/main/metrics_steps_2_towards_robot_0_1.0.csv,False,13.9,5.136309233066019
narrow_hallway,mcts/main,mcts/main (1.0),2_towards_robot,2_towards_robot,1.0,0,narrow_hallway/mcts/main/metrics_steps_2_towards_robot_0_1.0.csv,False,14.0,5.167743337082246
narrow_hallway,mcts/main,mcts/main (1.0),2_towards_robot,2_towards_robot,1.0,0,narrow_hallway/mcts/main/metrics_steps_2_towards_robot_0_1.0.csv,False,14.1,5.1966311520614745
narrow_hallway,mcts/main,mcts/main (1.0),2_towards_robot,2_towards_robot,1.0,0,narrow_hallway/mcts/main/metrics_steps_2_towards_robot_0_1.0.csv,False,14.2,5.228923516323079
narrow_hallway,mcts/main,mcts/main (1.0),2_towards_robot,2_towards_robot,1.0,0,narrow_hallway/mcts/main/metrics_steps_2_towards_robot_0_1.0.csv,False,14.3,5.251469863868104
narrow_hallway,mcts/main,mcts/main (1.0),2_towards_robot,2_towards_robot,1.0,0,narrow_hallway/mcts/main/metrics_steps_2_towards_robot_0_1.0.csv,False,14.4,5.264136817138647
narrow_hallway,mcts/main,mcts/main (1.0),2_towards_robot,2_towards_robot,1.0,0,narrow_hallway/mcts/main/metrics_steps_2_towards_robot_0_1.0.csv,False,14.5,5.267143619422809
narrow_hallway,mcts/main,mcts/main (1.0),2_towards_robot,2_towards_robot,1.0,0,narrow_hallway/mcts/main/metrics_steps_2_towards_robot_0_1.0.csv,False,14.6,5.264260390333997
narrow_hallway,mcts/main,mcts/main (1.0),2_towards_robot,2_towards_robot,1.0,0,narrow_hallway/mcts/main/metrics_steps_2_towards_robot_0_1.0.csv,False,14.7,5.260117223689357
narrow_hallway,mcts/main,mcts/main (1.0),2_towards_robot,2_towards_robot,1.0,0,narrow_hallway/mcts/main/metrics_steps_2_towards_robot_0_1.0.csv,False,14.8,5.256811762326302
narrow_hallway,mcts/main,mcts/main (1.0),2_towards_robot,2_towards_robot,1.0,0,narrow_hallway/mcts/main/metrics_steps_2_towards_robot_0_1.0.csv,False,14.9,5.258937142713726
narrow_hallway,mcts/main,mcts/main (1.0),2_towards_robot,2_towards_robot,1.0,0,narrow_hallway/mcts/main/metrics_steps_2_towards_robot_0_1.0.csv,False,15.0,5.271022496578898
narrow_hallway,mcts/main,mcts/main (1.0),2_towards_robot,2_towards_robot,1.0,0,narrow_hallway/mcts/main/metrics_steps_2_towards_robot_0_1.0.csv,False,15.1,5.293091195560903
narrow_hallway,mcts/main,mcts/main (1.0),2_towards_robot,2_towards_robot,1.0,0,narrow_hallway/mcts/main/metrics_steps_2_towards_robot_0_1.0.csv,False,15.2,5.325148383894417
narrow_hallway,mcts/main,mcts/main (1.0),2_towards_robot,2_towards_robot,1.0,0,narrow_hallway/mcts/main/metrics_steps_2_towards_robot_0_1.0.csv,False,15.3,5.367194223793545
narrow_hallway,mcts/main,mcts/main (1.0),2_towards_robot,2_towards_robot,1.0,0,narrow_hallway/mcts/main/metrics_steps_2_towards_robot_0_1.0.csv,False,15.4,5.419268700133067
narrow_hallway,mcts/main,mcts/main (1.0),2_towards_robot,2_towards_robot,1.0,0,narrow_hallway/mcts/main/metrics_steps_2_towards_robot_0_1.0.csv,False,15.5,5.481327115759762
narrow_hallway,mcts/main,mcts/main (1.0),2_towards_robot,2_towards_robot,1.0,0,narrow_hallway/mcts/main/metrics_steps_2_towards_robot_0_1.0.csv,False,15.6,5.553356095646526
narrow_hallway,mcts/main,mcts/main (1.0),2_towards_robot,2_towards_robot,1.0,0,narrow_hallway/mcts/main/metrics_steps_2_towards_robot_0_1.0.csv,False,15.7,5.632631352066233
narrow_hallway,mcts/main,mcts/main (1.0),2_towards_robot,2_towards_robot,1.0,0,narrow_hallway/mcts/main/metrics_steps_2_towards_robot_0_1.0.csv,False,15.8,5.703915463705463
narrow_hallway,mcts/main,mcts/main (1.0),2_towards_robot,2_towards_robot,1.0,0,narrow_hallway/mcts/main/metrics_steps_2_towards_robot_0_1.0.csv,False,15.9,5.771979572585373
narrow_hallway,mcts/main,mcts/main (1.0),2_towards_robot,2_towards_robot,1.0,0,narrow_hallway/mcts/main/metrics_steps_2_towards_robot_0_1.0.csv,False,16.0,5.850041730881643
narrow_hallway,mcts/main,mcts/main (1.0),2_towards_robot,2_towards_robot,1.0,0,narrow_hallway/mcts/main/metrics_steps_2_towards_robot_0_1.0.csv,False,16.1,5.9374788060278645
narrow_hallway,mcts/main,mcts/main (1.0),2_towards_robot,2_towards_robot,1.0,0,narrow_hallway/mcts/main/metrics_steps_2_towards_robot_0_1.0.csv,False,16.2,6.028689230051806
narrow_hallway,mcts/main,mcts/main (1.0),2_towards_robot,2_towards_robot,1.0,0,narrow_hallway/mcts/main/metrics_steps_2_towards_robot_0_1.0.csv,False,16.3,6.119683013699755
narrow_hallway,mcts/main,mcts/main (1.0),2_towards_robot,2_towards_robot,1.0,0,narrow_hallway/mcts/main/metrics_steps_2_towards_robot_0_1.0.csv,False,16.4,6.203826995070308
narrow_hallway,mcts/main,mcts/main (1.0),2_towards_robot,2_towards_robot,1.0,0,narrow_hallway/mcts/main/metrics_steps_2_towards_robot_0_1.0.csv,False,16.5,6.277729386092932
narrow_hallway,mcts/main,mcts/main (1.0),2_towards_robot,2_towards_robot,1.0,0,narrow_hallway/mcts/main/metrics_steps_2_towards_robot_0_1.0.csv,False,16.6,6.341446469808844
narrow_hallway,mcts/main,mcts/main (1.0),2_towards_robot,2_towards_robot,1.0,0,narrow_hallway/mcts/main/metrics_steps_2_towards_robot_0_1.0.csv,False,16.7,6.394862329300361
narrow_hallway,mcts/main,mcts/main (1.0),2_towards_robot,2_towards_robot,1.0,0,narrow_hallway/mcts/main/metrics_steps_2_towards_robot_0_1.0.csv,False,16.8,6.438277212265295
narrow_hallway,mcts/main,mcts/main (1.0),2_towards_robot,2_towards_robot,1.0,0,narrow_hallway/mcts/main/metrics_steps_2_towards_robot_0_1.0.csv,False,16.9,6.480976246202544
narrow_hallway,mcts/main,mcts/main (1.0),2_towards_robot,2_towards_robot,1.0,0,narrow_hallway/mcts/main/metrics_steps_2_towards_robot_0_1.0.csv,False,17.0,6.530538584835492
narrow_hallway,mcts/main,mcts/main (1.0),2_towards_robot,2_towards_robot,1.0,0,narrow_hallway/mcts/main/metrics_steps_2_towards_robot_0_1.0.csv,False,17.1,6.583984851430065
narrow_hallway,mcts/main,mcts/main (1.0),2_towards_robot,2_towards_robot,1.0,0,narrow_hallway/mcts/main/metrics_steps_2_towards_robot_0_1.0.csv,False,17.2,6.642099727710767
narrow_hallway,mcts/main,mcts/main (1.0),2_towards_robot,2_towards_robot,1.0,0,narrow_hallway/mcts/main/metrics_steps_2_towards_robot_0_1.0.csv,False,17.3,6.702991050333575
narrow_hallway,mcts/main,mcts/main (1.0),2_towards_robot,2_towards_robot,1.0,0,narrow_hallway/mcts/main/metrics_steps_2_towards_robot_0_1.0.csv,False,17.4,6.768645398862501
narrow_hallway,mcts/main,mcts/main (1.0),2_towards_robot,2_towards_robot,1.0,0,narrow_hallway/mcts/main/metrics_steps_2_towards_robot_0_1.0.csv,False,17.5,6.839192505104574
narrow_hallway,mcts/main,mcts/main (1.0),2_towards_robot,2_towards_robot,1.0,0,narrow_hallway/mcts/main/metrics_steps_2_towards_robot_0_1.0.csv,False,17.6,6.903030100758268
narrow_hallway,mcts/main,mcts/main (1.0),2_towards_robot,2_towards_robot,1.0,0,narrow_hallway/mcts/main/metrics_steps_2_towards_robot_0_1.0.csv,False,17.7,6.956740811021943
narrow_hallway,mcts/main,mcts/main (1.0),2_towards_robot,2_towards_robot,1.0,0,narrow_hallway/mcts/main/metrics_steps_2_towards_robot_0_1.0.csv,False,17.8,7.000143877957634
narrow_hallway,mcts/main,mcts/main (1.0),2_towards_robot,2_towards_robot,1.0,0,narrow_hallway/mcts/main/metrics_steps_2_towards_robot_0_1.0.csv,False,17.9,7.033220340280936
narrow_hallway,mcts/main,mcts/main (1.0),2_towards_robot,2_towards_robot,1.0,0,narrow_hallway/mcts/main/metrics_steps_2_towards_robot_0_1.0.csv,False,18.0,7.056272203388296
narrow_hallway,mcts/main,mcts/main (1.0),2_towards_robot,2_towards_robot,1.0,0,narrow_hallway/mcts/main/metrics_steps_2_towards_robot_0_1.0.csv,False,18.1,7.072053202962182
narrow_hallway,mcts/main,mcts/main (1.0),2_towards_robot,2_towards_robot,1.0,0,narrow_hallway/mcts/main/metrics_steps_2_towards_robot_0_1.0.csv,False,18.2,7.083156932025818
narrow_hallway,mcts/main,mcts/main (1.0),2_towards_robot,2_towards_robot,1.0,0,narrow_hallway/mcts/main/metrics_steps_2_towards_robot_0_1.0.csv,False,18.3,7.089687616209404
narrow_hallway,mcts/main,mcts/main (1.0),2_towards_robot,2_towards_robot,1.0,0,narrow_hallway/mcts/main/metrics_steps_2_towards_robot_0_1.0.csv,False,18.4,7.094285605994747
narrow_hallway,mcts/main,mcts/main (1.0),2_towards_robot,2_towards_robot,1.0,0,narrow_hallway/mcts/main/metrics_steps_2_towards_robot_0_1.0.csv,False,18.5,7.099252699415705
narrow_hallway,mcts/main,mcts/main (1.0),2_towards_robot,2_towards_robot,1.0,0,narrow_hallway/mcts/main/metrics_steps_2_towards_robot_0_1.0.csv,False,18.6,7.104703478239283
narrow_hallway,mcts/main,mcts/main (1.0),2_towards_robot,2_towards_robot,1.0,0,narrow_hallway/mcts/main/metrics_steps_2_towards_robot_0_1.0.csv,False,18.7,7.109863206502367
narrow_hallway,mcts/main,mcts/main (1.0),2_towards_robot,2_towards_robot,1.0,0,narrow_hallway/mcts/main/metrics_steps_2_towards_robot_0_1.0.csv,False,18.8,7.109902926196258
narrow_hallway,mcts/main,mcts/main (1.0),2_towards_robot,2_towards_robot,1.0,0,narrow_hallway/mcts/main/metrics_steps_2_towards_robot_0_1.0.csv,False,18.9,7.111395477339125
narrow_hallway,mcts/main,mcts/main (1.0),2_towards_robot,2_towards_robot,1.0,0,narrow_hallway/mcts/main/metrics_steps_2_towards_robot_0_1.0.csv,False,19.0,7.122859890483222
narrow_hallway,mcts/main,mcts/main (1.0),2_towards_robot,2_towards_robot,1.0,0,narrow_hallway/mcts/main/metrics_steps_2_towards_robot_0_1.0.csv,False,19.1,7.143279559573846
narrow_hallway,mcts/main,mcts/main (1.0),2_towards_robot,2_towards_robot,1.0,0,narrow_hallway/mcts/main/metrics_steps_2_towards_robot_0_1.0.csv,False,19.2,7.164374727123676
narrow_hallway,mcts/main,mcts/main (1.0),2_towards_robot,2_towards_robot,1.0,0,narrow_hallway/mcts/main/metrics_steps_2_towards_robot_0_1.0.csv,False,19.3,7.183803391252312
narrow_hallway,mcts/main,mcts/main (1.0),2_towards_robot,2_towards_robot,1.0,0,narrow_hallway/mcts/main/metrics_steps_2_towards_robot_0_1.0.csv,False,19.4,7.201142374517558
narrow_hallway,mcts/main,mcts/main (1.0),2_towards_robot,2_towards_robot,1.0,0,narrow_hallway/mcts/main/metrics_steps_2_towards_robot_0_1.0.csv,False,19.5,7.216892754541673
narrow_hallway,mcts/main,mcts/main (1.0),2_towards_robot,2_towards_robot,1.0,0,narrow_hallway/mcts/main/metrics_steps_2_towards_robot_0_1.0.csv,False,19.6,7.230902625995789
narrow_hallway,mcts/main,mcts/main (1.0),2_towards_robot,2_towards_robot,1.0,0,narrow_hallway/mcts/main/metrics_steps_2_towards_robot_0_1.0.csv,False,19.7,7.243946117759773
narrow_hallway,mcts/main,mcts/main (1.0),2_towards_robot,2_towards_robot,1.0,0,narrow_hallway/mcts/main/metrics_steps_2_towards_robot_0_1.0.csv,False,19.8,7.248645136930669
narrow_hallway,mcts/main,mcts/main (1.0),2_towards_robot,2_towards_robot,1.0,0,narrow_hallway/mcts/main/metrics_steps_2_towards_robot_0_1.0.csv,False,19.9,7.254565180444988
narrow_hallway,mcts/main,mcts/main (1.0),2_towards_robot,2_towards_robot,1.0,0,narrow_hallway/mcts/main/metrics_steps_2_towards_robot_0_1.0.csv,False,20.0,7.270392599368101
narrow_hallway,mcts/main,mcts/main (1.0),2_towards_robot,2_towards_robot,1.0,0,narrow_hallway/mcts/main/metrics_steps_2_towards_robot_0_1.0.csv,False,20.1,7.29627468839017
narrow_hallway,mcts/main,mcts/main (1.0),2_towards_robot,2_towards_robot,1.0,0,narrow_hallway/mcts/main/metrics_steps_2_towards_robot_0_1.0.csv,False,20.2,7.332096067688473
narrow_hallway,mcts/main,mcts/main (1.0),2_towards_robot,2_towards_robot,1.0,0,narrow_hallway/mcts/main/metrics_steps_2_towards_robot_0_1.0.csv,False,20.3,7.377901270487753
narrow_hallway,mcts/main,mcts/main (1.0),2_towards_robot,2_towards_robot,1.0,0,narrow_hallway/mcts/main/metrics_steps_2_towards_robot_0_1.0.csv,False,20.4,7.433665920338258
narrow_hallway,mcts/main,mcts/main (1.0),2_towards_robot,2_towards_robot,1.0,0,narrow_hallway/mcts/main/metrics_steps_2_towards_robot_0_1.0.csv,False,20.5,7.499405867268067
narrow_hallway,mcts/main,mcts/main (1.0),2_towards_robot,2_towards_robot,1.0,0,narrow_hallway/mcts/main/metrics_steps_2_towards_robot_0_1.0.csv,False,20.6,7.5750391197460605
narrow_hallway,mcts/main,mcts/main (1.0),2_towards_robot,2_towards_robot,1.0,0,narrow_hallway/mcts/main/metrics_steps_2_towards_robot_0_1.0.csv,False,20.7,7.66029950983234
narrow_hallway,mcts/main,mcts/main (1.0),2_towards_robot,2_towards_robot,1.0,0,narrow_hallway/mcts/main/metrics_steps_2_towards_robot_0_1.0.csv,False,20.8,7.741550102007825
narrow_hallway,mcts/main,mcts/main (1.0),2_towards_robot,2_towards_robot,1.0,0,narrow_hallway/mcts/main/metrics_steps_2_towards_robot_0_1.0.csv,False,20.9,7.818600254503929
narrow_hallway,mcts/main,mcts/main (1.0),2_towards_robot,2_towards_robot,1.0,0,narrow_hallway/mcts/main/metrics_steps_2_towards_robot_0_1.0.csv,False,21.0,7.899934290198818
narrow_hallway,mcts/main,mcts/main (1.0),2_towards_robot,2_towards_robot,1.0,0,narrow_hallway/mcts/main/metrics_steps_2_towards_robot_0_1.0.csv,False,21.1,7.981321116773799
narrow_hallway,mcts/main,mcts/main (1.0),2_towards_robot,2_towards_robot,1.0,0,narrow_hallway/mcts/main/metrics_steps_2_towards_robot_0_1.0.csv,False,21.2,8.062561759390583
narrow_hallway,mcts/main,mcts/main (1.0),2_towards_robot,2_towards_robot,1.0,0,narrow_hallway/mcts/main/metrics_steps_2_towards_robot_0_1.0.csv,False,21.3,8.145289001804302
narrow_hallway,mcts/main,mcts/main (1.0),2_towards_robot,2_towards_robot,1.0,0,narrow_hallway/mcts/main/metrics_steps_2_towards_robot_0_1.0.csv,False,21.4,8.229674353061377
narrow_hallway,mcts/main,mcts/main (1.0),2_towards_robot,2_towards_robot,1.0,0,narrow_hallway/mcts/main/metrics_steps_2_towards_robot_0_1.0.csv,False,21.5,8.307859714828677
narrow_hallway,mcts/main,mcts/main (1.0),2_towards_robot,2_towards_robot,1.0,0,narrow_hallway/mcts/main/metrics_steps_2_towards_robot_0_1.0.csv,False,21.6,8.37572056736401
narrow_hallway,mcts/main,mcts/main (1.0),2_towards_robot,2_towards_robot,1.0,0,narrow_hallway/mcts/main/metrics_steps_2_towards_robot_0_1.0.csv,False,21.7,8.43362439898703
narrow_hallway,mcts/main,mcts/main (1.0),2_towards_robot,2_towards_robot,1.0,0,narrow_hallway/mcts/main/metrics_steps_2_towards_robot_0_1.0.csv,False,21.8,8.481563928684112
narrow_hallway,mcts/main,mcts/main (1.0),2_towards_robot,2_towards_robot,1.0,0,narrow_hallway/mcts/main/metrics_steps_2_towards_robot_0_1.0.csv,False,21.9,8.51967499367303
narrow_hallway,mcts/main,mcts/main (1.0),2_towards_robot,2_towards_robot,1.0,0,narrow_hallway/mcts/main/metrics_steps_2_towards_robot_0_1.0.csv,False,22.0,8.548401264676002
narrow_hallway,mcts/main,mcts/main (1.0),2_towards_robot,2_towards_robot,1.0,0,narrow_hallway/mcts/main/metrics_steps_2_towards_robot_0_1.0.csv,False,22.1,8.568176590623729
narrow_hallway,mcts/main,mcts/main (1.0),2_towards_robot,2_towards_robot,1.0,0,narrow_hallway/mcts/main/metrics_steps_2_towards_robot_0_1.0.csv,False,22.2,8.580558834244558
narrow_hallway,mcts/main,mcts/main (1.0),2_towards_robot,2_towards_robot,1.0,0,narrow_hallway/mcts/main/metrics_steps_2_towards_robot_0_1.0.csv,False,22.3,8.58943851121052
narrow_hallway,mcts/main,mcts/main (1.0),2_towards_robot,2_towards_robot,1.0,0,narrow_hallway/mcts/main/metrics_steps_2_towards_robot_0_1.0.csv,False,22.4,8.596004723355348
narrow_hallway,mcts/main,mcts/main (1.0),2_towards_robot,2_towards_robot,1.0,0,narrow_hallway/mcts/main/metrics_steps_2_towards_robot_0_1.0.csv,False,22.5,8.603236262678783
narrow_hallway,mcts/main,mcts/main (1.0),2_towards_robot,2_towards_robot,1.0,0,narrow_hallway/mcts/main/metrics_steps_2_towards_robot_0_1.0.csv,False,22.6,8.61146278732997
narrow_hallway,mcts/main,mcts/main (1.0),2_towards_robot,2_towards_robot,1.0,0,narrow_hallway/mcts/main/metrics_steps_2_towards_robot_0_1.0.csv,False,22.7,8.620128270587445
narrow_hallway,mcts/main,mcts/main (1.0),2_towards_robot,2_towards_robot,1.0,0,narrow_hallway/mcts/main/metrics_steps_2_towards_robot_0_1.0.csv,False,22.8,8.622500947240244
narrow_hallway,mcts/main,mcts/main (1.0),2_towards_robot,2_towards_robot,1.0,0,narrow_hallway/mcts/main/metrics_steps_2_towards_robot_0_1.0.csv,False,22.9,8.628941693470324
narrow_hallway,mcts/main,mcts/main (1.0),2_towards_robot,2_towards_robot,1.0,0,narrow_hallway/mcts/main/metrics_steps_2_towards_robot_0_1.0.csv,False,23.0,8.645035966513795
narrow_hallway,mcts/main,mcts/main (1.0),2_towards_robot,2_towards_robot,1.0,0,narrow_hallway/mcts/main/metrics_steps_2_towards_robot_0_1.0.csv,False,23.1,8.670842655278166
narrow_hallway,mcts/main,mcts/main (1.0),2_towards_robot,2_towards_robot,1.0,0,narrow_hallway/mcts/main/metrics_steps_2_towards_robot_0_1.0.csv,False,23.2,8.706597822934985
narrow_hallway,mcts/main,mcts/main (1.0),2_towards_robot,2_towards_robot,1.0,0,narrow_hallway/mcts/main/metrics_steps_2_towards_robot_0_1.0.csv,False,23.3,8.752301932705343
narrow_hallway,mcts/main,mcts/main (1.0),2_towards_robot,2_towards_robot,1.0,0,narrow_hallway/mcts/main/metrics_steps_2_towards_robot_0_1.0.csv,False,23.4,8.808181681173886
narrow_hallway,mcts/main,mcts/main (1.0),2_towards_robot,2_towards_robot,1.0,0,narrow_hallway/mcts/main/metrics_steps_2_towards_robot_0_1.0.csv,False,23.5,8.873904626672728
narrow_hallway,mcts/main,mcts/main (1.0),2_towards_robot,2_towards_robot,1.0,0,narrow_hallway/mcts/main/metrics_steps_2_towards_robot_0_1.0.csv,False,23.6,8.944059410833097
narrow_hallway,mcts/main,mcts/main (1.0),2_towards_robot,2_towards_robot,1.0,0,narrow_hallway/mcts/main/metrics_steps_2_towards_robot_0_1.0.csv,False,23.7,9.016660929614046
narrow_hallway,mcts/main,mcts/main (1.0),2_towards_robot,2_towards_robot,1.0,0,narrow_hallway/mcts/main/metrics_steps_2_towards_robot_0_1.0.csv,False,23.8,9.081543766667911
narrow_hallway,mcts/main,mcts/main (1.0),2_towards_robot,2_towards_robot,1.0,0,narrow_hallway/mcts/main/metrics_steps_2_towards_robot_0_1.0.csv,False,23.9,9.144645976673928
narrow_hallway,mcts/main,mcts/main (1.0),2_towards_robot,2_towards_robot,1.0,0,narrow_hallway/mcts/main/metrics_steps_2_towards_robot_0_1.0.csv,False,24.0,9.216384541591976
narrow_hallway,mcts/main,mcts/main (1.0),2_towards_robot,2_towards_robot,1.0,0,narrow_hallway/mcts/main/metrics_steps_2_towards_robot_0_1.0.csv,False,24.1,9.295263217866298
narrow_hallway,mcts/main,mcts/main (1.0),2_towards_robot,2_towards_robot,1.0,0,narrow_hallway/mcts/main/metrics_steps_2_towards_robot_0_1.0.csv,False,24.2,9.377519803931651
narrow_hallway,mcts/main,mcts/main (1.0),2_towards_robot,2_towards_robot,1.0,0,narrow_hallway/mcts/main/metrics_steps_2_towards_robot_0_1.0.csv,False,24.3,9.462398591893288
narrow_hallway,mcts/main,mcts/main (1.0),2_towards_robot,2_towards_robot,1.0,0,narrow_hallway/mcts/main/metrics_steps_2_towards_robot_0_1.0.csv,False,24.4,9.54486721600821
narrow_hallway,mcts/main,mcts/main (1.0),2_towards_robot,2_towards_robot,1.0,0,narrow_hallway/mcts/main/metrics_steps_2_towards_robot_0_1.0.csv,False,24.5,9.619133630550277
narrow_hallway,mcts/main,mcts/main (1.0),2_towards_robot,2_towards_robot,1.0,0,narrow_hallway/mcts/main/metrics_steps_2_towards_robot_0_1.0.csv,False,24.6,9.690129499033578
narrow_hallway,mcts/main,mcts/main (1.0),2_towards_robot,2_towards_robot,1.0,0,narrow_hallway/mcts/main/metrics_steps_2_towards_robot_0_1.0.csv,False,24.7,9.760300828152802
narrow_hallway,mcts/main,mcts/main (1.0),2_towards_robot,2_towards_robot,1.0,0,narrow_hallway/mcts/main/metrics_steps_2_towards_robot_0_1.0.csv,False,24.8,9.822669912918242
narrow_hallway,mcts/main,mcts/main (1.0),2_towards_robot,2_towards_robot,1.0,0,narrow_hallway/mcts/main/metrics_steps_2_towards_robot_0_1.0.csv,False,24.9,9.880247708858224
narrow_hallway,mcts/main,mcts/main (1.0),2_towards_robot,2_towards_robot,1.0,0,narrow_hallway/mcts/main/metrics_steps_2_towards_robot_0_1.0.csv,False,25.0,9.932101578128146
narrow_hallway,mcts/main,mcts/main (1.0),2_towards_robot,2_towards_robot,1.0,0,narrow_hallway/mcts/main/metrics_steps_2_towards_robot_0_1.0.csv,False,25.1,9.97611700104142
narrow_hallway,mcts/main,mcts/main (1.0),2_towards_robot,2_towards_robot,1.0,0,narrow_hallway/mcts/main/metrics_steps_2_towards_robot_0_1.0.csv,False,25.2,10.021607018643934
narrow_hallway,mcts/main,mcts/main (1.0),2_towards_robot,2_towards_robot,1.0,0,narrow_hallway/mcts/main/metrics_steps_2_towards_robot_0_1.0.csv,False,25.3,10.06699132237547
narrow_hallway,mcts/main,mcts/main (1.0),2_towards_robot,2_towards_robot,1.0,0,narrow_hallway/mcts/main/metrics_steps_2_towards_robot_0_1.0.csv,False,25.4,10.102499722628044
narrow_hallway,mcts/main,mcts/main (1.0),2_towards_robot,2_towards_robot,1.0,0,narrow_hallway/mcts/main/metrics_steps_2_towards_robot_0_1.0.csv,False,25.5,10.128143161744916
narrow_hallway,mcts/main,mcts/main (1.0),2_towards_robot,2_towards_robot,1.0,0,narrow_hallway/mcts/main/metrics_steps_2_towards_robot_0_1.0.csv,False,25.6,10.143686259545229
narrow_hallway,mcts/main,mcts/main (1.0),2_towards_robot,2_towards_robot,1.0,0,narrow_hallway/mcts/main/metrics_steps_2_towards_robot_0_1.0.csv,False,25.7,10.149399215780738
narrow_hallway,mcts/main,mcts/main (1.0),2_towards_robot,2_towards_robot,1.0,0,narrow_hallway/mcts/main/metrics_steps_2_towards_robot_0_1.0.csv,False,25.8,10.150453522479443
narrow_hallway,mcts/main,mcts/main (1.0),2_towards_robot,2_towards_robot,1.0,0,narrow_hallway/mcts/main/metrics_steps_2_towards_robot_0_1.0.csv,False,25.9,10.155874988749344
narrow_hallway,mcts/main,mcts/main (1.0),2_towards_robot,2_towards_robot,1.0,0,narrow_hallway/mcts/main/metrics_steps_2_towards_robot_0_1.0.csv,False,26.0,10.17131324769315
narrow_hallway,mcts/main,mcts/main (1.0),2_towards_robot,2_towards_robot,1.0,0,narrow_hallway/mcts/main/metrics_steps_2_towards_robot_0_1.0.csv,False,26.1,10.196643184448648
narrow_hallway,mcts/main,mcts/main (1.0),2_towards_robot,2_towards_robot,1.0,0,narrow_hallway/mcts/main/metrics_steps_2_towards_robot_0_1.0.csv,False,26.2,10.231933222596831
narrow_hallway,mcts/main,mcts/main (1.0),2_towards_robot,2_towards_robot,1.0,0,narrow_hallway/mcts/main/metrics_steps_2_towards_robot_0_1.0.csv,False,26.3,10.277050181728091
narrow_hallway,mcts/main,mcts/main (1.0),2_towards_robot,2_towards_robot,1.0,0,narrow_hallway/mcts/main/metrics_steps_2_towards_robot_0_1.0.csv,False,26.4,10.331888491317695
narrow_hallway,mcts/main,mcts/main (1.0),2_towards_robot,2_towards_robot,1.0,0,narrow_hallway/mcts/main/metrics_steps_2_towards_robot_0_1.0.csv,False,26.5,10.396395622155248
narrow_hallway,mcts/main,mcts/main (1.0),2_towards_robot,2_towards_robot,1.0,0,narrow_hallway/mcts/main/metrics_steps_2_towards_robot_0_1.0.csv,False,26.6,10.470459689364384
narrow_hallway,mcts/main,mcts/main (1.0),2_towards_robot,2_towards_robot,1.0,0,narrow_hallway/mcts/main/metrics_steps_2_towards_robot_0_1.0.csv,False,26.7,10.552593292094802
narrow_hallway,mcts/main,mcts/main (1.0),2_towards_robot,2_towards_robot,1.0,0,narrow_hallway/mcts/main/metrics_steps_2_towards_robot_0_1.0.csv,False,26.8,10.62840973248899
narrow_hallway,mcts/main,mcts/main (1.0),2_towards_robot,2_towards_robot,1.0,0,narrow_hallway/mcts/main/metrics_steps_2_towards_robot_0_1.0.csv,False,26.9,10.694146261464354
narrow_hallway,mcts/main,mcts/main (1.0),2_towards_robot,2_towards_robot,1.0,0,narrow_hallway/mcts/main/metrics_steps_2_towards_robot_0_1.0.csv,False,27.0,10.749930765147262
narrow_hallway,mcts/main,mcts/main (1.0),2_towards_robot,2_towards_robot,1.0,0,narrow_hallway/mcts/main/metrics_steps_2_towards_robot_0_1.0.csv,False,27.1,10.7959208761296
narrow_hallway,mcts/main,mcts/main (1.0),2_towards_robot,2_towards_robot,1.0,0,narrow_hallway/mcts/main/metrics_steps_2_towards_robot_0_1.0.csv,False,27.2,10.831704560840627
narrow_hallway,mcts/main,mcts/main (1.0),2_towards_robot,2_towards_robot,1.0,0,narrow_hallway/mcts/main/metrics_steps_2_towards_robot_0_1.0.csv,False,27.3,10.858116738518378
narrow_hallway,mcts/main,mcts/main (1.0),2_towards_robot,2_towards_robot,1.0,0,narrow_hallway/mcts/main/metrics_steps_2_towards_robot_0_1.0.csv,False,27.4,10.874884375716688
narrow_hallway,mcts/main,mcts/main (1.0),2_towards_robot,2_towards_robot,1.0,0,narrow_hallway/mcts/main/metrics_steps_2_towards_robot_0_1.0.csv,False,27.5,10.88586572556423
narrow_hallway,mcts/main,mcts/main (1.0),2_towards_robot,2_towards_robot,1.0,0,narrow_hallway/mcts/main/metrics_steps_2_towards_robot_0_1.0.csv,False,27.6,10.894954574743664
narrow_hallway,mcts/main,mcts/main (1.0),2_towards_robot,2_towards_robot,1.0,0,narrow_hallway/mcts/main/metrics_steps_2_towards_robot_0_1.0.csv,False,27.7,10.903699232606025
narrow_hallway,mcts/main,mcts/main (1.0),2_towards_robot,2_towards_robot,1.0,0,narrow_hallway/mcts/main/metrics_steps_2_towards_robot_0_1.0.csv,False,27.8,10.911140336262989
narrow_hallway,mcts/main,mcts/main (1.0),2_towards_robot,2_towards_robot,1.0,0,narrow_hallway/mcts/main/metrics_steps_2_towards_robot_0_1.0.csv,False,27.9,10.922832304245688
narrow_hallway,mcts/main,mcts/main (1.0),2_towards_robot,2_towards_robot,1.0,0,narrow_hallway/mcts/main/metrics_steps_2_towards_robot_0_1.0.csv,False,28.0,10.942814550075395
narrow_hallway,mcts/main,mcts/main (1.0),2_towards_robot,2_towards_robot,1.0,0,narrow_hallway/mcts/main/metrics_steps_2_towards_robot_0_1.0.csv,False,28.1,10.971070286265851
narrow_hallway,mcts/main,mcts/main (1.0),2_towards_robot,2_towards_robot,1.0,0,narrow_hallway/mcts/main/metrics_steps_2_towards_robot_0_1.0.csv,False,28.2,11.00751721418455
narrow_hallway,mcts/main,mcts/main (1.0),2_towards_robot,2_towards_robot,1.0,0,narrow_hallway/mcts/main/metrics_steps_2_towards_robot_0_1.0.csv,False,28.3,11.05237175192442
narrow_hallway,mcts/main,mcts/main (1.0),2_towards_robot,2_towards_robot,1.0,0,narrow_hallway/mcts/main/metrics_steps_2_towards_robot_0_1.0.csv,False,28.4,11.104349917009255
narrow_hallway,mcts/main,mcts/main (1.0),2_towards_robot,2_towards_robot,1.0,0,narrow_hallway/mcts/main/metrics_steps_2_towards_robot_0_1.0.csv,False,28.5,11.161034417941066
narrow_hallway,mcts/main,mcts/main (1.0),2_towards_robot,2_towards_robot,1.0,0,narrow_hallway/mcts/main/metrics_steps_2_towards_robot_0_1.0.csv,False,28.6,11.22383493669586
narrow_hallway,mcts/main,mcts/main (1.0),2_towards_robot,2_towards_robot,1.0,0,narrow_hallway/mcts/main/metrics_steps_2_towards_robot_0_1.0.csv,False,28.7,11.291306205644094
narrow_hallway,mcts/main,mcts/main (1.0),2_towards_robot,2_towards_robot,1.0,0,narrow_hallway/mcts/main/metrics_steps_2_towards_robot_0_1.0.csv,False,28.8,11.354206430533994
narrow_hallway,mcts/main,mcts/main (1.0),2_towards_robot,2_towards_robot,1.0,0,narrow_hallway/mcts/main/metrics_steps_2_towards_robot_0_1.0.csv,False,28.9,11.4183313478892
narrow_hallway,mcts/main,mcts/main (1.0),2_towards_robot,2_towards_robot,1.0,0,narrow_hallway/mcts/main/metrics_steps_2_towards_robot_0_1.0.csv,False,29.0,11.489630155198803
narrow_hallway,mcts/main,mcts/main (1.0),2_towards_robot,2_towards_robot,1.0,0,narrow_hallway/mcts/main/metrics_steps_2_towards_robot_0_1.0.csv,False,29.1,11.56402544215399
narrow_hallway,mcts/main,mcts/main (1.0),2_towards_robot,2_towards_robot,1.0,0,narrow_hallway/mcts/main/metrics_steps_2_towards_robot_0_1.0.csv,False,29.2,11.641426246382965
narrow_hallway,mcts/main,mcts/main (1.0),2_towards_robot,2_towards_robot,1.0,0,narrow_hallway/mcts/main/metrics_steps_2_towards_robot_0_1.0.csv,False,29.3,11.72213240056638
narrow_hallway,mcts/main,mcts/main (1.0),2_towards_robot,2_towards_robot,1.0,0,narrow_hallway/mcts/main/metrics_steps_2_towards_robot_0_1.0.csv,False,29.4,11.800647993373357
narrow_hallway,mcts/main,mcts/main (1.0),2_towards_robot,2_towards_robot,1.0,0,narrow_hallway/mcts/main/metrics_steps_2_towards_robot_0_1.0.csv,False,29.5,11.867127443831524
narrow_hallway,mcts/main,mcts/main (1.0),2_towards_robot,2_towards_robot,1.0,0,narrow_hallway/mcts/main/metrics_steps_2_towards_robot_0_1.0.csv,False,29.6,11.922045230227049
narrow_hallway,mcts/main,mcts/main (1.0),2_towards_robot,2_towards_robot,1.0,0,narrow_hallway/mcts/main/metrics_steps_2_towards_robot_0_1.0.csv,False,29.7,11.96845199526914
narrow_hallway,mcts/main,mcts/main (1.0),2_towards_robot,2_towards_robot,1.0,0,narrow_hallway/mcts/main/metrics_steps_2_towards_robot_0_1.0.csv,False,29.8,12.00541130553318
narrow_hallway,mcts/main,mcts/main (1.0),2_towards_robot,2_towards_robot,1.0,0,narrow_hallway/mcts/main/metrics_steps_2_towards_robot_0_1.0.csv,False,29.9,12.04175899906121
narrow_hallway,mcts/main,mcts/main (1.0),2_towards_robot,2_towards_robot,1.0,0,narrow_hallway/mcts/main/metrics_steps_2_towards_robot_0_1.0.csv,False,30.0,12.083313260332329
narrow_hallway,mcts/main,mcts/main (1.0),2_towards_robot,2_towards_robot,1.0,0,narrow_hallway/mcts/main/metrics_steps_2_towards_robot_0_1.0.csv,False,30.1,12.128365626020114
narrow_hallway,mcts/main,mcts/main (1.0),2_towards_robot,2_towards_robot,1.0,0,narrow_hallway/mcts/main/metrics_steps_2_towards_robot_0_1.0.csv,False,30.2,12.174520227538014
narrow_hallway,mcts/main,mcts/main (1.0),2_towards_robot,2_towards_robot,1.0,0,narrow_hallway/mcts/main/metrics_steps_2_towards_robot_0_1.0.csv,False,30.3,12.221796507094783
narrow_hallway,mcts/main,mcts/main (1.0),2_towards_robot,2_towards_robot,1.0,0,narrow_hallway/mcts/main/metrics_steps_2_towards_robot_0_1.0.csv,False,30.4,12.274777378449498
narrow_hallway,mcts/main,mcts/main (1.0),2_towards_robot,2_towards_robot,1.0,0,narrow_hallway/mcts/main/metrics_steps_2_towards_robot_0_1.0.csv,False,30.5,12.335242019323776
narrow_hallway,mcts/main,mcts/main (1.0),2_towards_robot,2_towards_robot,1.0,0,narrow_hallway/mcts/main/metrics_steps_2_towards_robot_0_1.0.csv,False,30.6,12.397658748441335
narrow_hallway,mcts/main,mcts/main (1.0),2_towards_robot,2_towards_robot,1.0,0,narrow_hallway/mcts/main/metrics_steps_2_towards_robot_0_1.0.csv,False,30.7,12.46203375285576
narrow_hallway,mcts/main,mcts/main (1.0),2_towards_robot,2_towards_robot,1.0,0,narrow_hallway/mcts/main/metrics_steps_2_towards_robot_0_1.0.csv,False,30.8,12.522986505356355
narrow_hallway,mcts/main,mcts/main (1.0),2_towards_robot,2_towards_robot,1.0,0,narrow_hallway/mcts/main/metrics_steps_2_towards_robot_0_1.0.csv,False,30.9,12.57701739223938
narrow_hallway,mcts/main,mcts/main (1.0),2_towards_robot,2_towards_robot,1.0,0,narrow_hallway/mcts/main/metrics_steps_2_towards_robot_0_1.0.csv,False,31.0,12.62417811132496
narrow_hallway,mcts/main,mcts/main (1.0),2_towards_robot,2_towards_robot,1.0,0,narrow_hallway/mcts/main/metrics_steps_2_towards_robot_0_1.0.csv,False,31.1,12.670613366545464
narrow_hallway,mcts/main,mcts/main (1.0),2_towards_robot,2_towards_robot,1.0,0,narrow_hallway/mcts/main/metrics_steps_2_towards_robot_0_1.0.csv,False,31.2,12.719082143328723
narrow_hallway,mcts/main,mcts/main (1.0),2_towards_robot,2_towards_robot,1.0,0,narrow_hallway/mcts/main/metrics_steps_2_towards_robot_0_1.0.csv,False,31.3,12.76844143654419
narrow_hallway,mcts/main,mcts/main (1.0),2_towards_robot,2_towards_robot,1.0,0,narrow_hallway/mcts/main/metrics_steps_2_towards_robot_0_1.0.csv,False,31.4,12.818657137095713
narrow_hallway,mcts/main,mcts/main (1.0),2_towards_robot,2_towards_robot,1.0,0,narrow_hallway/mcts/main/metrics_steps_2_towards_robot_0_1.0.csv,False,31.5,12.869135152483056
narrow_hallway,mcts/main,mcts/main (1.0),2_towards_robot,2_towards_robot,1.0,0,narrow_hallway/mcts/main/metrics_steps_2_towards_robot_0_1.0.csv,False,31.6,12.91834769873206
narrow_hallway,mcts/main,mcts/main (1.0),2_towards_robot,2_towards_robot,1.0,0,narrow_hallway/mcts/main/metrics_steps_2_towards_robot_0_1.0.csv,False,31.7,12.967286850395675
narrow_hallway,mcts/main,mcts/main (1.0),2_towards_robot,2_towards_robot,1.0,0,narrow_hallway/mcts/main/metrics_steps_2_towards_robot_0_1.0.csv,False,31.8,13.007991986841708
narrow_hallway,mcts/main,mcts/main (1.0),2_towards_robot,2_towards_robot,1.0,0,narrow_hallway/mcts/main/metrics_steps_2_towards_robot_0_1.0.csv,False,31.9,13.047630597042646
narrow_hallway,mcts/main,mcts/main (1.0),2_towards_robot,2_towards_robot,1.0,0,narrow_hallway/mcts/main/metrics_steps_2_towards_robot_0_1.0.csv,False,32.0,13.091517267659745
narrow_hallway,mcts/main,mcts/main (1.0),2_towards_robot,2_towards_robot,1.0,0,narrow_hallway/mcts/main/metrics_steps_2_towards_robot_0_1.0.csv,False,32.1,13.137757621675934
narrow_hallway,mcts/main,mcts/main (1.0),2_towards_robot,2_towards_robot,1.0,0,narrow_hallway/mcts/main/metrics_steps_2_towards_robot_0_1.0.csv,False,32.2,13.17960078610185
narrow_hallway,mcts/main,mcts/main (1.0),2_towards_robot,2_towards_robot,1.0,0,narrow_hallway/mcts/main/metrics_steps_2_towards_robot_0_1.0.csv,False,32.3,13.219915986564788
narrow_hallway,mcts/main,mcts/main (1.0),2_towards_robot,2_towards_robot,1.0,0,narrow_hallway/mcts/main/metrics_steps_2_towards_robot_0_1.0.csv,False,32.4,13.257976708921184
narrow_hallway,mcts/main,mcts/main (1.0),2_towards_robot,2_towards_robot,1.0,0,narrow_hallway/mcts/main/metrics_steps_2_towards_robot_0_1.0.csv,False,32.5,13.28836938972677
narrow_hallway,mcts/main,mcts/main (1.0),2_towards_robot,2_towards_robot,1.0,0,narrow_hallway/mcts/main/metrics_steps_2_towards_robot_0_1.0.csv,False,32.6,13.31093405175242
narrow_hallway,mcts/main,mcts/main (1.0),2_towards_robot,2_towards_robot,1.0,0,narrow_hallway/mcts/main/metrics_steps_2_towards_robot_0_1.0.csv,False,32.7,13.323401046874585
narrow_hallway,mcts/main,mcts/main (1.0),2_towards_robot,2_towards_robot,1.0,0,narrow_hallway/mcts/main/metrics_steps_2_towards_robot_0_1.0.csv,False,32.8,13.326027271922834
narrow_hallway,mcts/main,mcts/main (1.0),2_towards_robot,2_towards_robot,1.0,0,narrow_hallway/mcts/main/metrics_steps_2_towards_robot_0_1.0.csv,False,32.9,13.32852621582528
narrow_hallway,mcts/main,mcts/main (1.0),2_towards_robot,2_towards_robot,1.0,0,narrow_hallway/mcts/main/metrics_steps_2_towards_robot_0_1.0.csv,False,33.0,13.341285724486667
narrow_hallway,mcts/main,mcts/main (1.0),2_towards_robot,2_towards_robot,1.0,0,narrow_hallway/mcts/main/metrics_steps_2_towards_robot_0_1.0.csv,False,33.1,13.364024664362615
narrow_hallway,mcts/main,mcts/main (1.0),2_towards_robot,2_towards_robot,1.0,0,narrow_hallway/mcts/main/metrics_steps_2_towards_robot_0_1.0.csv,False,33.2,13.396698487084626
narrow_hallway,mcts/main,mcts/main (1.0),2_towards_robot,2_towards_robot,1.0,0,narrow_hallway/mcts/main/metrics_steps_2_towards_robot_0_1.0.csv,False,33.3,13.439456264600564
narrow_hallway,mcts/main,mcts/main (1.0),2_towards_robot,2_towards_robot,1.0,0,narrow_hallway/mcts/main/metrics_steps_2_towards_robot_0_1.0.csv,False,33.4,13.492132356112888
narrow_hallway,mcts/main,mcts/main (1.0),2_towards_robot,2_towards_robot,1.0,0,narrow_hallway/mcts/main/metrics_steps_2_towards_robot_0_1.0.csv,False,33.5,13.554905106925624
narrow_hallway,mcts/main,mcts/main (1.0),2_towards_robot,2_towards_robot,1.0,0,narrow_hallway/mcts/main/metrics_steps_2_towards_robot_0_1.0.csv,False,33.6,13.627530596715212
narrow_hallway,mcts/main,mcts/main (1.0),2_towards_robot,2_towards_robot,1.0,0,narrow_hallway/mcts/main/metrics_steps_2_towards_robot_0_1.0.csv,False,33.7,13.709101704629804
narrow_hallway,mcts/main,mcts/main (1.0),2_towards_robot,2_towards_robot,1.0,0,narrow_hallway/mcts/main/metrics_steps_2_towards_robot_0_1.0.csv,False,33.8,13.784974351354668
narrow_hallway,mcts/main,mcts/main (1.0),2_towards_robot,2_towards_robot,1.0,0,narrow_hallway/mcts/main/metrics_steps_2_towards_robot_0_1.0.csv,False,33.9,13.850913767618213
narrow_hallway,mcts/main,mcts/main (1.0),2_towards_robot,2_towards_robot,1.0,0,narrow_hallway/mcts/main/metrics_steps_2_towards_robot_0_1.0.csv,False,34.0,13.906830962482166
narrow_hallway,mcts/main,mcts/main (1.0),2_towards_robot,2_towards_robot,1.0,0,narrow_hallway/mcts/main/metrics_steps_2_towards_robot_0_1.0.csv,False,34.1,13.952799741250184
narrow_hallway,mcts/main,mcts/main (1.0),2_towards_robot,2_towards_robot,1.0,0,narrow_hallway/mcts/main/metrics_steps_2_towards_robot_0_1.0.csv,False,34.2,13.988752910234185
narrow_hallway,mcts/main,mcts/main (1.0),2_towards_robot,2_towards_robot,1.0,0,narrow_hallway/mcts/main/metrics_steps_2_towards_robot_0_1.0.csv,False,34.3,14.014814506639814
narrow_hallway,mcts/main,mcts/main (1.0),2_towards_robot,2_towards_robot,1.0,0,narrow_hallway/mcts/main/metrics_steps_2_towards_robot_0_1.0.csv,False,34.4,14.030844309666564
narrow_hallway,mcts/main,mcts/main (1.0),2_towards_robot,2_towards_robot,1.0,0,narrow_hallway/mcts/main/metrics_steps_2_towards_robot_0_1.0.csv,False,34.5,14.036945065805906
narrow_hallway,mcts/main,mcts/main (1.0),2_towards_robot,2_towards_robot,1.0,0,narrow_hallway/mcts/main/metrics_steps_2_towards_robot_0_1.0.csv,False,34.6,14.035557154012157
narrow_hallway,mcts/main,mcts/main (1.0),2_towards_robot,2_towards_robot,1.0,0,narrow_hallway/mcts/main/metrics_steps_2_towards_robot_0_1.0.csv,False,34.7,14.033809551008336
narrow_hallway,mcts/main,mcts/main (1.0),2_towards_robot,2_towards_robot,1.0,0,narrow_hallway/mcts/main/metrics_steps_2_towards_robot_0_1.0.csv,False,34.8,14.031976709391778
narrow_hallway,mcts/main,mcts/main (1.0),2_towards_robot,2_towards_robot,1.0,0,narrow_hallway/mcts/main/metrics_steps_2_towards_robot_0_1.0.csv,False,34.9,14.036118786112574
narrow_hallway,mcts/main,mcts/main (1.0),2_towards_robot,2_towards_robot,1.0,0,narrow_hallway/mcts/main/metrics_steps_2_towards_robot_0_1.0.csv,False,35.0,14.045666932446167
narrow_hallway,mcts/main,mcts/main (1.0),2_towards_robot,2_towards_robot,1.0,0,narrow_hallway/mcts/main/metrics_steps_2_towards_robot_0_1.0.csv,False,35.1,14.05870329136304
narrow_hallway,mcts/main,mcts/main (1.0),2_towards_robot,2_towards_robot,1.0,0,narrow_hallway/mcts/main/metrics_steps_2_towards_robot_0_1.0.csv,False,35.2,14.071435227592524
narrow_hallway,mcts/main,mcts/main (1.0),2_towards_robot,2_towards_robot,1.0,0,narrow_hallway/mcts/main/metrics_steps_2_towards_robot_0_1.0.csv,False,35.3,14.083167818432806
narrow_hallway,mcts/main,mcts/main (1.0),2_towards_robot,2_towards_robot,1.0,0,narrow_hallway/mcts/main/metrics_steps_2_towards_robot_0_1.0.csv,False,35.4,14.093980755033028
narrow_hallway,mcts/main,mcts/main (1.0),2_towards_robot,2_towards_robot,1.0,0,narrow_hallway/mcts/main/metrics_steps_2_towards_robot_0_1.0.csv,False,35.5,14.103890844057403
narrow_hallway,mcts/main,mcts/main (1.0),2_towards_robot,2_towards_robot,1.0,0,narrow_hallway/mcts/main/metrics_steps_2_towards_robot_0_1.0.csv,False,35.6,14.112986368744313
narrow_hallway,mcts/main,mcts/main (1.0),2_towards_robot,2_towards_robot,1.0,0,narrow_hallway/mcts/main/metrics_steps_2_towards_robot_0_1.0.csv,False,35.7,14.120384177661576
narrow_hallway,mcts/main,mcts/main (1.0),2_towards_robot,2_towards_robot,1.0,0,narrow_hallway/mcts/main/metrics_steps_2_towards_robot_0_1.0.csv,False,35.8,14.12046668998293
narrow_hallway,mcts/main,mcts/main (1.0),2_towards_robot,2_towards_robot,1.0,0,narrow_hallway/mcts/main/metrics_steps_2_towards_robot_0_1.0.csv,False,35.9,14.123126265302789
narrow_hallway,mcts/main,mcts/main (1.0),2_towards_robot,2_towards_robot,1.0,0,narrow_hallway/mcts/main/metrics_steps_2_towards_robot_0_1.0.csv,False,36.0,14.135724985920628
narrow_hallway,mcts/main,mcts/main (1.0),2_towards_robot,2_towards_robot,1.0,0,narrow_hallway/mcts/main/metrics_steps_2_towards_robot_0_1.0.csv,False,36.1,14.158268095821146
narrow_hallway,mcts/main,mcts/main (1.0),2_towards_robot,2_towards_robot,1.0,0,narrow_hallway/mcts/main/metrics_steps_2_towards_robot_0_1.0.csv,False,36.2,14.190737236586536
narrow_hallway,mcts/main,mcts/main (1.0),2_towards_robot,2_towards_robot,1.0,0,narrow_hallway/mcts/main/metrics_steps_2_towards_robot_0_1.0.csv,False,36.3,14.233146760832184
narrow_hallway,mcts/main,mcts/main (1.0),2_towards_robot,2_towards_robot,1.0,0,narrow_hallway/mcts/main/metrics_steps_2_towards_robot_0_1.0.csv,False,36.4,14.284878310031248
narrow_hallway,mcts/main,mcts/main (1.0),2_towards_robot,2_towards_robot,1.0,0,narrow_hallway/mcts/main/metrics_steps_2_towards_robot_0_1.0.csv,False,36.5,14.339512401322132
narrow_hallway,mcts/main,mcts/main (1.0),2_towards_robot,2_towards_robot,1.0,0,narrow_hallway/mcts/main/metrics_steps_2_towards_robot_0_1.0.csv,False,36.6,14.393987338732996
narrow_hallway,mcts/main,mcts/main (1.0),2_towards_robot,2_towards_robot,1.0,0,narrow_hallway/mcts/main/metrics_steps_2_towards_robot_0_1.0.csv,False,36.7,14.447268385444076
narrow_hallway,mcts/main,mcts/main (1.0),2_towards_robot,2_towards_robot,1.0,0,narrow_hallway/mcts/main/metrics_steps_2_towards_robot_0_1.0.csv,False,36.8,14.49188629302246
narrow_hallway,mcts/main,mcts/main (1.0),2_towards_robot,2_towards_robot,1.0,0,narrow_hallway/mcts/main/metrics_steps_2_towards_robot_0_1.0.csv,False,36.9,14.526529108517844
narrow_hallway,mcts/main,mcts/main (1.0),2_towards_robot,2_towards_robot,1.0,0,narrow_hallway/mcts/main/metrics_steps_2_towards_robot_0_1.0.csv,False,37.0,14.551259140071844
narrow_hallway,mcts/main,mcts/main (1.0),2_towards_robot,2_towards_robot,1.0,0,narrow_hallway/mcts/main/metrics_steps_2_towards_robot_0_1.0.csv,False,37.1,14.576171326949092
narrow_hallway,mcts/main,mcts/main (1.0),2_towards_robot,2_towards_robot,1.0,0,narrow_hallway/mcts/main/metrics_steps_2_towards_robot_0_1.0.csv,False,37.2,14.605530827439573
narrow_hallway,mcts/main,mcts/main (1.0),2_towards_robot,2_towards_robot,1.0,0,narrow_hallway/mcts/main/metrics_steps_2_towards_robot_0_1.0.csv,False,37.3,14.63198129236739
narrow_hallway,mcts/main,mcts/main (1.0),2_towards_robot,2_towards_robot,1.0,0,narrow_hallway/mcts/main/metrics_steps_2_towards_robot_0_1.0.csv,False,37.4,14.649165110633492
narrow_hallway,mcts/main,mcts/main (1.0),2_towards_robot,2_towards_robot,1.0,0,narrow_hallway/mcts/main/metrics_steps_2_towards_robot_0_1.0.csv,False,37.5,14.656945857101617
narrow_hallway,mcts/main,mcts/main (1.0),2_towards_robot,2_towards_robot,1.0,0,narrow_hallway/mcts/main/metrics_steps_2_towards_robot_0_1.0.csv,False,37.6,14.657209191872656
narrow_hallway,mcts/main,mcts/main (1.0),2_towards_robot,2_towards_robot,1.0,0,narrow_hallway/mcts/main/metrics_steps_2_towards_robot_0_1.0.csv,False,37.7,14.655546287328884
narrow_hallway,mcts/main,mcts/main (1.0),2_towards_robot,2_towards_robot,1.0,0,narrow_hallway/mcts/main/metrics_steps_2_towards_robot_0_1.0.csv,False,37.8,14.653903734522792
narrow_hallway,mcts/main,mcts/main (1.0),2_towards_robot,2_towards_robot,1.0,0,narrow_hallway/mcts/main/metrics_steps_2_towards_robot_0_1.0.csv,False,37.9,14.652474223575895
narrow_hallway,mcts/main,mcts/main (1.0),2_towards_robot,2_towards_robot,1.0,0,narrow_hallway/mcts/main/metrics_steps_2_towards_robot_0_1.0.csv,False,38.0,14.651195755355925
narrow_hallway,mcts/main,mcts/main (1.0),2_towards_robot,2_towards_robot,1.0,0,narrow_hallway/mcts/main/metrics_steps_2_towards_robot_0_1.0.csv,False,38.1,14.649869534817425
narrow_hallway,mcts/main,mcts/main (1.0),2_towards_robot,2_towards_robot,1.0,0,narrow_hallway/mcts/main/metrics_steps_2_towards_robot_0_1.0.csv,False,38.2,14.648457498818557
narrow_hallway,mcts/main,mcts/main (1.0),2_towards_robot,2_towards_robot,1.0,0,narrow_hallway/mcts/main/metrics_steps_2_towards_robot_0_1.0.csv,False,38.3,14.647035332847317
narrow_hallway,mcts/main,mcts/main (1.0),2_towards_robot,2_towards_robot,1.0,0,narrow_hallway/mcts/main/metrics_steps_2_towards_robot_0_1.0.csv,False,38.4,14.645432099225893
narrow_hallway,mcts/main,mcts/main (1.0),2_towards_robot,2_towards_robot,1.0,0,narrow_hallway/mcts/main/metrics_steps_2_towards_robot_0_1.0.csv,False,38.5,14.644421571826792
narrow_hallway,mcts/main,mcts/main (1.0),2_towards_robot,2_towards_robot,1.0,0,narrow_hallway/mcts/main/metrics_steps_2_towards_robot_0_1.0.csv,False,38.6,14.6450813071823
narrow_hallway,mcts/main,mcts/main (1.0),2_towards_robot,2_towards_robot,1.0,0,narrow_hallway/mcts/main/metrics_steps_2_towards_robot_0_1.0.csv,False,38.7,14.645396326588466
narrow_hallway,mcts/main,mcts/main (1.0),2_towards_robot,2_towards_robot,1.0,0,narrow_hallway/mcts/main/metrics_steps_2_towards_robot_0_1.0.csv,False,38.8,14.644190059366608
narrow_hallway,mcts/main,mcts/main (1.0),2_towards_robot,2_towards_robot,1.0,0,narrow_hallway/mcts/main/metrics_steps_2_towards_robot_0_1.0.csv,False,38.9,14.643018023734989
narrow_hallway,mcts/main,mcts/main (1.0),2_towards_robot,2_towards_robot,1.0,0,narrow_hallway/mcts/main/metrics_steps_2_towards_robot_0_1.0.csv,False,39.0,14.641723419487658
narrow_hallway,mcts/main,mcts/main (1.0),2_towards_robot,2_towards_robot,1.0,0,narrow_hallway/mcts/main/metrics_steps_2_towards_robot_0_1.0.csv,False,39.1,14.640558256431564
narrow_hallway,mcts/main,mcts/main (1.0),2_towards_robot,2_towards_robot,1.0,0,narrow_hallway/mcts/main/metrics_steps_2_towards_robot_0_1.0.csv,False,39.2,14.639733477735192
narrow_hallway,mcts/main,mcts/main (1.0),2_towards_robot,2_towards_robot,1.0,0,narrow_hallway/mcts/main/metrics_steps_2_towards_robot_0_1.0.csv,False,39.3,14.639198208932232
narrow_hallway,mcts/main,mcts/main (1.0),2_towards_robot,2_towards_robot,1.0,0,narrow_hallway/mcts/main/metrics_steps_2_towards_robot_0_1.0.csv,False,39.4,14.638940718615164
narrow_hallway,mcts/main,mcts/main (1.0),2_towards_robot,2_towards_robot,1.0,0,narrow_hallway/mcts/main/metrics_steps_2_towards_robot_0_1.0.csv,False,39.5,14.63881111518176
narrow_hallway,mcts/main,mcts/main (1.0),2_towards_robot,2_towards_robot,1.0,0,narrow_hallway/mcts/main/metrics_steps_2_towards_robot_0_1.0.csv,False,39.6,14.638738769219328
narrow_hallway,mcts/main,mcts/main (1.0),2_towards_robot,2_towards_robot,1.0,0,narrow_hallway/mcts/main/metrics_steps_2_towards_robot_0_1.0.csv,False,39.7,14.63844467835196
narrow_hallway,mcts/main,mcts/main (1.0),2_towards_robot,2_towards_robot,1.0,0,narrow_hallway/mcts/main/metrics_steps_2_towards_robot_0_1.0.csv,False,39.8,14.637421364838229
narrow_hallway,mcts/main,mcts/main (1.0),2_towards_robot,2_towards_robot,1.0,0,narrow_hallway/mcts/main/metrics_steps_2_towards_robot_0_1.0.csv,False,39.9,14.641758779056962
narrow_hallway,mcts/main,mcts/main (1.0),2_towards_robot,2_towards_robot,1.0,0,narrow_hallway/mcts/main/metrics_steps_2_towards_robot_0_1.0.csv,False,40.0,14.651902714735128
narrow_hallway,mcts/main,mcts/main (1.0),2_towards_robot,2_towards_robot,1.0,0,narrow_hallway/mcts/main/metrics_steps_2_towards_robot_0_1.0.csv,False,40.1,14.666535204306433
narrow_hallway,mcts/main,mcts/main (1.0),2_towards_robot,2_towards_robot,1.0,0,narrow_hallway/mcts/main/metrics_steps_2_towards_robot_0_1.0.csv,False,40.2,14.682092279183763
narrow_hallway,mcts/tuning,mcts/tuning,1_ahead_robot,1_ahead_robot,,0,narrow_hallway/mcts/tuning/metrics_steps_1_ahead_robot_0.csv,False,0.0,2.2511797773613917
narrow_hallway,mcts/tuning,mcts/tuning,1_ahead_robot,1_ahead_robot,,0,narrow_hallway/mcts/tuning/metrics_steps_1_ahead_robot_0.csv,False,0.1,2.2770476437573004
narrow_hallway,mcts/tuning,mcts/tuning,1_ahead_robot,1_ahead_robot,,0,narrow_hallway/mcts/tuning/metrics_steps_1_ahead_robot_0.csv,False,0.2,2.3268467458876128
narrow_hallway,mcts/tuning,mcts/tuning,1_ahead_robot,1_ahead_robot,,0,narrow_hallway/mcts/tuning/metrics_steps_1_ahead_robot_0.csv,False,0.3,2.384674790616504
narrow_hallway,mcts/tuning,mcts/tuning,1_ahead_robot,1_ahead_robot,,0,narrow_hallway/mcts/tuning/metrics_steps_1_ahead_robot_0.csv,False,0.4,2.4434918116690865
narrow_hallway,mcts/tuning,mcts/tuning,1_ahead_robot,1_ahead_robot,,0,narrow_hallway/mcts/tuning/metrics_steps_1_ahead_robot_0.csv,False,0.5,2.499615279960732
narrow_hallway,mcts/tuning,mcts/tuning,1_ahead_robot,1_ahead_robot,,0,narrow_hallway/mcts/tuning/metrics_steps_1_ahead_robot_0.csv,False,0.6,2.5505974927781594
narrow_hallway,mcts/tuning,mcts/tuning,1_ahead_robot,1_ahead_robot,,0,narrow_hallway/mcts/tuning/metrics_steps_1_ahead_robot_0.csv,False,0.7,2.5994229911292024
narrow_hallway,mcts/tuning,mcts/tuning,1_ahead_robot,1_ahead_robot,,0,narrow_hallway/mcts/tuning/metrics_steps_1_ahead_robot_0.csv,False,0.8,2.6493745491164007
narrow_hallway,mcts/tuning,mcts/tuning,1_ahead_robot,1_ahead_robot,,0,narrow_hallway/mcts/tuning/metrics_steps_1_ahead_robot_0.csv,False,0.9,2.6907641383792456
narrow_hallway,mcts/tuning,mcts/tuning,1_ahead_robot,1_ahead_robot,,0,narrow_hallway/mcts/tuning/metrics_steps_1_ahead_robot_0.csv,False,1.0,2.723101975273988
narrow_hallway,mcts/tuning,mcts/tuning,1_ahead_robot,1_ahead_robot,,0,narrow_hallway/mcts/tuning/metrics_steps_1_ahead_robot_0.csv,False,1.1,2.746061549943271
narrow_hallway,mcts/tuning,mcts/tuning,1_ahead_robot,1_ahead_robot,,0,narrow_hallway/mcts/tuning/metrics_steps_1_ahead_robot_0.csv,False,1.2,2.76223404055345
narrow_hallway,mcts/tuning,mcts/tuning,1_ahead_robot,1_ahead_robot,,0,narrow_hallway/mcts/tuning/metrics_steps_1_ahead_robot_0.csv,False,1.3,2.7727080827278487
narrow_hallway,mcts/tuning,mcts/tuning,1_ahead_robot,1_ahead_robot,,0,narrow_hallway/mcts/tuning/metrics_steps_1_ahead_robot_0.csv,False,1.4,2.7753063330807923
narrow_hallway,mcts/tuning,mcts/tuning,1_ahead_robot,1_ahead_robot,,0,narrow_hallway/mcts/tuning/metrics_steps_1_ahead_robot_0.csv,False,1.5,2.7768838537886533
narrow_hallway,mcts/tuning,mcts/tuning,1_ahead_robot,1_ahead_robot,,0,narrow_hallway/mcts/tuning/metrics_steps_1_ahead_robot_0.csv,False,1.6,2.7783128992356434
narrow_hallway,mcts/tuning,mcts/tuning,1_ahead_robot,1_ahead_robot,,0,narrow_hallway/mcts/tuning/metrics_steps_1_ahead_robot_0.csv,False,1.7,2.780919997192895
narrow_hallway,mcts/tuning,mcts/tuning,1_ahead_robot,1_ahead_robot,,0,narrow_hallway/mcts/tuning/metrics_steps_1_ahead_robot_0.csv,False,1.8,2.7926925871291366
narrow_hallway,mcts/tuning,mcts/tuning,1_ahead_robot,1_ahead_robot,,0,narrow_hallway/mcts/tuning/metrics_steps_1_ahead_robot_0.csv,False,1.9,2.806459586207147
narrow_hallway,mcts/tuning,mcts/tuning,1_ahead_robot,1_ahead_robot,,0,narrow_hallway/mcts/tuning/metrics_steps_1_ahead_robot_0.csv,False,2.0,2.815576533200341
narrow_hallway,mcts/tuning,mcts/tuning,1_ahead_robot,1_ahead_robot,,0,narrow_hallway/mcts/tuning/metrics_steps_1_ahead_robot_0.csv,False,2.1,2.821968176685133
narrow_hallway,mcts/tuning,mcts/tuning,1_ahead_robot,1_ahead_robot,,0,narrow_hallway/mcts/tuning/metrics_steps_1_ahead_robot_0.csv,False,2.2,2.831472071090929
narrow_hallway,mcts/tuning,mcts/tuning,1_ahead_robot,1_ahead_robot,,0,narrow_hallway/mcts/tuning/metrics_steps_1_ahead_robot_0.csv,False,2.3,2.8449102072956536
narrow_hallway,mcts/tuning,mcts/tuning,1_ahead_robot,1_ahead_robot,,0,narrow_hallway/mcts/tuning/metrics_steps_1_ahead_robot_0.csv,False,2.4,2.85385759123975
narrow_hallway,mcts/tuning,mcts/tuning,1_ahead_robot,1_ahead_robot,,0,narrow_hallway/mcts/tuning/metrics_steps_1_ahead_robot_0.csv,False,2.5,2.857275251207927
narrow_hallway,mcts/tuning,mcts/tuning,1_ahead_robot,1_ahead_robot,,0,narrow_hallway/mcts/tuning/metrics_steps_1_ahead_robot_0.csv,False,2.6,2.8604738140893837
narrow_hallway,mcts/tuning,mcts/tuning,1_ahead_robot,1_ahead_robot,,0,narrow_hallway/mcts/tuning/metrics_steps_1_ahead_robot_0.csv,False,2.7,2.8656495731635645
narrow_hallway,mcts/tuning,mcts/tuning,1_ahead_robot,1_ahead_robot,,0,narrow_hallway/mcts/tuning/metrics_steps_1_ahead_robot_0.csv,False,2.8,2.8798267968424147
narrow_hallway,mcts/tuning,mcts/tuning,1_ahead_robot,1_ahead_robot,,0,narrow_hallway/mcts/tuning/metrics_steps_1_ahead_robot_0.csv,False,2.9,2.9006449025298253
narrow_hallway,mcts/tuning,mcts/tuning,1_ahead_robot,1_ahead_robot,,0,narrow_hallway/mcts/tuning/metrics_steps_1_ahead_robot_0.csv,False,3.0,2.9147236552640345
narrow_hallway,mcts/tuning,mcts/tuning,1_ahead_robot,1_ahead_robot,,0,narrow_hallway/mcts/tuning/metrics_steps_1_ahead_robot_0.csv,False,3.1,2.924108564813968
narrow_hallway,mcts/tuning,mcts/tuning,1_ahead_robot,1_ahead_robot,,0,narrow_hallway/mcts/tuning/metrics_steps_1_ahead_robot_0.csv,False,3.2,2.931794771796973
narrow_hallway,mcts/tuning,mcts/tuning,1_ahead_robot,1_ahead_robot,,0,narrow_hallway/mcts/tuning/metrics_steps_1_ahead_robot_0.csv,False,3.3,2.9436629337952795
narrow_hallway,mcts/tuning,mcts/tuning,1_ahead_robot,1_ahead_robot,,0,narrow_hallway/mcts/tuning/metrics_steps_1_ahead_robot_0.csv,False,3.4,2.958143963860117
narrow_hallway,mcts/tuning,mcts/tuning,1_ahead_robot,1_ahead_robot,,0,narrow_hallway/mcts/tuning/metrics_steps_1_ahead_robot_0.csv,False,3.5,2.966477470684552
narrow_hallway,mcts/tuning,mcts/tuning,1_ahead_robot,1_ahead_robot,,0,narrow_hallway/mcts/tuning/metrics_steps_1_ahead_robot_0.csv,False,3.6,2.9708419273330278
narrow_hallway,mcts/tuning,mcts/tuning,1_ahead_robot,1_ahead_robot,,0,narrow_hallway/mcts/tuning/metrics_steps_1_ahead_robot_0.csv,False,3.7,2.976370157167462
narrow_hallway,mcts/tuning,mcts/tuning,1_ahead_robot,1_ahead_robot,,0,narrow_hallway/mcts/tuning/metrics_steps_1_ahead_robot_0.csv,False,3.8,2.987153216184432
narrow_hallway,mcts/tuning,mcts/tuning,1_ahead_robot,1_ahead_robot,,0,narrow_hallway/mcts/tuning/metrics_steps_1_ahead_robot_0.csv,False,3.9,3.001573149846787
narrow_hallway,mcts/tuning,mcts/tuning,1_ahead_robot,1_ahead_robot,,0,narrow_hallway/mcts/tuning/metrics_steps_1_ahead_robot_0.csv,False,4.0,3.0154405617257667
narrow_hallway,mcts/tuning,mcts/tuning,1_ahead_robot,1_ahead_robot,,0,narrow_hallway/mcts/tuning/metrics_steps_1_ahead_robot_0.csv,False,4.1,3.024404979642387
narrow_hallway,mcts/tuning,mcts/tuning,1_ahead_robot,1_ahead_robot,,0,narrow_hallway/mcts/tuning/metrics_steps_1_ahead_robot_0.csv,False,4.2,3.0339155738676324
narrow_hallway,mcts/tuning,mcts/tuning,1_ahead_robot,1_ahead_robot,,0,narrow_hallway/mcts/tuning/metrics_steps_1_ahead_robot_0.csv,False,4.3,3.048491486371068
narrow_hallway,mcts/tuning,mcts/tuning,1_ahead_robot,1_ahead_robot,,0,narrow_hallway/mcts/tuning/metrics_steps_1_ahead_robot_0.csv,False,4.4,3.059519224933563
narrow_hallway,mcts/tuning,mcts/tuning,1_ahead_robot,1_ahead_robot,,0,narrow_hallway/mcts/tuning/metrics_steps_1_ahead_robot_0.csv,False,4.5,3.0671633507660245
narrow_hallway,mcts/tuning,mcts/tuning,1_ahead_robot,1_ahead_robot,,0,narrow_hallway/mcts/tuning/metrics_steps_1_ahead_robot_0.csv,False,4.6,3.073533747067708
narrow_hallway,mcts/tuning,mcts/tuning,1_ahead_robot,1_ahead_robot,,0,narrow_hallway/mcts/tuning/metrics_steps_1_ahead_robot_0.csv,False,4.7,3.0806920719532016
narrow_hallway,mcts/tuning,mcts/tuning,1_ahead_robot,1_ahead_robot,,0,narrow_hallway/mcts/tuning/metrics_steps_1_ahead_robot_0.csv,False,4.8,3.0900293490626263
narrow_hallway,mcts/tuning,mcts/tuning,1_ahead_robot,1_ahead_robot,,0,narrow_hallway/mcts/tuning/metrics_steps_1_ahead_robot_0.csv,False,4.9,3.0980636348346917
narrow_hallway,mcts/tuning,mcts/tuning,1_ahead_robot,1_ahead_robot,,0,narrow_hallway/mcts/tuning/metrics_steps_1_ahead_robot_0.csv,False,5.0,3.107842930143248
narrow_hallway,mcts/tuning,mcts/tuning,1_ahead_robot,1_ahead_robot,,0,narrow_hallway/mcts/tuning/metrics_steps_1_ahead_robot_0.csv,False,5.1,3.1158181465462595
narrow_hallway,mcts/tuning,mcts/tuning,1_ahead_robot,1_ahead_robot,,0,narrow_hallway/mcts/tuning/metrics_steps_1_ahead_robot_0.csv,False,5.2,3.122519136777054
narrow_hallway,mcts/tuning,mcts/tuning,1_ahead_robot,1_ahead_robot,,0,narrow_hallway/mcts/tuning/metrics_steps_1_ahead_robot_0.csv,False,5.3,3.125420023179728
narrow_hallway,mcts/tuning,mcts/tuning,1_ahead_robot,1_ahead_robot,,0,narrow_hallway/mcts/tuning/metrics_steps_1_ahead_robot_0.csv,False,5.4,3.1256719540056874
narrow_hallway,mcts/tuning,mcts/tuning,1_ahead_robot,1_ahead_robot,,0,narrow_hallway/mcts/tuning/metrics_steps_1_ahead_robot_0.csv,False,5.5,3.125890574317433
narrow_hallway,mcts/tuning,mcts/tuning,1_ahead_robot,1_ahead_robot,,0,narrow_hallway/mcts/tuning/metrics_steps_1_ahead_robot_0.csv,False,5.6,3.1267270161638336
narrow_hallway,mcts/tuning,mcts/tuning,1_ahead_robot,1_ahead_robot,,0,narrow_hallway/mcts/tuning/metrics_steps_1_ahead_robot_0.csv,False,5.7,3.1301560436201603
narrow_hallway,mcts/tuning,mcts/tuning,1_ahead_robot,1_ahead_robot,,0,narrow_hallway/mcts/tuning/metrics_steps_1_ahead_robot_0.csv,False,5.8,3.134027586753366
narrow_hallway,mcts/tuning,mcts/tuning,1_ahead_robot,1_ahead_robot,,0,narrow_hallway/mcts/tuning/metrics_steps_1_ahead_robot_0.csv,False,5.9,3.135561061544058
narrow_hallway,mcts/tuning,mcts/tuning,1_ahead_robot,1_ahead_robot,,0,narrow_hallway/mcts/tuning/metrics_steps_1_ahead_robot_0.csv,False,6.0,3.1380036560749485
narrow_hallway,mcts/tuning,mcts/tuning,1_ahead_robot,1_ahead_robot,,0,narrow_hallway/mcts/tuning/metrics_steps_1_ahead_robot_0.csv,False,6.1,3.141967505030432
narrow_hallway,mcts/tuning,mcts/tuning,1_ahead_robot,1_ahead_robot,,0,narrow_hallway/mcts/tuning/metrics_steps_1_ahead_robot_0.csv,False,6.2,3.1485024195476474
narrow_hallway,mcts/tuning,mcts/tuning,1_ahead_robot,1_ahead_robot,,0,narrow_hallway/mcts/tuning/metrics_steps_1_ahead_robot_0.csv,False,6.3,3.160179351968026
narrow_hallway,mcts/tuning,mcts/tuning,1_ahead_robot,1_ahead_robot,,0,narrow_hallway/mcts/tuning/metrics_steps_1_ahead_robot_0.csv,False,6.4,3.167546928356868
narrow_hallway,mcts/tuning,mcts/tuning,1_ahead_robot,1_ahead_robot,,0,narrow_hallway/mcts/tuning/metrics_steps_1_ahead_robot_0.csv,False,6.5,3.1732896312709813
narrow_hallway,mcts/tuning,mcts/tuning,1_ahead_robot,1_ahead_robot,,0,narrow_hallway/mcts/tuning/metrics_steps_1_ahead_robot_0.csv,False,6.6,3.1874144764672083
narrow_hallway,mcts/tuning,mcts/tuning,1_ahead_robot,1_ahead_robot,,0,narrow_hallway/mcts/tuning/metrics_steps_1_ahead_robot_0.csv,False,6.7,3.2109515783058327
narrow_hallway,mcts/tuning,mcts/tuning,1_ahead_robot,1_ahead_robot,,0,narrow_hallway/mcts/tuning/metrics_steps_1_ahead_robot_0.csv,False,6.8,3.23069544201481
narrow_hallway,mcts/tuning,mcts/tuning,1_ahead_robot,1_ahead_robot,,0,narrow_hallway/mcts/tuning/metrics_steps_1_ahead_robot_0.csv,False,6.9,3.241315352285176
narrow_hallway,mcts/tuning,mcts/tuning,1_ahead_robot,1_ahead_robot,,0,narrow_hallway/mcts/tuning/metrics_steps_1_ahead_robot_0.csv,False,7.0,3.2479128687655656
narrow_hallway,mcts/tuning,mcts/tuning,1_ahead_robot,1_ahead_robot,,0,narrow_hallway/mcts/tuning/metrics_steps_1_ahead_robot_0.csv,False,7.1,3.255631408337413
narrow_hallway,mcts/tuning,mcts/tuning,1_ahead_robot,1_ahead_robot,,0,narrow_hallway/mcts/tuning/metrics_steps_1_ahead_robot_0.csv,False,7.2,3.2668539806992163
narrow_hallway,mcts/tuning,mcts/tuning,1_ahead_robot,1_ahead_robot,,0,narrow_hallway/mcts/tuning/metrics_steps_1_ahead_robot_0.csv,False,7.3,3.286095526269561
narrow_hallway,mcts/tuning,mcts/tuning,1_ahead_robot,1_ahead_robot,,0,narrow_hallway/mcts/tuning/metrics_steps_1_ahead_robot_0.csv,False,7.4,3.3064328416212314
narrow_hallway,mcts/tuning,mcts/tuning,1_ahead_robot,1_ahead_robot,,0,narrow_hallway/mcts/tuning/metrics_steps_1_ahead_robot_0.csv,False,7.5,3.317547039055661
narrow_hallway,mcts/tuning,mcts/tuning,1_ahead_robot,1_ahead_robot,,0,narrow_hallway/mcts/tuning/metrics_steps_1_ahead_robot_0.csv,False,7.6,3.320900514091698
narrow_hallway,mcts/tuning,mcts/tuning,1_ahead_robot,1_ahead_robot,,0,narrow_hallway/mcts/tuning/metrics_steps_1_ahead_robot_0.csv,False,7.7,3.325817964009625
narrow_hallway,mcts/tuning,mcts/tuning,1_ahead_robot,1_ahead_robot,,0,narrow_hallway/mcts/tuning/metrics_steps_1_ahead_robot_0.csv,False,7.8,3.332061268419153
narrow_hallway,mcts/tuning,mcts/tuning,1_ahead_robot,1_ahead_robot,,0,narrow_hallway/mcts/tuning/metrics_steps_1_ahead_robot_0.csv,False,7.9,3.3338933364803207
narrow_hallway,mcts/tuning,mcts/tuning,1_ahead_robot,1_ahead_robot,,0,narrow_hallway/mcts/tuning/metrics_steps_1_ahead_robot_0.csv,False,8.0,3.3397006277221326
narrow_hallway,mcts/tuning,mcts/tuning,1_ahead_robot,1_ahead_robot,,0,narrow_hallway/mcts/tuning/metrics_steps_1_ahead_robot_0.csv,False,8.1,3.355519415255775
narrow_hallway,mcts/tuning,mcts/tuning,1_ahead_robot,1_ahead_robot,,0,narrow_hallway/mcts/tuning/metrics_steps_1_ahead_robot_0.csv,False,8.2,3.380646720519759
narrow_hallway,mcts/tuning,mcts/tuning,1_ahead_robot,1_ahead_robot,,0,narrow_hallway/mcts/tuning/metrics_steps_1_ahead_robot_0.csv,False,8.3,3.401949097780172
narrow_hallway,mcts/tuning,mcts/tuning,1_ahead_robot,1_ahead_robot,,0,narrow_hallway/mcts/tuning/metrics_steps_1_ahead_robot_0.csv,False,8.4,3.413257037954166
narrow_hallway,mcts/tuning,mcts/tuning,1_ahead_robot,1_ahead_robot,,0,narrow_hallway/mcts/tuning/metrics_steps_1_ahead_robot_0.csv,False,8.5,3.416091665289559
narrow_hallway,mcts/tuning,mcts/tuning,1_ahead_robot,1_ahead_robot,,0,narrow_hallway/mcts/tuning/metrics_steps_1_ahead_robot_0.csv,False,8.6,3.4178498210083985
narrow_hallway,mcts/tuning,mcts/tuning,1_ahead_robot,1_ahead_robot,,0,narrow_hallway/mcts/tuning/metrics_steps_1_ahead_robot_0.csv,False,8.7,3.420545028467729
narrow_hallway,mcts/tuning,mcts/tuning,1_ahead_robot,1_ahead_robot,,0,narrow_hallway/mcts/tuning/metrics_steps_1_ahead_robot_0.csv,False,8.8,3.431432673523464
narrow_hallway,mcts/tuning,mcts/tuning,1_ahead_robot,1_ahead_robot,,0,narrow_hallway/mcts/tuning/metrics_steps_1_ahead_robot_0.csv,False,8.9,3.444212879650218
narrow_hallway,mcts/tuning,mcts/tuning,1_ahead_robot,1_ahead_robot,,0,narrow_hallway/mcts/tuning/metrics_steps_1_ahead_robot_0.csv,False,9.0,3.4577506438794288
narrow_hallway,mcts/tuning,mcts/tuning,1_ahead_robot,1_ahead_robot,,0,narrow_hallway/mcts/tuning/metrics_steps_1_ahead_robot_0.csv,False,9.1,3.472488787189325
narrow_hallway,mcts/tuning,mcts/tuning,1_ahead_robot,1_ahead_robot,,0,narrow_hallway/mcts/tuning/metrics_steps_1_ahead_robot_0.csv,False,9.2,3.4900453955035
narrow_hallway,mcts/tuning,mcts/tuning,1_ahead_robot,1_ahead_robot,,0,narrow_hallway/mcts/tuning/metrics_steps_1_ahead_robot_0.csv,False,9.3,3.506809227985189
narrow_hallway,mcts/tuning,mcts/tuning,1_ahead_robot,1_ahead_robot,,0,narrow_hallway/mcts/tuning/metrics_steps_1_ahead_robot_0.csv,False,9.4,3.5153965575348867
narrow_hallway,mcts/tuning,mcts/tuning,1_ahead_robot,1_ahead_robot,,0,narrow_hallway/mcts/tuning/metrics_steps_1_ahead_robot_0.csv,False,9.5,3.519762930591264
narrow_hallway,mcts/tuning,mcts/tuning,1_ahead_robot,1_ahead_robot,,0,narrow_hallway/mcts/tuning/metrics_steps_1_ahead_robot_0.csv,False,9.6,3.524864165158609
narrow_hallway,mcts/tuning,mcts/tuning,1_ahead_robot,1_ahead_robot,,0,narrow_hallway/mcts/tuning/metrics_steps_1_ahead_robot_0.csv,False,9.7,3.5317686413328806
narrow_hallway,mcts/tuning,mcts/tuning,1_ahead_robot,1_ahead_robot,,0,narrow_hallway/mcts/tuning/metrics_steps_1_ahead_robot_0.csv,False,9.8,3.535465593436111
narrow_hallway,mcts/tuning,mcts/tuning,1_ahead_robot,1_ahead_robot,,0,narrow_hallway/mcts/tuning/metrics_steps_1_ahead_robot_0.csv,False,9.9,3.537784781136623
narrow_hallway,mcts/tuning,mcts/tuning,1_ahead_robot,1_ahead_robot,,0,narrow_hallway/mcts/tuning/metrics_steps_1_ahead_robot_0.csv,False,10.0,3.5401341210222466
narrow_hallway,mcts/tuning,mcts/tuning,1_ahead_robot,1_ahead_robot,,0,narrow_hallway/mcts/tuning/metrics_steps_1_ahead_robot_0.csv,False,10.1,3.54209271527788
narrow_hallway,mcts/tuning,mcts/tuning,1_ahead_robot,1_ahead_robot,,0,narrow_hallway/mcts/tuning/metrics_steps_1_ahead_robot_0.csv,False,10.2,3.545043104687265
narrow_hallway,mcts/tuning,mcts/tuning,1_ahead_robot,1_ahead_robot,,0,narrow_hallway/mcts/tuning/metrics_steps_1_ahead_robot_0.csv,False,10.3,3.5501110113261367
narrow_hallway,mcts/tuning,mcts/tuning,1_ahead_robot,1_ahead_robot,,0,narrow_hallway/mcts/tuning/metrics_steps_1_ahead_robot_0.csv,False,10.4,3.552349887879825
narrow_hallway,mcts/tuning,mcts/tuning,1_ahead_robot,1_ahead_robot,,0,narrow_hallway/mcts/tuning/metrics_steps_1_ahead_robot_0.csv,False,10.5,3.553520211346255
narrow_hallway,mcts/tuning,mcts/tuning,1_ahead_robot,1_ahead_robot,,0,narrow_hallway/mcts/tuning/metrics_steps_1_ahead_robot_0.csv,False,10.6,3.5540698376996493
narrow_hallway,mcts/tuning,mcts/tuning,1_ahead_robot,1_ahead_robot,,0,narrow_hallway/mcts/tuning/metrics_steps_1_ahead_robot_0.csv,False,10.7,3.557157620844266
narrow_hallway,mcts/tuning,mcts/tuning,1_ahead_robot,1_ahead_robot,,0,narrow_hallway/mcts/tuning/metrics_steps_1_ahead_robot_0.csv,False,10.8,3.56817962411556
narrow_hallway,mcts/tuning,mcts/tuning,1_ahead_robot,1_ahead_robot,,0,narrow_hallway/mcts/tuning/metrics_steps_1_ahead_robot_0.csv,False,10.9,3.580897327091882
narrow_hallway,mcts/tuning,mcts/tuning,1_ahead_robot,1_ahead_robot,,0,narrow_hallway/mcts/tuning/metrics_steps_1_ahead_robot_0.csv,False,11.0,3.5862188347097472
narrow_hallway,mcts/tuning,mcts/tuning,1_ahead_robot,1_ahead_robot,,0,narrow_hallway/mcts/tuning/metrics_steps_1_ahead_robot_0.csv,False,11.1,3.5896599987507107
narrow_hallway,mcts/tuning,mcts/tuning,1_ahead_robot,1_ahead_robot,,0,narrow_hallway/mcts/tuning/metrics_steps_1_ahead_robot_0.csv,False,11.2,3.5951637976519946
narrow_hallway,mcts/tuning,mcts/tuning,1_ahead_robot,1_ahead_robot,,0,narrow_hallway/mcts/tuning/metrics_steps_1_ahead_robot_0.csv,False,11.3,3.602702036507508
narrow_hallway,mcts/tuning,mcts/tuning,1_ahead_robot,1_ahead_robot,,0,narrow_hallway/mcts/tuning/metrics_steps_1_ahead_robot_0.csv,False,11.4,3.606793859666776
narrow_hallway,mcts/tuning,mcts/tuning,1_ahead_robot,1_ahead_robot,,0,narrow_hallway/mcts/tuning/metrics_steps_1_ahead_robot_0.csv,False,11.5,3.609519490484818
narrow_hallway,mcts/tuning,mcts/tuning,1_ahead_robot,1_ahead_robot,,0,narrow_hallway/mcts/tuning/metrics_steps_1_ahead_robot_0.csv,False,11.6,3.613086418356724
narrow_hallway,mcts/tuning,mcts/tuning,1_ahead_robot,1_ahead_robot,,0,narrow_hallway/mcts/tuning/metrics_steps_1_ahead_robot_0.csv,False,11.7,3.6178225250675977
narrow_hallway,mcts/tuning,mcts/tuning,1_ahead_robot,1_ahead_robot,,0,narrow_hallway/mcts/tuning/metrics_steps_1_ahead_robot_0.csv,False,11.8,3.624740845979748
narrow_hallway,mcts/tuning,mcts/tuning,1_ahead_robot,1_ahead_robot,,0,narrow_hallway/mcts/tuning/metrics_steps_1_ahead_robot_0.csv,False,11.9,3.630153896196008
narrow_hallway,mcts/tuning,mcts/tuning,1_ahead_robot,1_ahead_robot,,0,narrow_hallway/mcts/tuning/metrics_steps_1_ahead_robot_0.csv,False,12.0,3.634041634293173
narrow_hallway,mcts/tuning,mcts/tuning,1_ahead_robot,1_ahead_robot,,0,narrow_hallway/mcts/tuning/metrics_steps_1_ahead_robot_0.csv,False,12.1,3.635950934493796
narrow_hallway,mcts/tuning,mcts/tuning,1_ahead_robot,1_ahead_robot,,0,narrow_hallway/mcts/tuning/metrics_steps_1_ahead_robot_0.csv,False,12.2,3.6387653344367887
narrow_hallway,mcts/tuning,mcts/tuning,1_ahead_robot,1_ahead_robot,,0,narrow_hallway/mcts/tuning/metrics_steps_1_ahead_robot_0.csv,False,12.3,3.6503240665814394
narrow_hallway,mcts/tuning,mcts/tuning,1_ahead_robot,1_ahead_robot,,0,narrow_hallway/mcts/tuning/metrics_steps_1_ahead_robot_0.csv,False,12.4,3.660746686294657
narrow_hallway,mcts/tuning,mcts/tuning,1_ahead_robot,1_ahead_robot,,0,narrow_hallway/mcts/tuning/metrics_steps_1_ahead_robot_0.csv,False,12.5,3.6675758101433527
narrow_hallway,mcts/tuning,mcts/tuning,1_ahead_robot,1_ahead_robot,,0,narrow_hallway/mcts/tuning/metrics_steps_1_ahead_robot_0.csv,False,12.6,3.67626171963129
narrow_hallway,mcts/tuning,mcts/tuning,1_ahead_robot,1_ahead_robot,,0,narrow_hallway/mcts/tuning/metrics_steps_1_ahead_robot_0.csv,False,12.7,3.6855178899756256
narrow_hallway,mcts/tuning,mcts/tuning,1_ahead_robot,1_ahead_robot,,0,narrow_hallway/mcts/tuning/metrics_steps_1_ahead_robot_0.csv,False,12.8,3.698789015808602
narrow_hallway,mcts/tuning,mcts/tuning,1_ahead_robot,1_ahead_robot,,0,narrow_hallway/mcts/tuning/metrics_steps_1_ahead_robot_0.csv,False,12.9,3.708576272139579
narrow_hallway,mcts/tuning,mcts/tuning,1_ahead_robot,1_ahead_robot,,0,narrow_hallway/mcts/tuning/metrics_steps_1_ahead_robot_0.csv,False,13.0,3.716932974332965
narrow_hallway,mcts/tuning,mcts/tuning,1_ahead_robot,1_ahead_robot,,0,narrow_hallway/mcts/tuning/metrics_steps_1_ahead_robot_0.csv,False,13.1,3.724222987055165
narrow_hallway,mcts/tuning,mcts/tuning,1_ahead_robot,1_ahead_robot,,0,narrow_hallway/mcts/tuning/metrics_steps_1_ahead_robot_0.csv,False,13.2,3.728041718428464
narrow_hallway,mcts/tuning,mcts/tuning,1_ahead_robot,1_ahead_robot,,0,narrow_hallway/mcts/tuning/metrics_steps_1_ahead_robot_0.csv,False,13.3,3.7317023448587454
narrow_hallway,mcts/tuning,mcts/tuning,1_ahead_robot,1_ahead_robot,,0,narrow_hallway/mcts/tuning/metrics_steps_1_ahead_robot_0.csv,False,13.4,3.736040081271296
narrow_hallway,mcts/tuning,mcts/tuning,1_ahead_robot,1_ahead_robot,,0,narrow_hallway/mcts/tuning/metrics_steps_1_ahead_robot_0.csv,False,13.5,3.739865007418413
narrow_hallway,mcts/tuning,mcts/tuning,1_ahead_robot,1_ahead_robot,,0,narrow_hallway/mcts/tuning/metrics_steps_1_ahead_robot_0.csv,False,13.6,3.723204064502446
narrow_hallway,mcts/tuning,mcts/tuning,1_ahead_robot,1_ahead_robot,,0,narrow_hallway/mcts/tuning/metrics_steps_1_ahead_robot_0.csv,False,13.7,3.631614447752343
narrow_hallway,mcts/tuning,mcts/tuning,1_ahead_robot,1_ahead_robot,,0,narrow_hallway/mcts/tuning/metrics_steps_1_ahead_robot_0.csv,False,13.8,3.5388003273657027
narrow_hallway,mcts/tuning,mcts/tuning,1_ahead_robot,1_ahead_robot,,0,narrow_hallway/mcts/tuning/metrics_steps_1_ahead_robot_0.csv,False,13.9,3.4423299338676108
narrow_hallway,mcts/tuning,mcts/tuning,1_ahead_robot,1_ahead_robot,,0,narrow_hallway/mcts/tuning/metrics_steps_1_ahead_robot_0.csv,False,14.0,3.346103005564686
narrow_hallway,mcts/tuning,mcts/tuning,1_ahead_robot,1_ahead_robot,,0,narrow_hallway/mcts/tuning/metrics_steps_1_ahead_robot_0.csv,False,14.1,3.249868083778282
narrow_hallway,mcts/tuning,mcts/tuning,1_ahead_robot,1_ahead_robot,,0,narrow_hallway/mcts/tuning/metrics_steps_1_ahead_robot_0.csv,False,14.2,3.156699470945893
narrow_hallway,mcts/tuning,mcts/tuning,1_ahead_robot,1_ahead_robot,,0,narrow_hallway/mcts/tuning/metrics_steps_1_ahead_robot_0.csv,False,14.3,3.0666932214640443
narrow_hallway,mcts/tuning,mcts/tuning,1_ahead_robot,1_ahead_robot,,0,narrow_hallway/mcts/tuning/metrics_steps_1_ahead_robot_0.csv,False,14.4,2.9738805302839544
narrow_hallway,mcts/tuning,mcts/tuning,1_ahead_robot,1_ahead_robot,,0,narrow_hallway/mcts/tuning/metrics_steps_1_ahead_robot_0.csv,False,14.5,2.881387861025064
narrow_hallway,mcts/tuning,mcts/tuning,1_ahead_robot,1_ahead_robot,,0,narrow_hallway/mcts/tuning/metrics_steps_1_ahead_robot_0.csv,False,14.6,2.788159588920868
narrow_hallway,mcts/tuning,mcts/tuning,1_ahead_robot,1_ahead_robot,,0,narrow_hallway/mcts/tuning/metrics_steps_1_ahead_robot_0.csv,False,14.7,2.697345211929228
narrow_hallway,mcts/tuning,mcts/tuning,1_ahead_robot,1_ahead_robot,,0,narrow_hallway/mcts/tuning/metrics_steps_1_ahead_robot_0.csv,False,14.8,2.6158187914229205
narrow_hallway,mcts/tuning,mcts/tuning,1_ahead_robot,1_ahead_robot,,0,narrow_hallway/mcts/tuning/metrics_steps_1_ahead_robot_0.csv,False,14.9,2.5414325064775256
narrow_hallway,mcts/tuning,mcts/tuning,1_ahead_robot,1_ahead_robot,,0,narrow_hallway/mcts/tuning/metrics_steps_1_ahead_robot_0.csv,False,15.0,2.458967908730076
narrow_hallway,mcts/tuning,mcts/tuning,1_ahead_robot,1_ahead_robot,,0,narrow_hallway/mcts/tuning/metrics_steps_1_ahead_robot_0.csv,False,15.1,2.3701560365632943
narrow_hallway,mcts/tuning,mcts/tuning,1_ahead_robot,1_ahead_robot,,0,narrow_hallway/mcts/tuning/metrics_steps_1_ahead_robot_0.csv,False,15.2,2.27934428495961
narrow_hallway,mcts/tuning,mcts/tuning,1_ahead_robot,1_ahead_robot,,0,narrow_hallway/mcts/tuning/metrics_steps_1_ahead_robot_0.csv,False,15.3,2.1895408183145464
narrow_hallway,mcts/tuning,mcts/tuning,1_ahead_robot,1_ahead_robot,,0,narrow_hallway/mcts/tuning/metrics_steps_1_ahead_robot_0.csv,False,15.4,2.099791674316616
narrow_hallway,mcts/tuning,mcts/tuning,1_ahead_robot,1_ahead_robot,,0,narrow_hallway/mcts/tuning/metrics_steps_1_ahead_robot_0.csv,False,15.5,2.019808641438131
narrow_hallway,mcts/tuning,mcts/tuning,1_ahead_robot,1_ahead_robot,,0,narrow_hallway/mcts/tuning/metrics_steps_1_ahead_robot_0.csv,False,15.6,1.9482589313905936
narrow_hallway,mcts/tuning,mcts/tuning,1_ahead_robot,1_ahead_robot,,0,narrow_hallway/mcts/tuning/metrics_steps_1_ahead_robot_0.csv,False,15.7,1.8810481792456333
narrow_hallway,mcts/tuning,mcts/tuning,1_ahead_robot,1_ahead_robot,,0,narrow_hallway/mcts/tuning/metrics_steps_1_ahead_robot_0.csv,False,15.8,1.822124756318074
narrow_hallway,mcts/tuning,mcts/tuning,1_ahead_robot,1_ahead_robot,,0,narrow_hallway/mcts/tuning/metrics_steps_1_ahead_robot_0.csv,False,15.9,1.7618973859889515
narrow_hallway,mcts/tuning,mcts/tuning,1_ahead_robot,1_ahead_robot,,0,narrow_hallway/mcts/tuning/metrics_steps_1_ahead_robot_0.csv,False,16.0,1.694887779977602
narrow_hallway,mcts/tuning,mcts/tuning,1_ahead_robot,1_ahead_robot,,0,narrow_hallway/mcts/tuning/metrics_steps_1_ahead_robot_0.csv,False,16.1,1.6219904853410925
narrow_hallway,mcts/tuning,mcts/tuning,1_ahead_robot,1_ahead_robot,,0,narrow_hallway/mcts/tuning/metrics_steps_1_ahead_robot_0.csv,False,16.2,1.55018796871152
narrow_hallway,mcts/tuning,mcts/tuning,1_ahead_robot,1_ahead_robot,,0,narrow_hallway/mcts/tuning/metrics_steps_1_ahead_robot_0.csv,False,16.3,1.4792438212017478
narrow_hallway,mcts/tuning,mcts/tuning,1_ahead_robot,1_ahead_robot,,0,narrow_hallway/mcts/tuning/metrics_steps_1_ahead_robot_0.csv,False,16.4,1.4029969021600746
narrow_hallway,mcts/tuning,mcts/tuning,1_ahead_robot,1_ahead_robot,,0,narrow_hallway/mcts/tuning/metrics_steps_1_ahead_robot_0.csv,False,16.5,1.3270993690968136
narrow_hallway,mcts/tuning,mcts/tuning,1_ahead_robot,1_ahead_robot,,0,narrow_hallway/mcts/tuning/metrics_steps_1_ahead_robot_0.csv,False,16.6,1.2576348464837923
narrow_hallway,mcts/tuning,mcts/tuning,1_ahead_robot,1_ahead_robot,,0,narrow_hallway/mcts/tuning/metrics_steps_1_ahead_robot_0.csv,False,16.7,1.1890027361687634
narrow_hallway,mcts/tuning,mcts/tuning,1_ahead_robot,1_ahead_robot,,0,narrow_hallway/mcts/tuning/metrics_steps_1_ahead_robot_0.csv,False,16.8,1.1187023692703657
narrow_hallway,mcts/tuning,mcts/tuning,1_ahead_robot,1_ahead_robot,,0,narrow_hallway/mcts/tuning/metrics_steps_1_ahead_robot_0.csv,False,16.9,1.0503463718465884
narrow_hallway,mcts/tuning,mcts/tuning,1_ahead_robot,1_ahead_robot,,0,narrow_hallway/mcts/tuning/metrics_steps_1_ahead_robot_0.csv,False,17.0,0.9779319443758994
narrow_hallway,mcts/tuning,mcts/tuning,1_ahead_robot,1_ahead_robot,,0,narrow_hallway/mcts/tuning/metrics_steps_1_ahead_robot_0.csv,False,17.1,0.9058881180706356
narrow_hallway,mcts/tuning,mcts/tuning,1_ahead_robot,1_ahead_robot,,0,narrow_hallway/mcts/tuning/metrics_steps_1_ahead_robot_0.csv,False,17.2,0.8398654238773322
narrow_hallway,mcts/tuning,mcts/tuning,1_ahead_robot,1_ahead_robot,,0,narrow_hallway/mcts/tuning/metrics_steps_1_ahead_robot_0.csv,False,17.3,0.785669718243575
narrow_hallway,mcts/tuning,mcts/tuning,1_ahead_robot,1_ahead_robot,,0,narrow_hallway/mcts/tuning/metrics_steps_1_ahead_robot_0.csv,False,17.4,0.7325683390083093
narrow_hallway,mcts/tuning,mcts/tuning,1_ahead_robot,1_ahead_robot,,0,narrow_hallway/mcts/tuning/metrics_steps_1_ahead_robot_0.csv,False,17.5,0.6766582873698801
narrow_hallway,mcts/tuning,mcts/tuning,1_ahead_robot,1_ahead_robot,,0,narrow_hallway/mcts/tuning/metrics_steps_1_ahead_robot_0.csv,False,17.6,0.6225412186503023
narrow_hallway,mcts/tuning,mcts/tuning,1_ahead_robot,1_ahead_robot,,0,narrow_hallway/mcts/tuning/metrics_steps_1_ahead_robot_0.csv,False,17.7,0.5746688938468161
narrow_hallway,mcts/tuning,mcts/tuning,1_ahead_robot,1_ahead_robot,,0,narrow_hallway/mcts/tuning/metrics_steps_1_ahead_robot_0.csv,False,17.8,0.5412114407398709
narrow_hallway,mcts/tuning,mcts/tuning,1_ahead_robot,1_ahead_robot,,0,narrow_hallway/mcts/tuning/metrics_steps_1_ahead_robot_0.csv,False,17.9,0.5141173441160982
narrow_hallway,mcts/tuning,mcts/tuning,1_ahead_robot,1_ahead_robot,,0,narrow_hallway/mcts/tuning/metrics_steps_1_ahead_robot_0.csv,False,18.0,0.486908238457479
narrow_hallway,mcts/tuning,mcts/tuning,1_ahead_robot,1_ahead_robot,,0,narrow_hallway/mcts/tuning/metrics_steps_1_ahead_robot_0.csv,False,18.1,0.4622337081888121
narrow_hallway,mcts/tuning,mcts/tuning,1_ahead_robot,1_ahead_robot,,0,narrow_hallway/mcts/tuning/metrics_steps_1_ahead_robot_0.csv,False,18.2,0.4460115031033205
narrow_hallway,mcts/tuning,mcts/tuning,1_ahead_robot,1_ahead_robot,,0,narrow_hallway/mcts/tuning/metrics_steps_1_ahead_robot_0.csv,False,18.3,0.4348870696283518
narrow_hallway,mcts/tuning,mcts/tuning,1_ahead_robot,1_ahead_robot,,0,narrow_hallway/mcts/tuning/metrics_steps_1_ahead_robot_0.csv,False,18.4,0.4362658264115417
narrow_hallway,mcts/tuning,mcts/tuning,1_behind_robot,1_behind_robot,,0,narrow_hallway/mcts/tuning/metrics_steps_1_behind_robot_0.csv,False,0.0,2.322126340920948
narrow_hallway,mcts/tuning,mcts/tuning,1_behind_robot,1_behind_robot,,0,narrow_hallway/mcts/tuning/metrics_steps_1_behind_robot_0.csv,False,0.1,2.2958017776237485
narrow_hallway,mcts/tuning,mcts/tuning,1_behind_robot,1_behind_robot,,0,narrow_hallway/mcts/tuning/metrics_steps_1_behind_robot_0.csv,False,0.2,2.2341984628715146
narrow_hallway,mcts/tuning,mcts/tuning,1_behind_robot,1_behind_robot,,0,narrow_hallway/mcts/tuning/metrics_steps_1_behind_robot_0.csv,False,0.3,2.1573186879576225
narrow_hallway,mcts/tuning,mcts/tuning,1_behind_robot,1_behind_robot,,0,narrow_hallway/mcts/tuning/metrics_steps_1_behind_robot_0.csv,False,0.4,2.075575351849666
narrow_hallway,mcts/tuning,mcts/tuning,1_behind_robot,1_behind_robot,,0,narrow_hallway/mcts/tuning/metrics_steps_1_behind_robot_0.csv,False,0.5,1.9942212752081048
narrow_hallway,mcts/tuning,mcts/tuning,1_behind_robot,1_behind_robot,,0,narrow_hallway/mcts/tuning/metrics_steps_1_behind_robot_0.csv,False,0.6,1.9164966594878583
narrow_hallway,mcts/tuning,mcts/tuning,1_behind_robot,1_behind_robot,,0,narrow_hallway/mcts/tuning/metrics_steps_1_behind_robot_0.csv,False,0.7,1.8402411832884007
narrow_hallway,mcts/tuning,mcts/tuning,1_behind_robot,1_behind_robot,,0,narrow_hallway/mcts/tuning/metrics_steps_1_behind_robot_0.csv,False,0.8,1.7685553461162424
narrow_hallway,mcts/tuning,mcts/tuning,1_behind_robot,1_behind_robot,,0,narrow_hallway/mcts/tuning/metrics_steps_1_behind_robot_0.csv,False,0.9,1.7025609507178348
narrow_hallway,mcts/tuning,mcts/tuning,1_behind_robot,1_behind_robot,,0,narrow_hallway/mcts/tuning/metrics_steps_1_behind_robot_0.csv,False,1.0,1.6371170509002826
narrow_hallway,mcts/tuning,mcts/tuning,1_behind_robot,1_behind_robot,,0,narrow_hallway/mcts/tuning/metrics_steps_1_behind_robot_0.csv,False,1.1,1.5739376938526903
narrow_hallway,mcts/tuning,mcts/tuning,1_behind_robot,1_behind_robot,,0,narrow_hallway/mcts/tuning/metrics_steps_1_behind_robot_0.csv,False,1.2,1.50890271827887
narrow_hallway,mcts/tuning,mcts/tuning,1_behind_robot,1_behind_robot,,0,narrow_hallway/mcts/tuning/metrics_steps_1_behind_robot_0.csv,False,1.3,1.4537319030387423
narrow_hallway,mcts/tuning,mcts/tuning,1_behind_robot,1_behind_robot,,0,narrow_hallway/mcts/tuning/metrics_steps_1_behind_robot_0.csv,False,1.4,1.4082566523631883
narrow_hallway,mcts/tuning,mcts/tuning,1_behind_robot,1_behind_robot,,0,narrow_hallway/mcts/tuning/metrics_steps_1_behind_robot_0.csv,False,1.5,1.370909388687923
narrow_hallway,mcts/tuning,mcts/tuning,1_behind_robot,1_behind_robot,,0,narrow_hallway/mcts/tuning/metrics_steps_1_behind_robot_0.csv,False,1.6,1.336134229320055
narrow_hallway,mcts/tuning,mcts/tuning,1_behind_robot,1_behind_robot,,0,narrow_hallway/mcts/tuning/metrics_steps_1_behind_robot_0.csv,False,1.7,1.297129789320476
narrow_hallway,mcts/tuning,mcts/tuning,1_behind_robot,1_behind_robot,,0,narrow_hallway/mcts/tuning/metrics_steps_1_behind_robot_0.csv,False,1.8,1.2620722831343485
narrow_hallway,mcts/tuning,mcts/tuning,1_behind_robot,1_behind_robot,,0,narrow_hallway/mcts/tuning/metrics_steps_1_behind_robot_0.csv,False,1.9,1.2304546613353586
narrow_hallway,mcts/tuning,mcts/tuning,1_behind_robot,1_behind_robot,,0,narrow_hallway/mcts/tuning/metrics_steps_1_behind_robot_0.csv,False,2.0,1.198751800038064
narrow_hallway,mcts/tuning,mcts/tuning,1_behind_robot,1_behind_robot,,0,narrow_hallway/mcts/tuning/metrics_steps_1_behind_robot_0.csv,False,2.1,1.1660740970044932
narrow_hallway,mcts/tuning,mcts/tuning,1_behind_robot,1_behind_robot,,0,narrow_hallway/mcts/tuning/metrics_steps_1_behind_robot_0.csv,False,2.2,1.1263651197032087
narrow_hallway,mcts/tuning,mcts/tuning,1_behind_robot,1_behind_robot,,0,narrow_hallway/mcts/tuning/metrics_steps_1_behind_robot_0.csv,False,2.3,1.0779382162712792
narrow_hallway,mcts/tuning,mcts/tuning,1_behind_robot,1_behind_robot,,0,narrow_hallway/mcts/tuning/metrics_steps_1_behind_robot_0.csv,False,2.4,1.0214768825644345
narrow_hallway,mcts/tuning,mcts/tuning,1_behind_robot,1_behind_robot,,0,narrow_hallway/mcts/tuning/metrics_steps_1_behind_robot_0.csv,False,2.5,0.9576176073852118
narrow_hallway,mcts/tuning,mcts/tuning,1_behind_robot,1_behind_robot,,0,narrow_hallway/mcts/tuning/metrics_steps_1_behind_robot_0.csv,False,2.6,0.8869731625943014
narrow_hallway,mcts/tuning,mcts/tuning,1_behind_robot,1_behind_robot,,0,narrow_hallway/mcts/tuning/metrics_steps_1_behind_robot_0.csv,False,2.7,0.8168746260210089
narrow_hallway,mcts/tuning,mcts/tuning,1_behind_robot,1_behind_robot,,0,narrow_hallway/mcts/tuning/metrics_steps_1_behind_robot_0.csv,False,2.8,0.7593542226104979
narrow_hallway,mcts/tuning,mcts/tuning,1_behind_robot,1_behind_robot,,0,narrow_hallway/mcts/tuning/metrics_steps_1_behind_robot_0.csv,False,2.9,0.7138198987402571
narrow_hallway,mcts/tuning,mcts/tuning,1_behind_robot,1_behind_robot,,0,narrow_hallway/mcts/tuning/metrics_steps_1_behind_robot_0.csv,False,3.0,0.6796011061797558
narrow_hallway,mcts/tuning,mcts/tuning,1_behind_robot,1_behind_robot,,0,narrow_hallway/mcts/tuning/metrics_steps_1_behind_robot_0.csv,False,3.1,0.6539960508860498
narrow_hallway,mcts/tuning,mcts/tuning,1_behind_robot,1_behind_robot,,0,narrow_hallway/mcts/tuning/metrics_steps_1_behind_robot_0.csv,False,3.2,0.6286852358247161
narrow_hallway,mcts/tuning,mcts/tuning,1_behind_robot,1_behind_robot,,0,narrow_hallway/mcts/tuning/metrics_steps_1_behind_robot_0.csv,False,3.3,0.6118915674246066
narrow_hallway,mcts/tuning,mcts/tuning,1_behind_robot,1_behind_robot,,0,narrow_hallway/mcts/tuning/metrics_steps_1_behind_robot_0.csv,False,3.4,0.6009229403221663
narrow_hallway,mcts/tuning,mcts/tuning,1_behind_robot,1_behind_robot,,0,narrow_hallway/mcts/tuning/metrics_steps_1_behind_robot_0.csv,False,3.5,0.5928683984979726
narrow_hallway,mcts/tuning,mcts/tuning,1_behind_robot,1_behind_robot,,0,narrow_hallway/mcts/tuning/metrics_steps_1_behind_robot_0.csv,False,3.6,0.5855987601281065
narrow_hallway,mcts/tuning,mcts/tuning,1_behind_robot,1_behind_robot,,0,narrow_hallway/mcts/tuning/metrics_steps_1_behind_robot_0.csv,False,3.7,0.5765076590562317
narrow_hallway,mcts/tuning,mcts/tuning,1_behind_robot,1_behind_robot,,0,narrow_hallway/mcts/tuning/metrics_steps_1_behind_robot_0.csv,False,3.8,0.5719271980501552
narrow_hallway,mcts/tuning,mcts/tuning,1_behind_robot,1_behind_robot,,0,narrow_hallway/mcts/tuning/metrics_steps_1_behind_robot_0.csv,False,3.9,0.567917203503101
narrow_hallway,mcts/tuning,mcts/tuning,1_behind_robot,1_behind_robot,,0,narrow_hallway/mcts/tuning/metrics_steps_1_behind_robot_0.csv,False,4.0,0.5650832340277285
narrow_hallway,mcts/tuning,mcts/tuning,1_behind_robot,1_behind_robot,,0,narrow_hallway/mcts/tuning/metrics_steps_1_behind_robot_0.csv,False,4.1,0.5632639626392704
narrow_hallway,mcts/tuning,mcts/tuning,1_behind_robot,1_behind_robot,,0,narrow_hallway/mcts/tuning/metrics_steps_1_behind_robot_0.csv,False,4.2,0.5605793318310146
narrow_hallway,mcts/tuning,mcts/tuning,1_behind_robot,1_behind_robot,,0,narrow_hallway/mcts/tuning/metrics_steps_1_behind_robot_0.csv,False,4.3,0.5607253217052288
narrow_hallway,mcts/tuning,mcts/tuning,1_behind_robot,1_behind_robot,,0,narrow_hallway/mcts/tuning/metrics_steps_1_behind_robot_0.csv,False,4.4,0.5602705679646973
narrow_hallway,mcts/tuning,mcts/tuning,1_behind_robot,1_behind_robot,,0,narrow_hallway/mcts/tuning/metrics_steps_1_behind_robot_0.csv,False,4.5,0.5612690013240886
narrow_hallway,mcts/tuning,mcts/tuning,1_behind_robot,1_behind_robot,,0,narrow_hallway/mcts/tuning/metrics_steps_1_behind_robot_0.csv,False,4.6,0.5629388360129759
narrow_hallway,mcts/tuning,mcts/tuning,1_behind_robot,1_behind_robot,,0,narrow_hallway/mcts/tuning/metrics_steps_1_behind_robot_0.csv,False,4.7,0.5629461035521444
narrow_hallway,mcts/tuning,mcts/tuning,1_behind_robot,1_behind_robot,,0,narrow_hallway/mcts/tuning/metrics_steps_1_behind_robot_0.csv,False,4.8,0.557201671858327
narrow_hallway,mcts/tuning,mcts/tuning,1_behind_robot,1_behind_robot,,0,narrow_hallway/mcts/tuning/metrics_steps_1_behind_robot_0.csv,False,4.9,0.5487532949241758
narrow_hallway,mcts/tuning,mcts/tuning,1_behind_robot,1_behind_robot,,0,narrow_hallway/mcts/tuning/metrics_steps_1_behind_robot_0.csv,False,5.0,0.5419320962337801
narrow_hallway,mcts/tuning,mcts/tuning,1_behind_robot,1_behind_robot,,0,narrow_hallway/mcts/tuning/metrics_steps_1_behind_robot_0.csv,False,5.1,0.5403840327198197
narrow_hallway,mcts/tuning,mcts/tuning,1_behind_robot,1_behind_robot,,0,narrow_hallway/mcts/tuning/metrics_steps_1_behind_robot_0.csv,False,5.2,0.5360568323764447
narrow_hallway,mcts/tuning,mcts/tuning,1_behind_robot,1_behind_robot,,0,narrow_hallway/mcts/tuning/metrics_steps_1_behind_robot_0.csv,False,5.3,0.5296728247831997
narrow_hallway,mcts/tuning,mcts/tuning,1_behind_robot,1_behind_robot,,0,narrow_hallway/mcts/tuning/metrics_steps_1_behind_robot_0.csv,False,5.4,0.5266504149050817
narrow_hallway,mcts/tuning,mcts/tuning,1_behind_robot,1_behind_robot,,0,narrow_hallway/mcts/tuning/metrics_steps_1_behind_robot_0.csv,False,5.5,0.5333754751969162
narrow_hallway,mcts/tuning,mcts/tuning,1_behind_robot,1_behind_robot,,0,narrow_hallway/mcts/tuning/metrics_steps_1_behind_robot_0.csv,False,5.6,0.544575295220326
narrow_hallway,mcts/tuning,mcts/tuning,1_behind_robot,1_behind_robot,,0,narrow_hallway/mcts/tuning/metrics_steps_1_behind_robot_0.csv,False,5.7,0.5489538250394188
narrow_hallway,mcts/tuning,mcts/tuning,1_behind_robot,1_behind_robot,,0,narrow_hallway/mcts/tuning/metrics_steps_1_behind_robot_0.csv,False,5.8,0.5522886104447811
narrow_hallway,mcts/tuning,mcts/tuning,1_behind_robot,1_behind_robot,,0,narrow_hallway/mcts/tuning/metrics_steps_1_behind_robot_0.csv,False,5.9,0.5598399767955382
narrow_hallway,mcts/tuning,mcts/tuning,1_behind_robot,1_behind_robot,,0,narrow_hallway/mcts/tuning/metrics_steps_1_behind_robot_0.csv,False,6.0,0.5656338907008305
narrow_hallway,mcts/tuning,mcts/tuning,1_behind_robot,1_behind_robot,,0,narrow_hallway/mcts/tuning/metrics_steps_1_behind_robot_0.csv,False,6.1,0.5701564399183965
narrow_hallway,mcts/tuning,mcts/tuning,1_behind_robot,1_behind_robot,,0,narrow_hallway/mcts/tuning/metrics_steps_1_behind_robot_0.csv,False,6.2,0.5742360147281897
narrow_hallway,mcts/tuning,mcts/tuning,1_behind_robot,1_behind_robot,,0,narrow_hallway/mcts/tuning/metrics_steps_1_behind_robot_0.csv,False,6.3,0.5808051875053732
narrow_hallway,mcts/tuning,mcts/tuning,1_behind_robot,1_behind_robot,,0,narrow_hallway/mcts/tuning/metrics_steps_1_behind_robot_0.csv,False,6.4,0.5872845821528858
narrow_hallway,mcts/tuning,mcts/tuning,1_behind_robot,1_behind_robot,,0,narrow_hallway/mcts/tuning/metrics_steps_1_behind_robot_0.csv,False,6.5,0.592247113898364
narrow_hallway,mcts/tuning,mcts/tuning,1_behind_robot,1_behind_robot,,0,narrow_hallway/mcts/tuning/metrics_steps_1_behind_robot_0.csv,False,6.6,0.5960259032610404
narrow_hallway,mcts/tuning,mcts/tuning,1_behind_robot,1_behind_robot,,0,narrow_hallway/mcts/tuning/metrics_steps_1_behind_robot_0.csv,False,6.7,0.5913705063144763
narrow_hallway,mcts/tuning,mcts/tuning,1_behind_robot,1_behind_robot,,0,narrow_hallway/mcts/tuning/metrics_steps_1_behind_robot_0.csv,False,6.8,0.5828985699549418
narrow_hallway,mcts/tuning,mcts/tuning,1_behind_robot,1_behind_robot,,0,narrow_hallway/mcts/tuning/metrics_steps_1_behind_robot_0.csv,False,6.9,0.5798227849827717
narrow_hallway,mcts/tuning,mcts/tuning,1_behind_robot,1_behind_robot,,0,narrow_hallway/mcts/tuning/metrics_steps_1_behind_robot_0.csv,False,7.0,0.5777797800543139
narrow_hallway,mcts/tuning,mcts/tuning,1_behind_robot,1_behind_robot,,0,narrow_hallway/mcts/tuning/metrics_steps_1_behind_robot_0.csv,False,7.1,0.572234249862968
narrow_hallway,mcts/tuning,mcts/tuning,1_behind_robot,1_behind_robot,,0,narrow_hallway/mcts/tuning/metrics_steps_1_behind_robot_0.csv,False,7.2,0.5636952224707921
narrow_hallway,mcts/tuning,mcts/tuning,1_behind_robot,1_behind_robot,,0,narrow_hallway/mcts/tuning/metrics_steps_1_behind_robot_0.csv,False,7.3,0.5579323541625589
narrow_hallway,mcts/tuning,mcts/tuning,1_behind_robot,1_behind_robot,,0,narrow_hallway/mcts/tuning/metrics_steps_1_behind_robot_0.csv,False,7.4,0.5559779226807415
narrow_hallway,mcts/tuning,mcts/tuning,1_behind_robot,1_behind_robot,,0,narrow_hallway/mcts/tuning/metrics_steps_1_behind_robot_0.csv,False,7.5,0.5567252747280347
narrow_hallway,mcts/tuning,mcts/tuning,1_behind_robot,1_behind_robot,,0,narrow_hallway/mcts/tuning/metrics_steps_1_behind_robot_0.csv,False,7.6,0.5621063955898595
narrow_hallway,mcts/tuning,mcts/tuning,1_behind_robot,1_behind_robot,,0,narrow_hallway/mcts/tuning/metrics_steps_1_behind_robot_0.csv,False,7.7,0.5696928564300585
narrow_hallway,mcts/tuning,mcts/tuning,1_behind_robot,1_behind_robot,,0,narrow_hallway/mcts/tuning/metrics_steps_1_behind_robot_0.csv,False,7.8,0.5775054635820398
narrow_hallway,mcts/tuning,mcts/tuning,1_behind_robot,1_behind_robot,,0,narrow_hallway/mcts/tuning/metrics_steps_1_behind_robot_0.csv,False,7.9,0.5809989850221402
narrow_hallway,mcts/tuning,mcts/tuning,1_behind_robot,1_behind_robot,,0,narrow_hallway/mcts/tuning/metrics_steps_1_behind_robot_0.csv,False,8.0,0.5835584483385567
narrow_hallway,mcts/tuning,mcts/tuning,1_behind_robot,1_behind_robot,,0,narrow_hallway/mcts/tuning/metrics_steps_1_behind_robot_0.csv,False,8.1,0.5867701025127026
narrow_hallway,mcts/tuning,mcts/tuning,1_behind_robot,1_behind_robot,,0,narrow_hallway/mcts/tuning/metrics_steps_1_behind_robot_0.csv,False,8.2,0.5901035589645789
narrow_hallway,mcts/tuning,mcts/tuning,1_behind_robot,1_behind_robot,,0,narrow_hallway/mcts/tuning/metrics_steps_1_behind_robot_0.csv,False,8.3,0.5998995879014597
narrow_hallway,mcts/tuning,mcts/tuning,1_behind_robot,1_behind_robot,,0,narrow_hallway/mcts/tuning/metrics_steps_1_behind_robot_0.csv,False,8.4,0.6111333207001539
narrow_hallway,mcts/tuning,mcts/tuning,1_behind_robot,1_behind_robot,,0,narrow_hallway/mcts/tuning/metrics_steps_1_behind_robot_0.csv,False,8.5,0.6205648181439019
narrow_hallway,mcts/tuning,mcts/tuning,1_behind_robot,1_behind_robot,,0,narrow_hallway/mcts/tuning/metrics_steps_1_behind_robot_0.csv,False,8.6,0.6251029370632162
narrow_hallway,mcts/tuning,mcts/tuning,1_behind_robot,1_behind_robot,,0,narrow_hallway/mcts/tuning/metrics_steps_1_behind_robot_0.csv,False,8.7,0.6222636217034565
narrow_hallway,mcts/tuning,mcts/tuning,1_behind_robot,1_behind_robot,,0,narrow_hallway/mcts/tuning/metrics_steps_1_behind_robot_0.csv,False,8.8,0.6148565748132351
narrow_hallway,mcts/tuning,mcts/tuning,1_behind_robot,1_behind_robot,,0,narrow_hallway/mcts/tuning/metrics_steps_1_behind_robot_0.csv,False,8.9,0.6070103399380182
narrow_hallway,mcts/tuning,mcts/tuning,1_behind_robot,1_behind_robot,,0,narrow_hallway/mcts/tuning/metrics_steps_1_behind_robot_0.csv,False,9.0,0.5983730663715978
narrow_hallway,mcts/tuning,mcts/tuning,1_behind_robot,1_behind_robot,,0,narrow_hallway/mcts/tuning/metrics_steps_1_behind_robot_0.csv,False,9.1,0.587581858359058
narrow_hallway,mcts/tuning,mcts/tuning,1_behind_robot,1_behind_robot,,0,narrow_hallway/mcts/tuning/metrics_steps_1_behind_robot_0.csv,False,9.2,0.5764468398455136
narrow_hallway,mcts/tuning,mcts/tuning,1_behind_robot,1_behind_robot,,0,narrow_hallway/mcts/tuning/metrics_steps_1_behind_robot_0.csv,False,9.3,0.568845992180766
narrow_hallway,mcts/tuning,mcts/tuning,1_behind_robot,1_behind_robot,,0,narrow_hallway/mcts/tuning/metrics_steps_1_behind_robot_0.csv,False,9.4,0.563304994186375
narrow_hallway,mcts/tuning,mcts/tuning,1_behind_robot,1_behind_robot,,0,narrow_hallway/mcts/tuning/metrics_steps_1_behind_robot_0.csv,False,9.5,0.5619742216327186
narrow_hallway,mcts/tuning,mcts/tuning,1_behind_robot,1_behind_robot,,0,narrow_hallway/mcts/tuning/metrics_steps_1_behind_robot_0.csv,False,9.6,0.5631312538692572
narrow_hallway,mcts/tuning,mcts/tuning,1_behind_robot,1_behind_robot,,0,narrow_hallway/mcts/tuning/metrics_steps_1_behind_robot_0.csv,False,9.7,0.564970606113367
narrow_hallway,mcts/tuning,mcts/tuning,1_behind_robot,1_behind_robot,,0,narrow_hallway/mcts/tuning/metrics_steps_1_behind_robot_0.csv,False,9.8,0.5617646985529992
narrow_hallway,mcts/tuning,mcts/tuning,1_behind_robot,1_behind_robot,,0,narrow_hallway/mcts/tuning/metrics_steps_1_behind_robot_0.csv,False,9.9,0.5512375438521904
narrow_hallway,mcts/tuning,mcts/tuning,1_behind_robot,1_behind_robot,,0,narrow_hallway/mcts/tuning/metrics_steps_1_behind_robot_0.csv,False,10.0,0.5384565289303296
narrow_hallway,mcts/tuning,mcts/tuning,1_behind_robot,1_behind_robot,,0,narrow_hallway/mcts/tuning/metrics_steps_1_behind_robot_0.csv,False,10.1,0.5315009679399967
narrow_hallway,mcts/tuning,mcts/tuning,1_behind_robot,1_behind_robot,,0,narrow_hallway/mcts/tuning/metrics_steps_1_behind_robot_0.csv,False,10.2,0.531033582860847
narrow_hallway,mcts/tuning,mcts/tuning,1_behind_robot,1_behind_robot,,0,narrow_hallway/mcts/tuning/metrics_steps_1_behind_robot_0.csv,False,10.3,0.5350662174366545
narrow_hallway,mcts/tuning,mcts/tuning,1_behind_robot,1_behind_robot,,0,narrow_hallway/mcts/tuning/metrics_steps_1_behind_robot_0.csv,False,10.4,0.5391724070762154
narrow_hallway,mcts/tuning,mcts/tuning,1_behind_robot,1_behind_robot,,0,narrow_hallway/mcts/tuning/metrics_steps_1_behind_robot_0.csv,False,10.5,0.5432042285121648
narrow_hallway,mcts/tuning,mcts/tuning,1_behind_robot,1_behind_robot,,0,narrow_hallway/mcts/tuning/metrics_steps_1_behind_robot_0.csv,False,10.6,0.5457340592114326
narrow_hallway,mcts/tuning,mcts/tuning,1_behind_robot,1_behind_robot,,0,narrow_hallway/mcts/tuning/metrics_steps_1_behind_robot_0.csv,False,10.7,0.5495210163020698
narrow_hallway,mcts/tuning,mcts/tuning,1_behind_robot,1_behind_robot,,0,narrow_hallway/mcts/tuning/metrics_steps_1_behind_robot_0.csv,False,10.8,0.5545431606832345
narrow_hallway,mcts/tuning,mcts/tuning,1_behind_robot,1_behind_robot,,0,narrow_hallway/mcts/tuning/metrics_steps_1_behind_robot_0.csv,False,10.9,0.5618979031979536
narrow_hallway,mcts/tuning,mcts/tuning,1_behind_robot,1_behind_robot,,0,narrow_hallway/mcts/tuning/metrics_steps_1_behind_robot_0.csv,False,11.0,0.5690160243608251
narrow_hallway,mcts/tuning,mcts/tuning,1_behind_robot,1_behind_robot,,0,narrow_hallway/mcts/tuning/metrics_steps_1_behind_robot_0.csv,False,11.1,0.5753313425295046
narrow_hallway,mcts/tuning,mcts/tuning,1_behind_robot,1_behind_robot,,0,narrow_hallway/mcts/tuning/metrics_steps_1_behind_robot_0.csv,False,11.2,0.5840042738201545
narrow_hallway,mcts/tuning,mcts/tuning,1_behind_robot,1_behind_robot,,0,narrow_hallway/mcts/tuning/metrics_steps_1_behind_robot_0.csv,False,11.3,0.5952698786058626
narrow_hallway,mcts/tuning,mcts/tuning,1_behind_robot,1_behind_robot,,0,narrow_hallway/mcts/tuning/metrics_steps_1_behind_robot_0.csv,False,11.4,0.6040366960844084
narrow_hallway,mcts/tuning,mcts/tuning,1_behind_robot,1_behind_robot,,0,narrow_hallway/mcts/tuning/metrics_steps_1_behind_robot_0.csv,False,11.5,0.609803863039589
narrow_hallway,mcts/tuning,mcts/tuning,1_behind_robot,1_behind_robot,,0,narrow_hallway/mcts/tuning/metrics_steps_1_behind_robot_0.csv,False,11.6,0.6157142361473837
narrow_hallway,mcts/tuning,mcts/tuning,1_behind_robot,1_behind_robot,,0,narrow_hallway/mcts/tuning/metrics_steps_1_behind_robot_0.csv,False,11.7,0.6222578566837722
narrow_hallway,mcts/tuning,mcts/tuning,1_behind_robot,1_behind_robot,,0,narrow_hallway/mcts/tuning/metrics_steps_1_behind_robot_0.csv,False,11.8,0.6231279276772721
narrow_hallway,mcts/tuning,mcts/tuning,1_behind_robot,1_behind_robot,,0,narrow_hallway/mcts/tuning/metrics_steps_1_behind_robot_0.csv,False,11.9,0.6240135655839139
narrow_hallway,mcts/tuning,mcts/tuning,1_behind_robot,1_behind_robot,,0,narrow_hallway/mcts/tuning/metrics_steps_1_behind_robot_0.csv,False,12.0,0.6253709448563662
narrow_hallway,mcts/tuning,mcts/tuning,1_behind_robot,1_behind_robot,,0,narrow_hallway/mcts/tuning/metrics_steps_1_behind_robot_0.csv,False,12.1,0.6277070878624578
narrow_hallway,mcts/tuning,mcts/tuning,1_behind_robot,1_behind_robot,,0,narrow_hallway/mcts/tuning/metrics_steps_1_behind_robot_0.csv,False,12.2,0.6352740267477546
narrow_hallway,mcts/tuning,mcts/tuning,1_behind_robot,1_behind_robot,,0,narrow_hallway/mcts/tuning/metrics_steps_1_behind_robot_0.csv,False,12.3,0.6477319656533358
narrow_hallway,mcts/tuning,mcts/tuning,1_behind_robot,1_behind_robot,,0,narrow_hallway/mcts/tuning/metrics_steps_1_behind_robot_0.csv,False,12.4,0.6561593847289326
narrow_hallway,mcts/tuning,mcts/tuning,1_behind_robot,1_behind_robot,,0,narrow_hallway/mcts/tuning/metrics_steps_1_behind_robot_0.csv,False,12.5,0.664468808701012
narrow_hallway,mcts/tuning,mcts/tuning,1_behind_robot,1_behind_robot,,0,narrow_hallway/mcts/tuning/metrics_steps_1_behind_robot_0.csv,False,12.6,0.6765146977350263
narrow_hallway,mcts/tuning,mcts/tuning,1_behind_robot,1_behind_robot,,0,narrow_hallway/mcts/tuning/metrics_steps_1_behind_robot_0.csv,False,12.7,0.6977882901440873
narrow_hallway,mcts/tuning,mcts/tuning,1_behind_robot,1_behind_robot,,0,narrow_hallway/mcts/tuning/metrics_steps_1_behind_robot_0.csv,False,12.8,0.7265973088787985
narrow_hallway,mcts/tuning,mcts/tuning,1_behind_robot,1_behind_robot,,0,narrow_hallway/mcts/tuning/metrics_steps_1_behind_robot_0.csv,False,12.9,0.7547682886487981
narrow_hallway,mcts/tuning,mcts/tuning,1_behind_robot,1_behind_robot,,0,narrow_hallway/mcts/tuning/metrics_steps_1_behind_robot_0.csv,False,13.0,0.7830328575897041
narrow_hallway,mcts/tuning,mcts/tuning,1_behind_robot,1_behind_robot,,0,narrow_hallway/mcts/tuning/metrics_steps_1_behind_robot_0.csv,False,13.1,0.811693324738268
narrow_hallway,mcts/tuning,mcts/tuning,1_behind_robot,1_behind_robot,,0,narrow_hallway/mcts/tuning/metrics_steps_1_behind_robot_0.csv,False,13.2,0.8416854113258763
narrow_hallway,mcts/tuning,mcts/tuning,1_behind_robot,1_behind_robot,,0,narrow_hallway/mcts/tuning/metrics_steps_1_behind_robot_0.csv,False,13.3,0.866308546080049
narrow_hallway,mcts/tuning,mcts/tuning,1_behind_robot,1_behind_robot,,0,narrow_hallway/mcts/tuning/metrics_steps_1_behind_robot_0.csv,False,13.4,0.8861623051679397
narrow_hallway,mcts/tuning,mcts/tuning,1_behind_robot,1_behind_robot,,0,narrow_hallway/mcts/tuning/metrics_steps_1_behind_robot_0.csv,False,13.5,0.9019345294998832
narrow_hallway,mcts/tuning,mcts/tuning,1_behind_robot,1_behind_robot,,0,narrow_hallway/mcts/tuning/metrics_steps_1_behind_robot_0.csv,False,13.6,0.9177941305732013
narrow_hallway,mcts/tuning,mcts/tuning,1_behind_robot,1_behind_robot,,0,narrow_hallway/mcts/tuning/metrics_steps_1_behind_robot_0.csv,False,13.7,0.9370454283950398
narrow_hallway,mcts/tuning,mcts/tuning,1_behind_robot,1_behind_robot,,0,narrow_hallway/mcts/tuning/metrics_steps_1_behind_robot_0.csv,False,13.8,0.9517303200254056
narrow_hallway,mcts/tuning,mcts/tuning,1_behind_robot,1_behind_robot,,0,narrow_hallway/mcts/tuning/metrics_steps_1_behind_robot_0.csv,False,13.9,0.965959588475864
narrow_hallway,mcts/tuning,mcts/tuning,1_behind_robot,1_behind_robot,,0,narrow_hallway/mcts/tuning/metrics_steps_1_behind_robot_0.csv,False,14.0,0.9811603790020064
narrow_hallway,mcts/tuning,mcts/tuning,1_behind_robot,1_behind_robot,,0,narrow_hallway/mcts/tuning/metrics_steps_1_behind_robot_0.csv,False,14.1,0.9981996438476136
narrow_hallway,mcts/tuning,mcts/tuning,1_behind_robot,1_behind_robot,,0,narrow_hallway/mcts/tuning/metrics_steps_1_behind_robot_0.csv,False,14.2,1.0239579278584088
narrow_hallway,mcts/tuning,mcts/tuning,1_behind_robot,1_behind_robot,,0,narrow_hallway/mcts/tuning/metrics_steps_1_behind_robot_0.csv,False,14.3,1.0607727205642443
narrow_hallway,mcts/tuning,mcts/tuning,1_behind_robot,1_behind_robot,,0,narrow_hallway/mcts/tuning/metrics_steps_1_behind_robot_0.csv,False,14.4,1.1086075291551891
narrow_hallway,mcts/tuning,mcts/tuning,1_behind_robot,1_behind_robot,,0,narrow_hallway/mcts/tuning/metrics_steps_1_behind_robot_0.csv,False,14.5,1.1675432206180485
narrow_hallway,mcts/tuning,mcts/tuning,1_behind_robot,1_behind_robot,,0,narrow_hallway/mcts/tuning/metrics_steps_1_behind_robot_0.csv,False,14.6,1.2377269701217095
narrow_hallway,mcts/tuning,mcts/tuning,1_behind_robot,1_behind_robot,,0,narrow_hallway/mcts/tuning/metrics_steps_1_behind_robot_0.csv,False,14.7,1.3059512690598436
narrow_hallway,mcts/tuning,mcts/tuning,1_behind_robot,1_behind_robot,,0,narrow_hallway/mcts/tuning/metrics_steps_1_behind_robot_0.csv,False,14.8,1.3651906009643993
narrow_hallway,mcts/tuning,mcts/tuning,1_behind_robot,1_behind_robot,,0,narrow_hallway/mcts/tuning/metrics_steps_1_behind_robot_0.csv,False,14.9,1.415750559108417
narrow_hallway,mcts/tuning,mcts/tuning,1_behind_robot,1_behind_robot,,0,narrow_hallway/mcts/tuning/metrics_steps_1_behind_robot_0.csv,False,15.0,1.4572300578565218
narrow_hallway,mcts/tuning,mcts/tuning,1_behind_robot,1_behind_robot,,0,narrow_hallway/mcts/tuning/metrics_steps_1_behind_robot_0.csv,False,15.1,1.493170393121031
narrow_hallway,mcts/tuning,mcts/tuning,1_behind_robot,1_behind_robot,,0,narrow_hallway/mcts/tuning/metrics_steps_1_behind_robot_0.csv,False,15.2,1.532443059138621
narrow_hallway,mcts/tuning,mcts/tuning,1_behind_robot,1_behind_robot,,0,narrow_hallway/mcts/tuning/metrics_steps_1_behind_robot_0.csv,False,15.3,1.5295100746361636
narrow_hallway,mcts/tuning,mcts/tuning,1_behind_robot,1_behind_robot,,0,narrow_hallway/mcts/tuning/metrics_steps_1_behind_robot_0.csv,False,15.4,1.4401536636432084
narrow_hallway,mcts/tuning,mcts/tuning,1_behind_robot,1_behind_robot,,0,narrow_hallway/mcts/tuning/metrics_steps_1_behind_robot_0.csv,False,15.5,1.351213365555469
narrow_hallway,mcts/tuning,mcts/tuning,1_behind_robot,1_behind_robot,,0,narrow_hallway/mcts/tuning/metrics_steps_1_behind_robot_0.csv,False,15.6,1.2643204836919055
narrow_hallway,mcts/tuning,mcts/tuning,1_behind_robot,1_behind_robot,,0,narrow_hallway/mcts/tuning/metrics_steps_1_behind_robot_0.csv,False,15.7,1.1855674175588868
narrow_hallway,mcts/tuning,mcts/tuning,1_behind_robot,1_behind_robot,,0,narrow_hallway/mcts/tuning/metrics_steps_1_behind_robot_0.csv,False,15.8,1.109256866056468
narrow_hallway,mcts/tuning,mcts/tuning,1_behind_robot,1_behind_robot,,0,narrow_hallway/mcts/tuning/metrics_steps_1_behind_robot_0.csv,False,15.9,1.029503829136911
narrow_hallway,mcts/tuning,mcts/tuning,1_behind_robot,1_behind_robot,,0,narrow_hallway/mcts/tuning/metrics_steps_1_behind_robot_0.csv,False,16.0,0.9480948683376388
narrow_hallway,mcts/tuning,mcts/tuning,1_behind_robot,1_behind_robot,,0,narrow_hallway/mcts/tuning/metrics_steps_1_behind_robot_0.csv,False,16.1,0.8688129534779747
narrow_hallway,mcts/tuning,mcts/tuning,1_behind_robot,1_behind_robot,,0,narrow_hallway/mcts/tuning/metrics_steps_1_behind_robot_0.csv,False,16.2,0.7956448355653964
narrow_hallway,mcts/tuning,mcts/tuning,1_behind_robot,1_behind_robot,,0,narrow_hallway/mcts/tuning/metrics_steps_1_behind_robot_0.csv,False,16.3,0.7278021672380692
narrow_hallway,mcts/tuning,mcts/tuning,1_behind_robot,1_behind_robot,,0,narrow_hallway/mcts/tuning/metrics_steps_1_behind_robot_0.csv,False,16.4,0.6595184758828092
narrow_hallway,mcts/tuning,mcts/tuning,1_behind_robot,1_behind_robot,,0,narrow_hallway/mcts/tuning/metrics_steps_1_behind_robot_0.csv,False,16.5,0.5942558342807747
narrow_hallway,mcts/tuning,mcts/tuning,1_behind_robot,1_behind_robot,,0,narrow_hallway/mcts/tuning/metrics_steps_1_behind_robot_0.csv,False,16.6,0.5375291523540613
narrow_hallway,mcts/tuning,mcts/tuning,1_behind_robot,1_behind_robot,,0,narrow_hallway/mcts/tuning/metrics_steps_1_behind_robot_0.csv,False,16.7,0.4914767028884672
narrow_hallway,mcts/tuning,mcts/tuning,1_behind_robot,1_behind_robot,,0,narrow_hallway/mcts/tuning/metrics_steps_1_behind_robot_0.csv,False,16.8,0.4517662979624643
narrow_hallway,mcts/tuning,mcts/tuning,1_behind_robot,1_behind_robot,,0,narrow_hallway/mcts/tuning/metrics_steps_1_behind_robot_0.csv,False,16.9,0.4244493042280419
narrow_hallway,mcts/tuning,mcts/tuning,1_behind_robot,1_behind_robot,,0,narrow_hallway/mcts/tuning/metrics_steps_1_behind_robot_0.csv,False,17.0,0.4166008352671078
narrow_hallway,mcts/tuning,mcts/tuning,1_behind_robot,1_behind_robot,,0,narrow_hallway/mcts/tuning/metrics_steps_1_behind_robot_0.csv,False,17.1,0.4271014883190298
narrow_hallway,mcts/tuning,mcts/tuning,1_behind_robot,1_behind_robot,,0,narrow_hallway/mcts/tuning/metrics_steps_1_behind_robot_0.csv,False,17.2,0.4489370796628018
narrow_hallway,mcts/tuning,mcts/tuning,1_behind_robot,1_behind_robot,,0,narrow_hallway/mcts/tuning/metrics_steps_1_behind_robot_0.csv,False,17.3,0.4678307658809217
narrow_hallway,mcts/tuning,mcts/tuning,1_behind_robot,1_behind_robot,,0,narrow_hallway/mcts/tuning/metrics_steps_1_behind_robot_0.csv,False,17.4,0.4832457581602314
narrow_hallway,mcts/tuning,mcts/tuning,1_behind_robot,1_behind_robot,,0,narrow_hallway/mcts/tuning/metrics_steps_1_behind_robot_0.csv,False,17.5,0.5045561196643258
narrow_hallway,mcts/tuning,mcts/tuning,1_behind_robot,1_behind_robot,,0,narrow_hallway/mcts/tuning/metrics_steps_1_behind_robot_0.csv,False,17.6,0.5325039911329126
narrow_hallway,mcts/tuning,mcts/tuning,1_behind_robot,1_behind_robot,,0,narrow_hallway/mcts/tuning/metrics_steps_1_behind_robot_0.csv,False,17.7,0.5584987937157773
narrow_hallway,mcts/tuning,mcts/tuning,1_behind_robot,1_behind_robot,,0,narrow_hallway/mcts/tuning/metrics_steps_1_behind_robot_0.csv,False,17.8,0.5790629126123694
narrow_hallway,mcts/tuning,mcts/tuning,1_behind_robot,1_behind_robot,,0,narrow_hallway/mcts/tuning/metrics_steps_1_behind_robot_0.csv,False,17.9,0.6006119998780344
narrow_hallway,mcts/tuning,mcts/tuning,1_behind_robot,1_behind_robot,,0,narrow_hallway/mcts/tuning/metrics_steps_1_behind_robot_0.csv,False,18.0,0.6254649101140144
narrow_hallway,mcts/tuning,mcts/tuning,1_behind_robot,1_behind_robot,,0,narrow_hallway/mcts/tuning/metrics_steps_1_behind_robot_0.csv,False,18.1,0.653036012320503
narrow_hallway,mcts/tuning,mcts/tuning,2_towards_robot,2_towards_robot,,0,narrow_hallway/mcts/tuning/metrics_steps_2_towards_robot_0.csv,False,0.0,13.296275647517044
narrow_hallway,mcts/tuning,mcts/tuning,2_towards_robot,2_towards_robot,,0,narrow_hallway/mcts/tuning/metrics_steps_2_towards_robot_0.csv,False,0.1,13.25734272198464
narrow_hallway,mcts/tuning,mcts/tuning,2_towards_robot,2_towards_robot,,0,narrow_hallway/mcts/tuning/metrics_steps_2_towards_robot_0.csv,False,0.2,13.181620122045295
narrow_hallway,mcts/tuning,mcts/tuning,2_towards_robot,2_towards_robot,,0,narrow_hallway/mcts/tuning/metrics_steps_2_towards_robot_0.csv,False,0.3,13.074500555935346
narrow_hallway,mcts/tuning,mcts/tuning,2_towards_robot,2_towards_robot,,0,narrow_hallway/mcts/tuning/metrics_steps_2_towards_robot_0.csv,False,0.4,12.943163147178112
narrow_hallway,mcts/tuning,mcts/tuning,2_towards_robot,2_towards_robot,,0,narrow_hallway/mcts/tuning/metrics_steps_2_towards_robot_0.csv,False,0.5,12.792379275185953
narrow_hallway,mcts/tuning,mcts/tuning,2_towards_robot,2_towards_robot,,0,narrow_hallway/mcts/tuning/metrics_steps_2_towards_robot_0.csv,False,0.6,12.625322415619252
narrow_hallway,mcts/tuning,mcts/tuning,2_towards_robot,2_towards_robot,,0,narrow_hallway/mcts/tuning/metrics_steps_2_towards_robot_0.csv,False,0.7,12.444098070383632
narrow_hallway,mcts/tuning,mcts/tuning,2_towards_robot,2_towards_robot,,0,narrow_hallway/mcts/tuning/metrics_steps_2_towards_robot_0.csv,False,0.8,12.250056799156916
narrow_hallway,mcts/tuning,mcts/tuning,2_towards_robot,2_towards_robot,,0,narrow_hallway/mcts/tuning/metrics_steps_2_towards_robot_0.csv,False,0.9,12.04433369714748
narrow_hallway,mcts/tuning,mcts/tuning,2_towards_robot,2_towards_robot,,0,narrow_hallway/mcts/tuning/metrics_steps_2_towards_robot_0.csv,False,1.0,11.829420954260486
narrow_hallway,mcts/tuning,mcts/tuning,2_towards_robot,2_towards_robot,,0,narrow_hallway/mcts/tuning/metrics_steps_2_towards_robot_0.csv,False,1.1,11.605056086005876
narrow_hallway,mcts/tuning,mcts/tuning,2_towards_robot,2_towards_robot,,0,narrow_hallway/mcts/tuning/metrics_steps_2_towards_robot_0.csv,False,1.2,11.375649495433676
narrow_hallway,mcts/tuning,mcts/tuning,2_towards_robot,2_towards_robot,,0,narrow_hallway/mcts/tuning/metrics_steps_2_towards_robot_0.csv,False,1.3,11.15096036142308
narrow_hallway,mcts/tuning,mcts/tuning,2_towards_robot,2_towards_robot,,0,narrow_hallway/mcts/tuning/metrics_steps_2_towards_robot_0.csv,False,1.4,10.932084008657291
narrow_hallway,mcts/tuning,mcts/tuning,2_towards_robot,2_towards_robot,,0,narrow_hallway/mcts/tuning/metrics_steps_2_towards_robot_0.csv,False,1.5,10.719617989974626
narrow_hallway,mcts/tuning,mcts/tuning,2_towards_robot,2_towards_robot,,0,narrow_hallway/mcts/tuning/metrics_steps_2_towards_robot_0.csv,False,1.6,10.511798418717776
narrow_hallway,mcts/tuning,mcts/tuning,2_towards_robot,2_towards_robot,,0,narrow_hallway/mcts/tuning/metrics_steps_2_towards_robot_0.csv,False,1.7,10.30632016143404
narrow_hallway,mcts/tuning,mcts/tuning,2_towards_robot,2_towards_robot,,0,narrow_hallway/mcts/tuning/metrics_steps_2_towards_robot_0.csv,False,1.8,10.0928739290379
narrow_hallway,mcts/tuning,mcts/tuning,2_towards_robot,2_towards_robot,,0,narrow_hallway/mcts/tuning/metrics_steps_2_towards_robot_0.csv,False,1.9,9.870564802319704
narrow_hallway,mcts/tuning,mcts/tuning,2_towards_robot,2_towards_robot,,0,narrow_hallway/mcts/tuning/metrics_steps_2_towards_robot_0.csv,False,2.0,9.64404470925036
narrow_hallway,mcts/tuning,mcts/tuning,2_towards_robot,2_towards_robot,,0,narrow_hallway/mcts/tuning/metrics_steps_2_towards_robot_0.csv,False,2.1,9.415197828096586
narrow_hallway,mcts/tuning,mcts/tuning,2_towards_robot,2_towards_robot,,0,narrow_hallway/mcts/tuning/metrics_steps_2_towards_robot_0.csv,False,2.2,9.183041903568348
narrow_hallway,mcts/tuning,mcts/tuning,2_towards_robot,2_towards_robot,,0,narrow_hallway/mcts/tuning/metrics_steps_2_towards_robot_0.csv,False,2.3,8.951304395531649
narrow_hallway,mcts/tuning,mcts/tuning,2_towards_robot,2_towards_robot,,0,narrow_hallway/mcts/tuning/metrics_steps_2_towards_robot_0.csv,False,2.4,8.719191208880632
narrow_hallway,mcts/tuning,mcts/tuning,2_towards_robot,2_towards_robot,,0,narrow_hallway/mcts/tuning/metrics_steps_2_towards_robot_0.csv,False,2.5,8.492652146256777
narrow_hallway,mcts/tuning,mcts/tuning,2_towards_robot,2_towards_robot,,0,narrow_hallway/mcts/tuning/metrics_steps_2_towards_robot_0.csv,False,2.6,8.27273391130087
narrow_hallway,mcts/tuning,mcts/tuning,2_towards_robot,2_towards_robot,,0,narrow_hallway/mcts/tuning/metrics_steps_2_towards_robot_0.csv,False,2.7,8.055188254794928
narrow_hallway,mcts/tuning,mcts/tuning,2_towards_robot,2_towards_robot,,0,narrow_hallway/mcts/tuning/metrics_steps_2_towards_robot_0.csv,False,2.8,7.835801590177507
narrow_hallway,mcts/tuning,mcts/tuning,2_towards_robot,2_towards_robot,,0,narrow_hallway/mcts/tuning/metrics_steps_2_towards_robot_0.csv,False,2.9,7.612189114627874
narrow_hallway,mcts/tuning,mcts/tuning,2_towards_robot,2_towards_robot,,0,narrow_hallway/mcts/tuning/metrics_steps_2_towards_robot_0.csv,False,3.0,7.385041948498275
narrow_hallway,mcts/tuning,mcts/tuning,2_towards_robot,2_towards_robot,,0,narrow_hallway/mcts/tuning/metrics_steps_2_towards_robot_0.csv,False,3.1,7.154127493385782
narrow_hallway,mcts/tuning,mcts/tuning,2_towards_robot,2_towards_robot,,0,narrow_hallway/mcts/tuning/metrics_steps_2_towards_robot_0.csv,False,3.2,6.921837580344465
narrow_hallway,mcts/tuning,mcts/tuning,2_towards_robot,2_towards_robot,,0,narrow_hallway/mcts/tuning/metrics_steps_2_towards_robot_0.csv,False,3.3,6.6900671938053735
narrow_hallway,mcts/tuning,mcts/tuning,2_towards_robot,2_towards_robot,,0,narrow_hallway/mcts/tuning/metrics_steps_2_towards_robot_0.csv,False,3.4,6.459039446818179
narrow_hallway,mcts/tuning,mcts/tuning,2_towards_robot,2_towards_robot,,0,narrow_hallway/mcts/tuning/metrics_steps_2_towards_robot_0.csv,False,3.5,6.232575968748264
narrow_hallway,mcts/tuning,mcts/tuning,2_towards_robot,2_towards_robot,,0,narrow_hallway/mcts/tuning/metrics_steps_2_towards_robot_0.csv,False,3.6,6.016179754001227
narrow_hallway,mcts/tuning,mcts/tuning,2_towards_robot,2_towards_robot,,0,narrow_hallway/mcts/tuning/metrics_steps_2_towards_robot_0.csv,False,3.7,5.809280431537317
narrow_hallway,mcts/tuning,mcts/tuning,2_towards_robot,2_towards_robot,,0,narrow_hallway/mcts/tuning/metrics_steps_2_towards_robot_0.csv,False,3.8,5.597993792293887
narrow_hallway,mcts/tuning,mcts/tuning,2_towards_robot,2_towards_robot,,0,narrow_hallway/mcts/tuning/metrics_steps_2_towards_robot_0.csv,False,3.9,5.378553560558636
narrow_hallway,mcts/tuning,mcts/tuning,2_towards_robot,2_towards_robot,,0,narrow_hallway/mcts/tuning/metrics_steps_2_towards_robot_0.csv,False,4.0,5.154650168065444
narrow_hallway,mcts/tuning,mcts/tuning,2_towards_robot,2_towards_robot,,0,narrow_hallway/mcts/tuning/metrics_steps_2_towards_robot_0.csv,False,4.1,4.930516003967856
narrow_hallway,mcts/tuning,mcts/tuning,2_towards_robot,2_towards_robot,,0,narrow_hallway/mcts/tuning/metrics_steps_2_towards_robot_0.csv,False,4.2,4.707014495965563
narrow_hallway,mcts/tuning,mcts/tuning,2_towards_robot,2_towards_robot,,0,narrow_hallway/mcts/tuning/metrics_steps_2_towards_robot_0.csv,False,4.3,4.490676493258671
narrow_hallway,mcts/tuning,mcts/tuning,2_towards_robot,2_towards_robot,,0,narrow_hallway/mcts/tuning/metrics_steps_2_towards_robot_0.csv,False,4.4,4.2848069193218965
narrow_hallway,mcts/tuning,mcts/tuning,2_towards_robot,2_towards_robot,,0,narrow_hallway/mcts/tuning/metrics_steps_2_towards_robot_0.csv,False,4.5,4.0892787372375725
narrow_hallway,mcts/tuning,mcts/tuning,2_towards_robot,2_towards_robot,,0,narrow_hallway/mcts/tuning/metrics_steps_2_towards_robot_0.csv,False,4.6,3.903983686398044
narrow_hallway,mcts/tuning,mcts/tuning,2_towards_robot,2_towards_robot,,0,narrow_hallway/mcts/tuning/metrics_steps_2_towards_robot_0.csv,False,4.7,3.7288540030927626
narrow_hallway,mcts/tuning,mcts/tuning,2_towards_robot,2_towards_robot,,0,narrow_hallway/mcts/tuning/metrics_steps_2_towards_robot_0.csv,False,4.8,3.552971830978098
narrow_hallway,mcts/tuning,mcts/tuning,2_towards_robot,2_towards_robot,,0,narrow_hallway/mcts/tuning/metrics_steps_2_towards_robot_0.csv,False,4.9,3.368125413727202
narrow_hallway,mcts/tuning,mcts/tuning,2_towards_robot,2_towards_robot,,0,narrow_hallway/mcts/tuning/metrics_steps_2_towards_robot_0.csv,False,5.0,3.174640445557592
narrow_hallway,mcts/tuning,mcts/tuning,2_towards_robot,2_towards_robot,,0,narrow_hallway/mcts/tuning/metrics_steps_2_towards_robot_0.csv,False,5.1,2.9759609362407287
narrow_hallway,mcts/tuning,mcts/tuning,2_towards_robot,2_towards_robot,,0,narrow_hallway/mcts/tuning/metrics_steps_2_towards_robot_0.csv,False,5.2,2.7817878486942926
narrow_hallway,mcts/tuning,mcts/tuning,2_towards_robot,2_towards_robot,,0,narrow_hallway/mcts/tuning/metrics_steps_2_towards_robot_0.csv,False,5.3,2.5845942165378037
narrow_hallway,mcts/tuning,mcts/tuning,2_towards_robot,2_towards_robot,,0,narrow_hallway/mcts/tuning/metrics_steps_2_towards_robot_0.csv,False,5.4,2.378369315706353
narrow_hallway,mcts/tuning,mcts/tuning,2_towards_robot,2_towards_robot,,0,narrow_hallway/mcts/tuning/metrics_steps_2_towards_robot_0.csv,False,5.5,2.1649432526258674
narrow_hallway,mcts/tuning,mcts/tuning,2_towards_robot,2_towards_robot,,0,narrow_hallway/mcts/tuning/metrics_steps_2_towards_robot_0.csv,False,5.6,1.957762784077811
narrow_hallway,mcts/tuning,mcts/tuning,2_towards_robot,2_towards_robot,,0,narrow_hallway/mcts/tuning/metrics_steps_2_towards_robot_0.csv,False,5.7,1.7611306662949286
narrow_hallway,mcts/tuning,mcts/tuning,2_towards_robot,2_towards_robot,,0,narrow_hallway/mcts/tuning/metrics_steps_2_towards_robot_0.csv,False,5.8,1.5627475294070958
narrow_hallway,mcts/tuning,mcts/tuning,2_towards_robot,2_towards_robot,,0,narrow_hallway/mcts/tuning/metrics_steps_2_towards_robot_0.csv,False,5.9,1.3575583469653592
narrow_hallway,mcts/tuning,mcts/tuning,2_towards_robot,2_towards_robot,,0,narrow_hallway/mcts/tuning/metrics_steps_2_towards_robot_0.csv,False,6.0,1.154116581628154
narrow_hallway,mcts/tuning,mcts/tuning,2_towards_robot,2_towards_robot,,0,narrow_hallway/mcts/tuning/metrics_steps_2_towards_robot_0.csv,False,6.1,0.9622201450757296
narrow_hallway,mcts/tuning,mcts/tuning,2_towards_robot,2_towards_robot,,0,narrow_hallway/mcts/tuning/metrics_steps_2_towards_robot_0.csv,False,6.2,0.780728724866532
narrow_hallway,mcts/tuning,mcts/tuning,2_towards_robot,2_towards_robot,,0,narrow_hallway/mcts/tuning/metrics_steps_2_towards_robot_0.csv,False,6.3,0.6056421098476639
narrow_hallway,mcts/tuning,mcts/tuning,2_towards_robot,2_towards_robot,,0,narrow_hallway/mcts/tuning/metrics_steps_2_towards_robot_0.csv,False,6.4,0.4452589807119631
narrow_hallway,mcts/tuning,mcts/tuning,2_towards_robot,2_towards_robot,,0,narrow_hallway/mcts/tuning/metrics_steps_2_towards_robot_0.csv,False,6.5,0.318929282745316
narrow_hallway,mcts/tuning,mcts/tuning,2_towards_robot,2_towards_robot,,0,narrow_hallway/mcts/tuning/metrics_steps_2_towards_robot_0.csv,False,6.6,0.2466453963896966
narrow_hallway,mcts/tuning,mcts/tuning,2_towards_robot,2_towards_robot,,0,narrow_hallway/mcts/tuning/metrics_steps_2_towards_robot_0.csv,False,6.7,0.240444852499763
narrow_hallway,mcts/tuning,mcts/tuning,2_towards_robot,2_towards_robot,,0,narrow_hallway/mcts/tuning/metrics_steps_2_towards_robot_0.csv,False,6.8,0.2943543676340301
narrow_hallway,mcts/tuning,mcts/tuning,2_towards_robot,2_towards_robot,,0,narrow_hallway/mcts/tuning/metrics_steps_2_towards_robot_0.csv,False,6.9,0.383406031566913
narrow_hallway,mcts/tuning,mcts/tuning,2_towards_robot,2_towards_robot,,0,narrow_hallway/mcts/tuning/metrics_steps_2_towards_robot_0.csv,False,7.0,0.4872374459618698
narrow_hallway,mcts/tuning,mcts/tuning,2_towards_robot,2_towards_robot,,0,narrow_hallway/mcts/tuning/metrics_steps_2_towards_robot_0.csv,False,7.1,0.6009101753764161
narrow_hallway,mcts/tuning,mcts/tuning,2_towards_robot,2_towards_robot,,0,narrow_hallway/mcts/tuning/metrics_steps_2_towards_robot_0.csv,False,7.2,0.7272936984934069
narrow_hallway,mcts/tuning,mcts/tuning,2_towards_robot,2_towards_robot,,0,narrow_hallway/mcts/tuning/metrics_steps_2_towards_robot_0.csv,False,7.3,0.8646199884273835
narrow_hallway,mcts/tuning,mcts/tuning,2_towards_robot,2_towards_robot,,0,narrow_hallway/mcts/tuning/metrics_steps_2_towards_robot_0.csv,False,7.4,0.7104793561232436
narrow_hallway,mcts/tuning,mcts/tuning,2_towards_robot,2_towards_robot,,0,narrow_hallway/mcts/tuning/metrics_steps_2_towards_robot_0.csv,False,7.5,0.5316254264072846
narrow_hallway,mcts/tuning,mcts/tuning,2_towards_robot,2_towards_robot,,0,narrow_hallway/mcts/tuning/metrics_steps_2_towards_robot_0.csv,False,7.6,0.3824024639001209
narrow_hallway,mcts/tuning,mcts/tuning,2_towards_robot,2_towards_robot,,0,narrow_hallway/mcts/tuning/metrics_steps_2_towards_robot_0.csv,False,7.7,0.2740366122093232
narrow_hallway,mcts/tuning,mcts/tuning,2_towards_robot,2_towards_robot,,0,narrow_hallway/mcts/tuning/metrics_steps_2_towards_robot_0.csv,False,7.8,0.2127700865738941
narrow_hallway,mcts/tuning,mcts/tuning,2_towards_robot,2_towards_robot,,0,narrow_hallway/mcts/tuning/metrics_steps_2_towards_robot_0.csv,False,7.9,0.2061216084868954
narrow_hallway,mcts/tuning,mcts/tuning,2_towards_robot,2_towards_robot,,0,narrow_hallway/mcts/tuning/metrics_steps_2_towards_robot_0.csv,False,8.0,0.2525836177828422
narrow_hallway,mcts/tuning,mcts/tuning,2_towards_robot,2_towards_robot,,0,narrow_hallway/mcts/tuning/metrics_steps_2_towards_robot_0.csv,False,8.1,0.3328151849834175
narrow_hallway,mcts/tuning,mcts/tuning,2_towards_robot,2_towards_robot,,0,narrow_hallway/mcts/tuning/metrics_steps_2_towards_robot_0.csv,False,8.2,0.4320299119825894
narrow_hallway,mcts/tuning,mcts/tuning,2_towards_robot,2_towards_robot,,0,narrow_hallway/mcts/tuning/metrics_steps_2_towards_robot_0.csv,False,8.3,0.5468432756932828
narrow_hallway,mcts/tuning,mcts/tuning,2_towards_robot,2_towards_robot,,0,narrow_hallway/mcts/tuning/metrics_steps_2_towards_robot_0.csv,False,8.4,0.6773319074567177
narrow_hallway,mcts/tuning,mcts/tuning,2_towards_robot,2_towards_robot,,0,narrow_hallway/mcts/tuning/metrics_steps_2_towards_robot_0.csv,False,8.5,0.8212599307574713
narrow_hallway,mcts/tuning,mcts/tuning,2_towards_robot,2_towards_robot,,0,narrow_hallway/mcts/tuning/metrics_steps_2_towards_robot_0.csv,False,8.6,0.9739499619803136
narrow_hallway,mcts/tuning,mcts/tuning,2_towards_robot,2_towards_robot,,0,narrow_hallway/mcts/tuning/metrics_steps_2_towards_robot_0.csv,False,8.7,1.1327100303522708
narrow_hallway,mcts/tuning,mcts/tuning,2_towards_robot,2_towards_robot,,0,narrow_hallway/mcts/tuning/metrics_steps_2_towards_robot_0.csv,False,8.8,1.297832962913668
narrow_hallway,mcts/tuning,mcts/tuning,2_towards_robot,2_towards_robot,,0,narrow_hallway/mcts/tuning/metrics_steps_2_towards_robot_0.csv,False,8.9,1.4733201762354824
narrow_hallway,mcts/tuning,mcts/tuning,2_towards_robot,2_towards_robot,,0,narrow_hallway/mcts/tuning/metrics_steps_2_towards_robot_0.csv,False,9.0,1.659467759914091
narrow_hallway,mcts/tuning,mcts/tuning,2_towards_robot,2_towards_robot,,0,narrow_hallway/mcts/tuning/metrics_steps_2_towards_robot_0.csv,False,9.1,1.851421287505596
narrow_hallway,mcts/tuning,mcts/tuning,2_towards_robot,2_towards_robot,,0,narrow_hallway/mcts/tuning/metrics_steps_2_towards_robot_0.csv,False,9.2,2.047779675981214
narrow_hallway,mcts/tuning,mcts/tuning,2_towards_robot,2_towards_robot,,0,narrow_hallway/mcts/tuning/metrics_steps_2_towards_robot_0.csv,False,9.3,2.243468511064957
narrow_hallway,mcts/tuning,mcts/tuning,2_towards_robot,2_towards_robot,,0,narrow_hallway/mcts/tuning/metrics_steps_2_towards_robot_0.csv,False,9.4,2.4403234072556867
narrow_hallway,mcts/tuning,mcts/tuning,2_towards_robot,2_towards_robot,,0,narrow_hallway/mcts/tuning/metrics_steps_2_towards_robot_0.csv,False,9.5,2.6434386379838606
narrow_hallway,mcts/tuning,mcts/tuning,2_towards_robot,2_towards_robot,,0,narrow_hallway/mcts/tuning/metrics_steps_2_towards_robot_0.csv,False,9.6,2.8545092827240763
narrow_hallway,mcts/tuning,mcts/tuning,2_towards_robot,2_towards_robot,,0,narrow_hallway/mcts/tuning/metrics_steps_2_towards_robot_0.csv,False,9.7,3.069258778589112
narrow_hallway,mcts/tuning,mcts/tuning,2_towards_robot,2_towards_robot,,0,narrow_hallway/mcts/tuning/metrics_steps_2_towards_robot_0.csv,False,9.8,3.286928955529371
narrow_hallway,mcts/tuning,mcts/tuning,2_towards_robot,2_towards_robot,,0,narrow_hallway/mcts/tuning/metrics_steps_2_towards_robot_0.csv,False,9.9,3.507049611222026
narrow_hallway,mcts/tuning,mcts/tuning,2_towards_robot,2_towards_robot,,0,narrow_hallway/mcts/tuning/metrics_steps_2_towards_robot_0.csv,False,10.0,3.728555820350469
narrow_hallway,mcts/tuning,mcts/tuning,2_towards_robot,2_towards_robot,,0,narrow_hallway/mcts/tuning/metrics_steps_2_towards_robot_0.csv,False,10.1,3.951093337347836
narrow_hallway,mcts/tuning,mcts/tuning,2_towards_robot,2_towards_robot,,0,narrow_hallway/mcts/tuning/metrics_steps_2_towards_robot_0.csv,False,10.2,4.174699849424993
narrow_hallway,mcts/tuning,mcts/tuning,2_towards_robot,2_towards_robot,,0,narrow_hallway/mcts/tuning/metrics_steps_2_towards_robot_0.csv,False,10.3,4.398288036804386
narrow_hallway,mcts/tuning,mcts/tuning,2_towards_robot,2_towards_robot,,0,narrow_hallway/mcts/tuning/metrics_steps_2_towards_robot_0.csv,False,10.4,4.617971163469782
narrow_hallway,mcts/tuning,mcts/tuning,2_towards_robot,2_towards_robot,,0,narrow_hallway/mcts/tuning/metrics_steps_2_towards_robot_0.csv,False,10.5,4.837232379847355
narrow_hallway,mcts/tuning,mcts/tuning,2_towards_robot,2_towards_robot,,0,narrow_hallway/mcts/tuning/metrics_steps_2_towards_robot_0.csv,False,10.6,5.053341906025128
narrow_hallway,mcts/tuning,mcts/tuning,2_towards_robot,2_towards_robot,,0,narrow_hallway/mcts/tuning/metrics_steps_2_towards_robot_0.csv,False,10.7,5.267523763268563
narrow_hallway,mcts/tuning,mcts/tuning,2_towards_robot,2_towards_robot,,0,narrow_hallway/mcts/tuning/metrics_steps_2_towards_robot_0.csv,False,10.8,5.478116170875647
narrow_hallway,mcts/tuning,mcts/tuning,2_towards_robot,2_towards_robot,,0,narrow_hallway/mcts/tuning/metrics_steps_2_towards_robot_0.csv,False,10.9,5.686898081787569
narrow_hallway,mcts/tuning,mcts/tuning,2_towards_robot,2_towards_robot,,0,narrow_hallway/mcts/tuning/metrics_steps_2_towards_robot_0.csv,False,11.0,5.889295016898218
narrow_hallway,mcts/tuning,mcts/tuning,2_towards_robot,2_towards_robot,,0,narrow_hallway/mcts/tuning/metrics_steps_2_towards_robot_0.csv,False,11.1,6.074773393922194
narrow_hallway,mcts/tuning,mcts/tuning,2_towards_robot,2_towards_robot,,0,narrow_hallway/mcts/tuning/metrics_steps_2_towards_robot_0.csv,False,11.2,6.2609768333953255
narrow_hallway,mcts/tuning,mcts/tuning,2_towards_robot,2_towards_robot,,0,narrow_hallway/mcts/tuning/metrics_steps_2_towards_robot_0.csv,False,11.3,6.449537533276705
narrow_hallway,mcts/tuning,mcts/tuning,2_towards_robot,2_towards_robot,,0,narrow_hallway/mcts/tuning/metrics_steps_2_towards_robot_0.csv,False,11.4,6.655137875381004
narrow_hallway,mcts/tuning,mcts/tuning,2_towards_robot,2_towards_robot,,0,narrow_hallway/mcts/tuning/metrics_steps_2_towards_robot_0.csv,False,11.5,6.845171321924235
narrow_hallway,mcts/tuning,mcts/tuning,2_towards_robot,2_towards_robot,,0,narrow_hallway/mcts/tuning/metrics_steps_2_towards_robot_0.csv,False,11.6,7.037493470508426
narrow_hallway,mcts/tuning,mcts/tuning,2_towards_robot,2_towards_robot,,0,narrow_hallway/mcts/tuning/metrics_steps_2_towards_robot_0.csv,False,11.7,7.2270066444367025
narrow_hallway,mcts/tuning,mcts/tuning,2_towards_robot,2_towards_robot,,0,narrow_hallway/mcts/tuning/metrics_steps_2_towards_robot_0.csv,False,11.8,7.42042776295898
narrow_hallway,mcts/tuning,mcts/tuning,2_towards_robot,2_towards_robot,,0,narrow_hallway/mcts/tuning/metrics_steps_2_towards_robot_0.csv,False,11.9,7.626121952927454
narrow_hallway,mcts/tuning,mcts/tuning,2_towards_robot,2_towards_robot,,0,narrow_hallway/mcts/tuning/metrics_steps_2_towards_robot_0.csv,False,12.0,7.818784981911001
narrow_hallway,mcts/tuning,mcts/tuning,2_towards_robot,2_towards_robot,,0,narrow_hallway/mcts/tuning/metrics_steps_2_towards_robot_0.csv,False,12.1,7.996292071943927
narrow_hallway,mcts/tuning,mcts/tuning,2_towards_robot,2_towards_robot,,0,narrow_hallway/mcts/tuning/metrics_steps_2_towards_robot_0.csv,False,12.19,8.169386161948921
narrow_hallway,mcts/tuning,mcts/tuning,2_towards_robot,2_towards_robot,,0,narrow_hallway/mcts/tuning/metrics_steps_2_towards_robot_0.csv,False,12.29,8.348027900905613
narrow_hallway,mcts/tuning,mcts/tuning,2_towards_robot,2_towards_robot,,0,narrow_hallway/mcts/tuning/metrics_steps_2_towards_robot_0.csv,False,12.39,8.525692981327389
narrow_hallway,mcts/tuning,mcts/tuning,2_towards_robot,2_towards_robot,,0,narrow_hallway/mcts/tuning/metrics_steps_2_towards_robot_0.csv,False,12.49,8.704049244835565
narrow_hallway,mcts/tuning,mcts/tuning,2_towards_robot,2_towards_robot,,0,narrow_hallway/mcts/tuning/metrics_steps_2_towards_robot_0.csv,False,12.59,8.885166500610119
narrow_hallway,mcts/tuning,mcts/tuning,2_towards_robot,2_towards_robot,,0,narrow_hallway/mcts/tuning/metrics_steps_2_towards_robot_0.csv,False,12.69,9.06781391413878
narrow_hallway,mcts/tuning,mcts/tuning,2_towards_robot,2_towards_robot,,0,narrow_hallway/mcts/tuning/metrics_steps_2_towards_robot_0.csv,False,12.79,9.250607476093917
narrow_hallway,mcts/tuning,mcts/tuning,2_towards_robot,2_towards_robot,,0,narrow_hallway/mcts/tuning/metrics_steps_2_towards_robot_0.csv,False,12.89,9.431153211470557
narrow_hallway,mcts/tuning,mcts/tuning,2_towards_robot,2_towards_robot,,0,narrow_hallway/mcts/tuning/metrics_steps_2_towards_robot_0.csv,False,12.99,9.611739244065026
narrow_hallway,mcts/tuning,mcts/tuning,2_towards_robot,2_towards_robot,,0,narrow_hallway/mcts/tuning/metrics_steps_2_towards_robot_0.csv,False,13.09,9.794795727502676
narrow_hallway,mcts/tuning,mcts/tuning,2_towards_robot,2_towards_robot,,0,narrow_hallway/mcts/tuning/metrics_steps_2_towards_robot_0.csv,False,13.19,9.978209580563345
narrow_hallway,mcts/tuning,mcts/tuning,2_towards_robot,2_towards_robot,,0,narrow_hallway/mcts/tuning/metrics_steps_2_towards_robot_0.csv,False,13.29,10.107977925307289
narrow_hallway,mcts/tuning,mcts/tuning,2_towards_robot,2_towards_robot,,0,narrow_hallway/mcts/tuning/metrics_steps_2_towards_robot_0.csv,False,13.39,10.1895365872856
narrow_hallway,mcts/tuning,mcts/tuning,2_towards_robot,2_towards_robot,,0,narrow_hallway/mcts/tuning/metrics_steps_2_towards_robot_0.csv,False,13.49,10.26569812837898
narrow_hallway,mcts/tuning,mcts/tuning,2_towards_robot,2_towards_robot,,0,narrow_hallway/mcts/tuning/metrics_steps_2_towards_robot_0.csv,False,13.59,10.339986391633822
narrow_hallway,mcts/tuning,mcts/tuning,2_towards_robot,2_towards_robot,,0,narrow_hallway/mcts/tuning/metrics_steps_2_towards_robot_0.csv,False,13.69,10.414624731543826
narrow_hallway,mcts/tuning,mcts/tuning,2_towards_robot,2_towards_robot,,0,narrow_hallway/mcts/tuning/metrics_steps_2_towards_robot_0.csv,False,13.79,10.485749051227478
narrow_hallway,mcts/tuning,mcts/tuning,2_towards_robot,2_towards_robot,,0,narrow_hallway/mcts/tuning/metrics_steps_2_towards_robot_0.csv,False,13.89,10.554928878681634
narrow_hallway,mcts/tuning,mcts/tuning,2_towards_robot,2_towards_robot,,0,narrow_hallway/mcts/tuning/metrics_steps_2_towards_robot_0.csv,False,13.99,10.631006614291335
narrow_hallway,mcts/tuning,mcts/tuning,2_towards_robot,2_towards_robot,,0,narrow_hallway/mcts/tuning/metrics_steps_2_towards_robot_0.csv,False,14.09,10.717291038143202
narrow_hallway,mcts/tuning,mcts/tuning,2_towards_robot,2_towards_robot,,0,narrow_hallway/mcts/tuning/metrics_steps_2_towards_robot_0.csv,False,14.19,10.806918971803038
narrow_hallway,mcts/tuning,mcts/tuning,2_towards_robot,2_towards_robot,,0,narrow_hallway/mcts/tuning/metrics_steps_2_towards_robot_0.csv,False,14.29,10.897332398436095
narrow_hallway,mcts/tuning,mcts/tuning,2_towards_robot,2_towards_robot,,0,narrow_hallway/mcts/tuning/metrics_steps_2_towards_robot_0.csv,False,14.39,10.987633841129163
narrow_hallway,mcts/tuning,mcts/tuning,2_towards_robot,2_towards_robot,,0,narrow_hallway/mcts/tuning/metrics_steps_2_towards_robot_0.csv,False,14.49,11.079272242696652
narrow_hallway,mcts/tuning,mcts/tuning,2_towards_robot,2_towards_robot,,0,narrow_hallway/mcts/tuning/metrics_steps_2_towards_robot_0.csv,False,14.59,11.172026299524088
narrow_hallway,mcts/tuning,mcts/tuning,2_towards_robot,2_towards_robot,,0,narrow_hallway/mcts/tuning/metrics_steps_2_towards_robot_0.csv,False,14.69,11.264513388960108
narrow_hallway,mcts/tuning,mcts/tuning,2_towards_robot,2_towards_robot,,0,narrow_hallway/mcts/tuning/metrics_steps_2_towards_robot_0.csv,False,14.79,11.356984852989504
narrow_hallway,mcts/tuning,mcts/tuning,2_towards_robot,2_towards_robot,,0,narrow_hallway/mcts/tuning/metrics_steps_2_towards_robot_0.csv,False,14.89,11.45040408191446
narrow_hallway,mcts/tuning,mcts/tuning,2_towards_robot,2_towards_robot,,0,narrow_hallway/mcts/tuning/metrics_steps_2_towards_robot_0.csv,False,14.99,11.544997122718572
narrow_hallway,mcts/tuning,mcts/tuning,2_towards_robot,2_towards_robot,,0,narrow_hallway/mcts/tuning/metrics_steps_2_towards_robot_0.csv,False,15.09,11.63971171093923
narrow_hallway,mcts/tuning,mcts/tuning,2_towards_robot,2_towards_robot,,0,narrow_hallway/mcts/tuning/metrics_steps_2_towards_robot_0.csv,False,15.19,11.734210844414894
narrow_hallway,mcts/tuning,mcts/tuning,2_towards_robot,2_towards_robot,,0,narrow_hallway/mcts/tuning/metrics_steps_2_towards_robot_0.csv,False,15.29,11.822088290545654
narrow_hallway,mcts/tuning,mcts/tuning,2_towards_robot,2_towards_robot,,0,narrow_hallway/mcts/tuning/metrics_steps_2_towards_robot_0.csv,False,15.39,11.90030089433198
narrow_hallway,mcts/tuning,mcts/tuning,2_towards_robot,2_towards_robot,,0,narrow_hallway/mcts/tuning/metrics_steps_2_towards_robot_0.csv,False,15.49,11.98227279819973
narrow_hallway,mcts/tuning,mcts/tuning,2_towards_robot,2_towards_robot,,0,narrow_hallway/mcts/tuning/metrics_steps_2_towards_robot_0.csv,False,15.59,12.072909840909452
narrow_hallway,mcts/tuning,mcts/tuning,2_towards_robot,2_towards_robot,,0,narrow_hallway/mcts/tuning/metrics_steps_2_towards_robot_0.csv,False,15.69,12.164640386890778
narrow_hallway,mcts/tuning,mcts/tuning,2_towards_robot,2_towards_robot,,0,narrow_hallway/mcts/tuning/metrics_steps_2_towards_robot_0.csv,False,15.79,12.257128294506028
narrow_hallway,mcts/tuning,mcts/tuning,2_towards_robot,2_towards_robot,,0,narrow_hallway/mcts/tuning/metrics_steps_2_towards_robot_0.csv,False,15.89,12.351866259363034
narrow_hallway,mcts/tuning,mcts/tuning,2_towards_robot,2_towards_robot,,0,narrow_hallway/mcts/tuning/metrics_steps_2_towards_robot_0.csv,False,15.99,12.447796315791196
narrow_hallway,mcts/tuning,mcts/tuning,2_towards_robot,2_towards_robot,,0,narrow_hallway/mcts/tuning/metrics_steps_2_towards_robot_0.csv,False,16.09,12.544113108115084
narrow_hallway,mcts/tuning,mcts/tuning,2_towards_robot,2_towards_robot,,0,narrow_hallway/mcts/tuning/metrics_steps_2_towards_robot_0.csv,False,16.19,12.638718382169335
narrow_hallway,mcts/tuning,mcts/tuning,2_towards_robot,2_towards_robot,,0,narrow_hallway/mcts/tuning/metrics_steps_2_towards_robot_0.csv,False,16.29,12.727879218362563
narrow_hallway,mcts/tuning,mcts/tuning,2_towards_robot,2_towards_robot,,0,narrow_hallway/mcts/tuning/metrics_steps_2_towards_robot_0.csv,False,16.39,12.812352673065991
narrow_hallway,mcts/tuning,mcts/tuning,2_towards_robot,2_towards_robot,,0,narrow_hallway/mcts/tuning/metrics_steps_2_towards_robot_0.csv,False,16.49,12.903586059570516
narrow_hallway,mcts/tuning,mcts/tuning,2_towards_robot,2_towards_robot,,0,narrow_hallway/mcts/tuning/metrics_steps_2_towards_robot_0.csv,False,16.59,12.998919064440148
narrow_hallway,mcts/tuning,mcts/tuning,2_towards_robot,2_towards_robot,,0,narrow_hallway/mcts/tuning/metrics_steps_2_towards_robot_0.csv,False,16.69,13.093354489534883
narrow_hallway,mcts/tuning,mcts/tuning,2_towards_robot,2_towards_robot,,0,narrow_hallway/mcts/tuning/metrics_steps_2_towards_robot_0.csv,False,16.79,13.188311967819365
narrow_hallway,mcts/tuning,mcts/tuning,2_towards_robot,2_towards_robot,,0,narrow_hallway/mcts/tuning/metrics_steps_2_towards_robot_0.csv,False,16.89,13.283318874709623
narrow_hallway,mcts/tuning,mcts/tuning,2_towards_robot,2_towards_robot,,0,narrow_hallway/mcts/tuning/metrics_steps_2_towards_robot_0.csv,False,16.99,13.378678802141508
narrow_hallway,mcts/tuning,mcts/tuning,2_towards_robot,2_towards_robot,,0,narrow_hallway/mcts/tuning/metrics_steps_2_towards_robot_0.csv,False,17.09,13.466786090234152
narrow_hallway,mcts/tuning,mcts/tuning,2_towards_robot,2_towards_robot,,0,narrow_hallway/mcts/tuning/metrics_steps_2_towards_robot_0.csv,False,17.19,13.544830284506933
narrow_hallway,mcts/tuning,mcts/tuning,2_towards_robot,2_towards_robot,,0,narrow_hallway/mcts/tuning/metrics_steps_2_towards_robot_0.csv,False,17.29,13.621968662010405
narrow_hallway,mcts/tuning,mcts/tuning,2_towards_robot,2_towards_robot,,0,narrow_hallway/mcts/tuning/metrics_steps_2_towards_robot_0.csv,False,17.39,13.70316974308653
narrow_hallway,mcts/tuning,mcts/tuning,2_towards_robot,2_towards_robot,,0,narrow_hallway/mcts/tuning/metrics_steps_2_towards_robot_0.csv,False,17.49,13.788948678357656
narrow_hallway,mcts/tuning,mcts/tuning,2_towards_robot,2_towards_robot,,0,narrow_hallway/mcts/tuning/metrics_steps_2_towards_robot_0.csv,False,17.59,13.879196631025325
narrow_hallway,mcts/tuning,mcts/tuning,2_towards_robot,2_towards_robot,,0,narrow_hallway/mcts/tuning/metrics_steps_2_towards_robot_0.csv,False,17.69,13.971562329042644
narrow_hallway,mcts/tuning,mcts/tuning,2_towards_robot,2_towards_robot,,0,narrow_hallway/mcts/tuning/metrics_steps_2_towards_robot_0.csv,False,17.79,14.064165592533278
narrow_hallway,mcts/tuning,mcts/tuning,2_towards_robot,2_towards_robot,,0,narrow_hallway/mcts/tuning/metrics_steps_2_towards_robot_0.csv,False,17.89,14.15620405516847
narrow_hallway,mcts/tuning,mcts/tuning,2_towards_robot,2_towards_robot,,0,narrow_hallway/mcts/tuning/metrics_steps_2_towards_robot_0.csv,False,17.99,14.247563322265162
narrow_hallway,mcts/tuning,mcts/tuning,2_towards_robot,2_towards_robot,,0,narrow_hallway/mcts/tuning/metrics_steps_2_towards_robot_0.csv,False,18.09,14.339422031430097
narrow_hallway,mcts/tuning,mcts/tuning,2_towards_robot,2_towards_robot,,0,narrow_hallway/mcts/tuning/metrics_steps_2_towards_robot_0.csv,False,18.19,14.431589423319329
narrow_hallway,mcts/tuning,mcts/tuning,2_towards_robot,2_towards_robot,,0,narrow_hallway/mcts/tuning/metrics_steps_2_towards_robot_0.csv,False,18.29,14.519941458812104
narrow_hallway,mcts/tuning,mcts/tuning,2_towards_robot,2_towards_robot,,0,narrow_hallway/mcts/tuning/metrics_steps_2_towards_robot_0.csv,False,18.39,14.610149264502594
narrow_hallway,mcts/tuning,mcts/tuning,2_towards_robot,2_towards_robot,,0,narrow_hallway/mcts/tuning/metrics_steps_2_towards_robot_0.csv,False,18.49,14.691913839389512
narrow_hallway,mcts/tuning,mcts/tuning,2_towards_robot,2_towards_robot,,0,narrow_hallway/mcts/tuning/metrics_steps_2_towards_robot_0.csv,False,18.59,14.764234862650406
narrow_hallway,nav2,nav2,1_ahead_robot,1_ahead_robot,,0,narrow_hallway/nav2/metrics_steps_nav2_1_ahead_robot_0.csv,False,0.0,2.2504000558195445
narrow_hallway,nav2,nav2,1_ahead_robot,1_ahead_robot,,0,narrow_hallway/nav2/metrics_steps_nav2_1_ahead_robot_0.csv,False,0.1,2.267784125933831
narrow_hallway,nav2,nav2,1_ahead_robot,1_ahead_robot,,0,narrow_hallway/nav2/metrics_steps_nav2_1_ahead_robot_0.csv,False,0.2,2.301058668920339
narrow_hallway,nav2,nav2,1_ahead_robot,1_ahead_robot,,0,narrow_hallway/nav2/metrics_steps_nav2_1_ahead_robot_0.csv,False,0.3,2.341545870385224
narrow_hallway,nav2,nav2,1_ahead_robot,1_ahead_robot,,0,narrow_hallway/nav2/metrics_steps_nav2_1_ahead_robot_0.csv,False,0.4,2.383477716946945
narrow_hallway,nav2,nav2,1_ahead_robot,1_ahead_robot,,0,narrow_hallway/nav2/metrics_steps_nav2_1_ahead_robot_0.csv,False,0.5,2.423019573885129
narrow_hallway,nav2,nav2,1_ahead_robot,1_ahead_robot,,0,narrow_hallway/nav2/metrics_steps_nav2_1_ahead_robot_0.csv,False,0.6,2.4576150925627727
narrow_hallway,nav2,nav2,1_ahead_robot,1_ahead_robot,,0,narrow_hallway/nav2/metrics_steps_nav2_1_ahead_robot_0.csv,False,0.7,2.4860048191820527
narrow_hallway,nav2,nav2,1_ahead_robot,1_ahead_robot,,0,narrow_hallway/nav2/metrics_steps_nav2_1_ahead_robot_0.csv,False,0.8,2.51076463587236
narrow_hallway,nav2,nav2,1_ahead_robot,1_ahead_robot,,0,narrow_hallway/nav2/metrics_steps_nav2_1_ahead_robot_0.csv,False,0.9,2.530797580196926
narrow_hallway,nav2,nav2,1_ahead_robot,1_ahead_robot,,0,narrow_hallway/nav2/metrics_steps_nav2_1_ahead_robot_0.csv,False,1.0,2.5517822718253798
narrow_hallway,nav2,nav2,1_ahead_robot,1_ahead_robot,,0,narrow_hallway/nav2/metrics_steps_nav2_1_ahead_robot_0.csv,False,1.1,2.57261002985262
narrow_hallway,nav2,nav2,1_ahead_robot,1_ahead_robot,,0,narrow_hallway/nav2/metrics_steps_nav2_1_ahead_robot_0.csv,False,1.2,2.594569973741564
narrow_hallway,nav2,nav2,1_ahead_robot,1_ahead_robot,,0,narrow_hallway/nav2/metrics_steps_nav2_1_ahead_robot_0.csv,False,1.3,2.620224280398728
narrow_hallway,nav2,nav2,1_ahead_robot,1_ahead_robot,,0,narrow_hallway/nav2/metrics_steps_nav2_1_ahead_robot_0.csv,False,1.4,2.655126083642084
narrow_hallway,nav2,nav2,1_ahead_robot,1_ahead_robot,,0,narrow_hallway/nav2/metrics_steps_nav2_1_ahead_robot_0.csv,False,1.5,2.6945366057764724
narrow_hallway,nav2,nav2,1_ahead_robot,1_ahead_robot,,0,narrow_hallway/nav2/metrics_steps_nav2_1_ahead_robot_0.csv,False,1.6,2.7293546753442466
narrow_hallway,nav2,nav2,1_ahead_robot,1_ahead_robot,,0,narrow_hallway/nav2/metrics_steps_nav2_1_ahead_robot_0.csv,False,1.7,2.767404443903176
narrow_hallway,nav2,nav2,1_ahead_robot,1_ahead_robot,,0,narrow_hallway/nav2/metrics_steps_nav2_1_ahead_robot_0.csv,False,1.8,2.806047040373595
narrow_hallway,nav2,nav2,1_ahead_robot,1_ahead_robot,,0,narrow_hallway/nav2/metrics_steps_nav2_1_ahead_robot_0.csv,False,1.9,2.845001453763012
narrow_hallway,nav2,nav2,1_ahead_robot,1_ahead_robot,,0,narrow_hallway/nav2/metrics_steps_nav2_1_ahead_robot_0.csv,False,2.0,2.884107549197256
narrow_hallway,nav2,nav2,1_ahead_robot,1_ahead_robot,,0,narrow_hallway/nav2/metrics_steps_nav2_1_ahead_robot_0.csv,False,2.1,2.9251171508052254
narrow_hallway,nav2,nav2,1_ahead_robot,1_ahead_robot,,0,narrow_hallway/nav2/metrics_steps_nav2_1_ahead_robot_0.csv,False,2.2,2.960586696821858
narrow_hallway,nav2,nav2,1_ahead_robot,1_ahead_robot,,0,narrow_hallway/nav2/metrics_steps_nav2_1_ahead_robot_0.csv,False,2.3,2.9986287343230056
narrow_hallway,nav2,nav2,1_ahead_robot,1_ahead_robot,,0,narrow_hallway/nav2/metrics_steps_nav2_1_ahead_robot_0.csv,False,2.4,3.036689507709462
narrow_hallway,nav2,nav2,1_ahead_robot,1_ahead_robot,,0,narrow_hallway/nav2/metrics_steps_nav2_1_ahead_robot_0.csv,False,2.5,3.0738607019203963
narrow_hallway,nav2,nav2,1_ahead_robot,1_ahead_robot,,0,narrow_hallway/nav2/metrics_steps_nav2_1_ahead_robot_0.csv,False,2.6,3.113115130943238
narrow_hallway,nav2,nav2,1_ahead_robot,1_ahead_robot,,0,narrow_hallway/nav2/metrics_steps_nav2_1_ahead_robot_0.csv,False,2.7,3.153983611319876
narrow_hallway,nav2,nav2,1_ahead_robot,1_ahead_robot,,0,narrow_hallway/nav2/metrics_steps_nav2_1_ahead_robot_0.csv,False,2.8,3.1938283383481894
narrow_hallway,nav2,nav2,1_ahead_robot,1_ahead_robot,,0,narrow_hallway/nav2/metrics_steps_nav2_1_ahead_robot_0.csv,False,2.9,3.233251522423057
narrow_hallway,nav2,nav2,1_ahead_robot,1_ahead_robot,,0,narrow_hallway/nav2/metrics_steps_nav2_1_ahead_robot_0.csv,False,3.0,3.2719110777721943
narrow_hallway,nav2,nav2,1_ahead_robot,1_ahead_robot,,0,narrow_hallway/nav2/metrics_steps_nav2_1_ahead_robot_0.csv,False,3.1,3.308208039439447
narrow_hallway,nav2,nav2,1_ahead_robot,1_ahead_robot,,0,narrow_hallway/nav2/metrics_steps_nav2_1_ahead_robot_0.csv,False,3.2,3.3446427200538453
narrow_hallway,nav2,nav2,1_ahead_robot,1_ahead_robot,,0,narrow_hallway/nav2/metrics_steps_nav2_1_ahead_robot_0.csv,False,3.3,3.3821734723026298
narrow_hallway,nav2,nav2,1_ahead_robot,1_ahead_robot,,0,narrow_hallway/nav2/metrics_steps_nav2_1_ahead_robot_0.csv,False,3.4,3.4248022974667816
narrow_hallway,nav2,nav2,1_ahead_robot,1_ahead_robot,,0,narrow_hallway/nav2/metrics_steps_nav2_1_ahead_robot_0.csv,False,3.5,3.4664222122836077
narrow_hallway,nav2,nav2,1_ahead_robot,1_ahead_robot,,0,narrow_hallway/nav2/metrics_steps_nav2_1_ahead_robot_0.csv,False,3.6,3.50366369805212
narrow_hallway,nav2,nav2,1_ahead_robot,1_ahead_robot,,0,narrow_hallway/nav2/metrics_steps_nav2_1_ahead_robot_0.csv,False,3.7,3.545567521163875
narrow_hallway,nav2,nav2,1_ahead_robot,1_ahead_robot,,0,narrow_hallway/nav2/metrics_steps_nav2_1_ahead_robot_0.csv,False,3.8,3.587012246872759
narrow_hallway,nav2,nav2,1_ahead_robot,1_ahead_robot,,0,narrow_hallway/nav2/metrics_steps_nav2_1_ahead_robot_0.csv,False,3.9,3.6237267081113895
narrow_hallway,nav2,nav2,1_ahead_robot,1_ahead_robot,,0,narrow_hallway/nav2/metrics_steps_nav2_1_ahead_robot_0.csv,False,4.0,3.661650974102784
narrow_hallway,nav2,nav2,1_ahead_robot,1_ahead_robot,,0,narrow_hallway/nav2/metrics_steps_nav2_1_ahead_robot_0.csv,False,4.1,3.7025529681959393
narrow_hallway,nav2,nav2,1_ahead_robot,1_ahead_robot,,0,narrow_hallway/nav2/metrics_steps_nav2_1_ahead_robot_0.csv,False,4.2,3.739412664014594
narrow_hallway,nav2,nav2,1_ahead_robot,1_ahead_robot,,0,narrow_hallway/nav2/metrics_steps_nav2_1_ahead_robot_0.csv,False,4.3,3.7716828294240017
narrow_hallway,nav2,nav2,1_ahead_robot,1_ahead_robot,,0,narrow_hallway/nav2/metrics_steps_nav2_1_ahead_robot_0.csv,False,4.4,3.806318743768904
narrow_hallway,nav2,nav2,1_ahead_robot,1_ahead_robot,,0,narrow_hallway/nav2/metrics_steps_nav2_1_ahead_robot_0.csv,False,4.5,3.8424236372754006
narrow_hallway,nav2,nav2,1_ahead_robot,1_ahead_robot,,0,narrow_hallway/nav2/metrics_steps_nav2_1_ahead_robot_0.csv,False,4.6,3.8795657675425774
narrow_hallway,nav2,nav2,1_ahead_robot,1_ahead_robot,,0,narrow_hallway/nav2/metrics_steps_nav2_1_ahead_robot_0.csv,False,4.7,3.919281706416795
narrow_hallway,nav2,nav2,1_ahead_robot,1_ahead_robot,,0,narrow_hallway/nav2/metrics_steps_nav2_1_ahead_robot_0.csv,False,4.8,3.962611850193478
narrow_hallway,nav2,nav2,1_ahead_robot,1_ahead_robot,,0,narrow_hallway/nav2/metrics_steps_nav2_1_ahead_robot_0.csv,False,4.9,4.003798252174708
narrow_hallway,nav2,nav2,1_ahead_robot,1_ahead_robot,,0,narrow_hallway/nav2/metrics_steps_nav2_1_ahead_robot_0.csv,False,5.0,4.041974564753055
narrow_hallway,nav2,nav2,1_ahead_robot,1_ahead_robot,,0,narrow_hallway/nav2/metrics_steps_nav2_1_ahead_robot_0.csv,False,5.1,4.082142851620276
narrow_hallway,nav2,nav2,1_ahead_robot,1_ahead_robot,,0,narrow_hallway/nav2/metrics_steps_nav2_1_ahead_robot_0.csv,False,5.2,4.121095362159519
narrow_hallway,nav2,nav2,1_ahead_robot,1_ahead_robot,,0,narrow_hallway/nav2/metrics_steps_nav2_1_ahead_robot_0.csv,False,5.3,4.161563151368165
narrow_hallway,nav2,nav2,1_ahead_robot,1_ahead_robot,,0,narrow_hallway/nav2/metrics_steps_nav2_1_ahead_robot_0.csv,False,5.4,4.201106601399477
narrow_hallway,nav2,nav2,1_ahead_robot,1_ahead_robot,,0,narrow_hallway/nav2/metrics_steps_nav2_1_ahead_robot_0.csv,False,5.5,4.243120296389206
narrow_hallway,nav2,nav2,1_ahead_robot,1_ahead_robot,,0,narrow_hallway/nav2/metrics_steps_nav2_1_ahead_robot_0.csv,False,5.6,4.2794496513189575
narrow_hallway,nav2,nav2,1_ahead_robot,1_ahead_robot,,0,narrow_hallway/nav2/metrics_steps_nav2_1_ahead_robot_0.csv,False,5.7,4.314576950149268
narrow_hallway,nav2,nav2,1_ahead_robot,1_ahead_robot,,0,narrow_hallway/nav2/metrics_steps_nav2_1_ahead_robot_0.csv,False,5.8,4.351447274479325
narrow_hallway,nav2,nav2,1_ahead_robot,1_ahead_robot,,0,narrow_hallway/nav2/metrics_steps_nav2_1_ahead_robot_0.csv,False,5.9,4.384054873949466
narrow_hallway,nav2,nav2,1_ahead_robot,1_ahead_robot,,0,narrow_hallway/nav2/metrics_steps_nav2_1_ahead_robot_0.csv,False,6.0,4.418738296616276
narrow_hallway,nav2,nav2,1_ahead_robot,1_ahead_robot,,0,narrow_hallway/nav2/metrics_steps_nav2_1_ahead_robot_0.csv,False,6.1,4.458320172878463
narrow_hallway,nav2,nav2,1_ahead_robot,1_ahead_robot,,0,narrow_hallway/nav2/metrics_steps_nav2_1_ahead_robot_0.csv,False,6.2,4.494253398893482
narrow_hallway,nav2,nav2,1_ahead_robot,1_ahead_robot,,0,narrow_hallway/nav2/metrics_steps_nav2_1_ahead_robot_0.csv,False,6.3,4.528827962566447
narrow_hallway,nav2,nav2,1_ahead_robot,1_ahead_robot,,0,narrow_hallway/nav2/metrics_steps_nav2_1_ahead_robot_0.csv,False,6.4,4.563659906814411
narrow_hallway,nav2,nav2,1_ahead_robot,1_ahead_robot,,0,narrow_hallway/nav2/metrics_steps_nav2_1_ahead_robot_0.csv,False,6.5,4.599863470789746
narrow_hallway,nav2,nav2,1_ahead_robot,1_ahead_robot,,0,narrow_hallway/nav2/metrics_steps_nav2_1_ahead_robot_0.csv,False,6.6,4.637011759391298
narrow_hallway,nav2,nav2,1_ahead_robot,1_ahead_robot,,0,narrow_hallway/nav2/metrics_steps_nav2_1_ahead_robot_0.csv,False,6.7,4.674788773595538
narrow_hallway,nav2,nav2,1_ahead_robot,1_ahead_robot,,0,narrow_hallway/nav2/metrics_steps_nav2_1_ahead_robot_0.csv,False,6.8,4.711299842637431
narrow_hallway,nav2,nav2,1_ahead_robot,1_ahead_robot,,0,narrow_hallway/nav2/metrics_steps_nav2_1_ahead_robot_0.csv,False,6.9,4.746563087205478
narrow_hallway,nav2,nav2,1_ahead_robot,1_ahead_robot,,0,narrow_hallway/nav2/metrics_steps_nav2_1_ahead_robot_0.csv,False,7.0,4.780682171796287
narrow_hallway,nav2,nav2,1_ahead_robot,1_ahead_robot,,0,narrow_hallway/nav2/metrics_steps_nav2_1_ahead_robot_0.csv,False,7.1,4.811481739214399
narrow_hallway,nav2,nav2,1_ahead_robot,1_ahead_robot,,0,narrow_hallway/nav2/metrics_steps_nav2_1_ahead_robot_0.csv,False,7.2,4.840538508573437
narrow_hallway,nav2,nav2,1_ahead_robot,1_ahead_robot,,0,narrow_hallway/nav2/metrics_steps_nav2_1_ahead_robot_0.csv,False,7.3,4.871641443320712
narrow_hallway,nav2,nav2,1_ahead_robot,1_ahead_robot,,0,narrow_hallway/nav2/metrics_steps_nav2_1_ahead_robot_0.csv,False,7.4,4.905034532324625
narrow_hallway,nav2,nav2,1_ahead_robot,1_ahead_robot,,0,narrow_hallway/nav2/metrics_steps_nav2_1_ahead_robot_0.csv,False,7.5,4.931540337495796
narrow_hallway,nav2,nav2,1_ahead_robot,1_ahead_robot,,0,narrow_hallway/nav2/metrics_steps_nav2_1_ahead_robot_0.csv,False,7.6,4.957404041855754
narrow_hallway,nav2,nav2,1_ahead_robot,1_ahead_robot,,0,narrow_hallway/nav2/metrics_steps_nav2_1_ahead_robot_0.csv,False,7.7,4.982546627443034
narrow_hallway,nav2,nav2,1_ahead_robot,1_ahead_robot,,0,narrow_hallway/nav2/metrics_steps_nav2_1_ahead_robot_0.csv,False,7.8,5.007725320233341
narrow_hallway,nav2,nav2,1_ahead_robot,1_ahead_robot,,0,narrow_hallway/nav2/metrics_steps_nav2_1_ahead_robot_0.csv,False,7.9,5.03295266704317
narrow_hallway,nav2,nav2,1_ahead_robot,1_ahead_robot,,0,narrow_hallway/nav2/metrics_steps_nav2_1_ahead_robot_0.csv,False,8.0,5.05791862985283
narrow_hallway,nav2,nav2,1_ahead_robot,1_ahead_robot,,0,narrow_hallway/nav2/metrics_steps_nav2_1_ahead_robot_0.csv,False,8.1,5.083782045847709
narrow_hallway,nav2,nav2,1_ahead_robot,1_ahead_robot,,0,narrow_hallway/nav2/metrics_steps_nav2_1_ahead_robot_0.csv,False,8.2,5.108834359070723
narrow_hallway,nav2,nav2,1_ahead_robot,1_ahead_robot,,0,narrow_hallway/nav2/metrics_steps_nav2_1_ahead_robot_0.csv,False,8.3,5.133958778965168
narrow_hallway,nav2,nav2,1_ahead_robot,1_ahead_robot,,0,narrow_hallway/nav2/metrics_steps_nav2_1_ahead_robot_0.csv,False,8.4,5.159074903048584
narrow_hallway,nav2,nav2,1_ahead_robot,1_ahead_robot,,0,narrow_hallway/nav2/metrics_steps_nav2_1_ahead_robot_0.csv,False,8.5,5.183833482047145
narrow_hallway,nav2,nav2,1_ahead_robot,1_ahead_robot,,0,narrow_hallway/nav2/metrics_steps_nav2_1_ahead_robot_0.csv,False,8.6,5.209387532944525
narrow_hallway,nav2,nav2,1_ahead_robot,1_ahead_robot,,0,narrow_hallway/nav2/metrics_steps_nav2_1_ahead_robot_0.csv,False,8.7,5.234821774009116
narrow_hallway,nav2,nav2,1_ahead_robot,1_ahead_robot,,0,narrow_hallway/nav2/metrics_steps_nav2_1_ahead_robot_0.csv,False,8.8,5.260375191672454
narrow_hallway,nav2,nav2,1_ahead_robot,1_ahead_robot,,0,narrow_hallway/nav2/metrics_steps_nav2_1_ahead_robot_0.csv,False,8.9,5.285589294642801
narrow_hallway,nav2,nav2,1_ahead_robot,1_ahead_robot,,0,narrow_hallway/nav2/metrics_steps_nav2_1_ahead_robot_0.csv,False,9.0,5.310431864729316
narrow_hallway,nav2,nav2,1_ahead_robot,1_ahead_robot,,0,narrow_hallway/nav2/metrics_steps_nav2_1_ahead_robot_0.csv,False,9.1,5.335583726267612
narrow_hallway,nav2,nav2,1_ahead_robot,1_ahead_robot,,0,narrow_hallway/nav2/metrics_steps_nav2_1_ahead_robot_0.csv,False,9.2,5.360403794027708
narrow_hallway,nav2,nav2,1_ahead_robot,1_ahead_robot,,0,narrow_hallway/nav2/metrics_steps_nav2_1_ahead_robot_0.csv,False,9.3,5.38623682853711
narrow_hallway,nav2,nav2,1_ahead_robot,1_ahead_robot,,0,narrow_hallway/nav2/metrics_steps_nav2_1_ahead_robot_0.csv,False,9.4,5.419002602215037
narrow_hallway,nav2,nav2,1_ahead_robot,1_ahead_robot,,0,narrow_hallway/nav2/metrics_steps_nav2_1_ahead_robot_0.csv,False,9.5,5.4518842619009735
narrow_hallway,nav2,nav2,1_ahead_robot,1_ahead_robot,,0,narrow_hallway/nav2/metrics_steps_nav2_1_ahead_robot_0.csv,False,9.6,5.484859890576506
narrow_hallway,nav2,nav2,1_ahead_robot,1_ahead_robot,,0,narrow_hallway/nav2/metrics_steps_nav2_1_ahead_robot_0.csv,False,9.7,5.518050688462696
narrow_hallway,nav2,nav2,1_ahead_robot,1_ahead_robot,,0,narrow_hallway/nav2/metrics_steps_nav2_1_ahead_robot_0.csv,False,9.8,5.547450469280299
narrow_hallway,nav2,nav2,1_ahead_robot,1_ahead_robot,,0,narrow_hallway/nav2/metrics_steps_nav2_1_ahead_robot_0.csv,False,9.9,5.575832239697708
narrow_hallway,nav2,nav2,1_ahead_robot,1_ahead_robot,,0,narrow_hallway/nav2/metrics_steps_nav2_1_ahead_robot_0.csv,False,10.0,5.602418475637196
narrow_hallway,nav2,nav2,1_ahead_robot,1_ahead_robot,,0,narrow_hallway/nav2/metrics_steps_nav2_1_ahead_robot_0.csv,False,10.1,5.628374415581257
narrow_hallway,nav2,nav2,1_ahead_robot,1_ahead_robot,,0,narrow_hallway/nav2/metrics_steps_nav2_1_ahead_robot_0.csv,False,10.2,5.649937365775172
narrow_hallway,nav2,nav2,1_ahead_robot,1_ahead_robot,,0,narrow_hallway/nav2/metrics_steps_nav2_1_ahead_robot_0.csv,False,10.3,5.675487965927876
narrow_hallway,nav2,nav2,1_ahead_robot,1_ahead_robot,,0,narrow_hallway/nav2/metrics_steps_nav2_1_ahead_robot_0.csv,False,10.4,5.702289534730307
narrow_hallway,nav2,nav2,1_ahead_robot,1_ahead_robot,,0,narrow_hallway/nav2/metrics_steps_nav2_1_ahead_robot_0.csv,False,10.5,5.729451982527424
narrow_hallway,nav2,nav2,1_ahead_robot,1_ahead_robot,,0,narrow_hallway/nav2/metrics_steps_nav2_1_ahead_robot_0.csv,False,10.6,5.751462766270078
narrow_hallway,nav2,nav2,1_ahead_robot,1_ahead_robot,,0,narrow_hallway/nav2/metrics_steps_nav2_1_ahead_robot_0.csv,False,10.7,5.771749186621431
narrow_hallway,nav2,nav2,1_ahead_robot,1_ahead_robot,,0,narrow_hallway/nav2/metrics_steps_nav2_1_ahead_robot_0.csv,False,10.8,5.796729607183607
narrow_hallway,nav2,nav2,1_ahead_robot,1_ahead_robot,,0,narrow_hallway/nav2/metrics_steps_nav2_1_ahead_robot_0.csv,False,10.9,5.819043472699468
narrow_hallway,nav2,nav2,1_ahead_robot,1_ahead_robot,,0,narrow_hallway/nav2/metrics_steps_nav2_1_ahead_robot_0.csv,False,11.0,5.845971654621399
narrow_hallway,nav2,nav2,1_ahead_robot,1_ahead_robot,,0,narrow_hallway/nav2/metrics_steps_nav2_1_ahead_robot_0.csv,False,11.1,5.879382062903473
narrow_hallway,nav2,nav2,1_ahead_robot,1_ahead_robot,,0,narrow_hallway/nav2/metrics_steps_nav2_1_ahead_robot_0.csv,False,11.2,5.910917822673715
narrow_hallway,nav2,nav2,1_ahead_robot,1_ahead_robot,,0,narrow_hallway/nav2/metrics_steps_nav2_1_ahead_robot_0.csv,False,11.3,5.942117621115737
narrow_hallway,nav2,nav2,1_ahead_robot,1_ahead_robot,,0,narrow_hallway/nav2/metrics_steps_nav2_1_ahead_robot_0.csv,False,11.4,5.972329124401398
narrow_hallway,nav2,nav2,1_ahead_robot,1_ahead_robot,,0,narrow_hallway/nav2/metrics_steps_nav2_1_ahead_robot_0.csv,False,11.5,6.002275215660644
narrow_hallway,nav2,nav2,1_ahead_robot,1_ahead_robot,,0,narrow_hallway/nav2/metrics_steps_nav2_1_ahead_robot_0.csv,False,11.6,6.031405266502145
narrow_hallway,nav2,nav2,1_ahead_robot,1_ahead_robot,,0,narrow_hallway/nav2/metrics_steps_nav2_1_ahead_robot_0.csv,False,11.7,6.060789844067
narrow_hallway,nav2,nav2,1_ahead_robot,1_ahead_robot,,0,narrow_hallway/nav2/metrics_steps_nav2_1_ahead_robot_0.csv,False,11.8,6.090007072527679
narrow_hallway,nav2,nav2,1_ahead_robot,1_ahead_robot,,0,narrow_hallway/nav2/metrics_steps_nav2_1_ahead_robot_0.csv,False,11.9,6.119135876550455
narrow_hallway,nav2,nav2,1_ahead_robot,1_ahead_robot,,0,narrow_hallway/nav2/metrics_steps_nav2_1_ahead_robot_0.csv,False,12.0,6.148957107350586
narrow_hallway,nav2,nav2,1_ahead_robot,1_ahead_robot,,0,narrow_hallway/nav2/metrics_steps_nav2_1_ahead_robot_0.csv,False,12.1,6.1773162321379855
narrow_hallway,nav2,nav2,1_ahead_robot,1_ahead_robot,,0,narrow_hallway/nav2/metrics_steps_nav2_1_ahead_robot_0.csv,False,12.2,6.20675717308908
narrow_hallway,nav2,nav2,1_ahead_robot,1_ahead_robot,,0,narrow_hallway/nav2/metrics_steps_nav2_1_ahead_robot_0.csv,False,12.3,6.235982904228178
narrow_hallway,nav2,nav2,1_ahead_robot,1_ahead_robot,,0,narrow_hallway/nav2/metrics_steps_nav2_1_ahead_robot_0.csv,False,12.4,6.265064041767779
narrow_hallway,nav2,nav2,1_ahead_robot,1_ahead_robot,,0,narrow_hallway/nav2/metrics_steps_nav2_1_ahead_robot_0.csv,False,12.5,6.290575708231137
narrow_hallway,nav2,nav2,1_ahead_robot,1_ahead_robot,,0,narrow_hallway/nav2/metrics_steps_nav2_1_ahead_robot_0.csv,False,12.6,6.320108246186983
narrow_hallway,nav2,nav2,1_ahead_robot,1_ahead_robot,,0,narrow_hallway/nav2/metrics_steps_nav2_1_ahead_robot_0.csv,False,12.7,6.347624130611714
narrow_hallway,nav2,nav2,1_ahead_robot,1_ahead_robot,,0,narrow_hallway/nav2/metrics_steps_nav2_1_ahead_robot_0.csv,False,12.8,6.371592526819162
narrow_hallway,nav2,nav2,1_ahead_robot,1_ahead_robot,,0,narrow_hallway/nav2/metrics_steps_nav2_1_ahead_robot_0.csv,False,12.9,6.397329246888114
narrow_hallway,nav2,nav2,1_ahead_robot,1_ahead_robot,,0,narrow_hallway/nav2/metrics_steps_nav2_1_ahead_robot_0.csv,False,13.0,6.422210861655522
narrow_hallway,nav2,nav2,1_ahead_robot,1_ahead_robot,,0,narrow_hallway/nav2/metrics_steps_nav2_1_ahead_robot_0.csv,False,13.1,6.444271332679933
narrow_hallway,nav2,nav2,1_ahead_robot,1_ahead_robot,,0,narrow_hallway/nav2/metrics_steps_nav2_1_ahead_robot_0.csv,False,13.2,6.472476491081376
narrow_hallway,nav2,nav2,1_ahead_robot,1_ahead_robot,,0,narrow_hallway/nav2/metrics_steps_nav2_1_ahead_robot_0.csv,False,13.3,6.502616761699379
narrow_hallway,nav2,nav2,1_ahead_robot,1_ahead_robot,,0,narrow_hallway/nav2/metrics_steps_nav2_1_ahead_robot_0.csv,False,13.4,6.532756932563632
narrow_hallway,nav2,nav2,1_ahead_robot,1_ahead_robot,,0,narrow_hallway/nav2/metrics_steps_nav2_1_ahead_robot_0.csv,False,13.5,6.562143669317908
narrow_hallway,nav2,nav2,1_ahead_robot,1_ahead_robot,,0,narrow_hallway/nav2/metrics_steps_nav2_1_ahead_robot_0.csv,False,13.6,6.580492992054966
narrow_hallway,nav2,nav2,1_ahead_robot,1_ahead_robot,,0,narrow_hallway/nav2/metrics_steps_nav2_1_ahead_robot_0.csv,False,13.7,6.511086668672504
narrow_hallway,nav2,nav2,1_ahead_robot,1_ahead_robot,,0,narrow_hallway/nav2/metrics_steps_nav2_1_ahead_robot_0.csv,False,13.8,6.445876240741789
narrow_hallway,nav2,nav2,1_ahead_robot,1_ahead_robot,,0,narrow_hallway/nav2/metrics_steps_nav2_1_ahead_robot_0.csv,False,13.9,6.378641871991768
narrow_hallway,nav2,nav2,1_ahead_robot,1_ahead_robot,,0,narrow_hallway/nav2/metrics_steps_nav2_1_ahead_robot_0.csv,False,14.0,6.308776519528617
narrow_hallway,nav2,nav2,1_ahead_robot,1_ahead_robot,,0,narrow_hallway/nav2/metrics_steps_nav2_1_ahead_robot_0.csv,False,14.1,6.237423542044641
narrow_hallway,nav2,nav2,1_ahead_robot,1_ahead_robot,,0,narrow_hallway/nav2/metrics_steps_nav2_1_ahead_robot_0.csv,False,14.2,6.171114581485312
narrow_hallway,nav2,nav2,1_ahead_robot,1_ahead_robot,,0,narrow_hallway/nav2/metrics_steps_nav2_1_ahead_robot_0.csv,False,14.3,6.101001032811388
narrow_hallway,nav2,nav2,1_ahead_robot,1_ahead_robot,,0,narrow_hallway/nav2/metrics_steps_nav2_1_ahead_robot_0.csv,False,14.4,6.031675543303635
narrow_hallway,nav2,nav2,1_ahead_robot,1_ahead_robot,,0,narrow_hallway/nav2/metrics_steps_nav2_1_ahead_robot_0.csv,False,14.5,5.968486188281746
narrow_hallway,nav2,nav2,1_ahead_robot,1_ahead_robot,,0,narrow_hallway/nav2/metrics_steps_nav2_1_ahead_robot_0.csv,False,14.6,5.905846685657729
narrow_hallway,nav2,nav2,1_ahead_robot,1_ahead_robot,,0,narrow_hallway/nav2/metrics_steps_nav2_1_ahead_robot_0.csv,False,14.7,5.844033825643027
narrow_hallway,nav2,nav2,1_ahead_robot,1_ahead_robot,,0,narrow_hallway/nav2/metrics_steps_nav2_1_ahead_robot_0.csv,False,14.8,5.778608159128991
narrow_hallway,nav2,nav2,1_ahead_robot,1_ahead_robot,,0,narrow_hallway/nav2/metrics_steps_nav2_1_ahead_robot_0.csv,False,14.9,5.710044694726373
narrow_hallway,nav2,nav2,1_ahead_robot,1_ahead_robot,,0,narrow_hallway/nav2/metrics_steps_nav2_1_ahead_robot_0.csv,False,15.0,5.644251560295192
narrow_hallway,nav2,nav2,1_ahead_robot,1_ahead_robot,,0,narrow_hallway/nav2/metrics_steps_nav2_1_ahead_robot_0.csv,False,15.1,5.5793206419086365
narrow_hallway,nav2,nav2,1_ahead_robot,1_ahead_robot,,0,narrow_hallway/nav2/metrics_steps_nav2_1_ahead_robot_0.csv,False,15.2,5.506831531879425
narrow_hallway,nav2,nav2,1_ahead_robot,1_ahead_robot,,0,narrow_hallway/nav2/metrics_steps_nav2_1_ahead_robot_0.csv,False,15.3,5.429796029222315
narrow_hallway,nav2,nav2,1_ahead_robot,1_ahead_robot,,0,narrow_hallway/nav2/metrics_steps_nav2_1_ahead_robot_0.csv,False,15.4,5.360103425252375
narrow_hallway,nav2,nav2,1_ahead_robot,1_ahead_robot,,0,narrow_hallway/nav2/metrics_steps_nav2_1_ahead_robot_0.csv,False,15.5,5.295657319335242
narrow_hallway,nav2,nav2,1_ahead_robot,1_ahead_robot,,0,narrow_hallway/nav2/metrics_steps_nav2_1_ahead_robot_0.csv,False,15.6,5.227447369934979
narrow_hallway,nav2,nav2,1_ahead_robot,1_ahead_robot,,0,narrow_hallway/nav2/metrics_steps_nav2_1_ahead_robot_0.csv,False,15.7,5.157541317368305
narrow_hallway,nav2,nav2,1_ahead_robot,1_ahead_robot,,0,narrow_hallway/nav2/metrics_steps_nav2_1_ahead_robot_0.csv,False,15.8,5.08378038127406
narrow_hallway,nav2,nav2,1_ahead_robot,1_ahead_robot,,0,narrow_hallway/nav2/metrics_steps_nav2_1_ahead_robot_0.csv,False,15.9,5.00908025386523
narrow_hallway,nav2,nav2,1_ahead_robot,1_ahead_robot,,0,narrow_hallway/nav2/metrics_steps_nav2_1_ahead_robot_0.csv,False,16.0,4.936176568005479
narrow_hallway,nav2,nav2,1_ahead_robot,1_ahead_robot,,0,narrow_hallway/nav2/metrics_steps_nav2_1_ahead_robot_0.csv,False,16.1,4.8668882987061215
narrow_hallway,nav2,nav2,1_ahead_robot,1_ahead_robot,,0,narrow_hallway/nav2/metrics_steps_nav2_1_ahead_robot_0.csv,False,16.2,4.797713948989328
narrow_hallway,nav2,nav2,1_ahead_robot,1_ahead_robot,,0,narrow_hallway/nav2/metrics_steps_nav2_1_ahead_robot_0.csv,False,16.3,4.728898080022698
narrow_hallway,nav2,nav2,1_ahead_robot,1_ahead_robot,,0,narrow_hallway/nav2/metrics_steps_nav2_1_ahead_robot_0.csv,False,16.4,4.663128286510062
narrow_hallway,nav2,nav2,1_ahead_robot,1_ahead_robot,,0,narrow_hallway/nav2/metrics_steps_nav2_1_ahead_robot_0.csv,False,16.5,4.598384538163179
narrow_hallway,nav2,nav2,1_ahead_robot,1_ahead_robot,,0,narrow_hallway/nav2/metrics_steps_nav2_1_ahead_robot_0.csv,False,16.6,4.530959697885489
narrow_hallway,nav2,nav2,1_ahead_robot,1_ahead_robot,,0,narrow_hallway/nav2/metrics_steps_nav2_1_ahead_robot_0.csv,False,16.7,4.4621249168209625
narrow_hallway,nav2,nav2,1_ahead_robot,1_ahead_robot,,0,narrow_hallway/nav2/metrics_steps_nav2_1_ahead_robot_0.csv,False,16.8,4.395075508246583
narrow_hallway,nav2,nav2,1_ahead_robot,1_ahead_robot,,0,narrow_hallway/nav2/metrics_steps_nav2_1_ahead_robot_0.csv,False,16.9,4.330448971820633
narrow_hallway,nav2,nav2,1_ahead_robot,1_ahead_robot,,0,narrow_hallway/nav2/metrics_steps_nav2_1_ahead_robot_0.csv,False,17.0,4.263840876460364
narrow_hallway,nav2,nav2,1_ahead_robot,1_ahead_robot,,0,narrow_hallway/nav2/metrics_steps_nav2_1_ahead_robot_0.csv,False,17.1,4.193207880875818
narrow_hallway,nav2,nav2,1_ahead_robot,1_ahead_robot,,0,narrow_hallway/nav2/metrics_steps_nav2_1_ahead_robot_0.csv,False,17.2,4.124345745393876
narrow_hallway,nav2,nav2,1_ahead_robot,1_ahead_robot,,0,narrow_hallway/nav2/metrics_steps_nav2_1_ahead_robot_0.csv,False,17.3,4.055421071986211
narrow_hallway,nav2,nav2,1_ahead_robot,1_ahead_robot,,0,narrow_hallway/nav2/metrics_steps_nav2_1_ahead_robot_0.csv,False,17.4,3.987990877932739
narrow_hallway,nav2,nav2,1_ahead_robot,1_ahead_robot,,0,narrow_hallway/nav2/metrics_steps_nav2_1_ahead_robot_0.csv,False,17.5,3.9199159920645537
narrow_hallway,nav2,nav2,1_ahead_robot,1_ahead_robot,,0,narrow_hallway/nav2/metrics_steps_nav2_1_ahead_robot_0.csv,False,17.6,3.853427974745388
narrow_hallway,nav2,nav2,1_ahead_robot,1_ahead_robot,,0,narrow_hallway/nav2/metrics_steps_nav2_1_ahead_robot_0.csv,False,17.7,3.787211913388677
narrow_hallway,nav2,nav2,1_ahead_robot,1_ahead_robot,,0,narrow_hallway/nav2/metrics_steps_nav2_1_ahead_robot_0.csv,False,17.8,3.724316246815996
narrow_hallway,nav2,nav2,1_ahead_robot,1_ahead_robot,,0,narrow_hallway/nav2/metrics_steps_nav2_1_ahead_robot_0.csv,False,17.9,3.659800126202948
narrow_hallway,nav2,nav2,1_ahead_robot,1_ahead_robot,,0,narrow_hallway/nav2/metrics_steps_nav2_1_ahead_robot_0.csv,False,18.0,3.591834496239307
narrow_hallway,nav2,nav2,1_ahead_robot,1_ahead_robot,,0,narrow_hallway/nav2/metrics_steps_nav2_1_ahead_robot_0.csv,False,18.1,3.52879343660758
narrow_hallway,nav2,nav2,1_ahead_robot,1_ahead_robot,,0,narrow_hallway/nav2/metrics_steps_nav2_1_ahead_robot_0.csv,False,18.2,3.4659042026827045
narrow_hallway,nav2,nav2,1_ahead_robot,1_ahead_robot,,0,narrow_hallway/nav2/metrics_steps_nav2_1_ahead_robot_0.csv,False,18.3,3.402724391246468
narrow_hallway,nav2,nav2,1_ahead_robot,1_ahead_robot,,0,narrow_hallway/nav2/metrics_steps_nav2_1_ahead_robot_0.csv,False,18.4,3.3399372879162
narrow_hallway,nav2,nav2,1_ahead_robot,1_ahead_robot,,0,narrow_hallway/nav2/metrics_steps_nav2_1_ahead_robot_0.csv,False,18.5,3.2743209834368345
narrow_hallway,nav2,nav2,1_ahead_robot,1_ahead_robot,,0,narrow_hallway/nav2/metrics_steps_nav2_1_ahead_robot_0.csv,False,18.6,3.208788600974674
narrow_hallway,nav2,nav2,1_ahead_robot,1_ahead_robot,,0,narrow_hallway/nav2/metrics_steps_nav2_1_ahead_robot_0.csv,False,18.7,3.143316149571203
narrow_hallway,nav2,nav2,1_ahead_robot,1_ahead_robot,,0,narrow_hallway/nav2/metrics_steps_nav2_1_ahead_robot_0.csv,False,18.8,3.078407196974195
narrow_hallway,nav2,nav2,1_ahead_robot,1_ahead_robot,,0,narrow_hallway/nav2/metrics_steps_nav2_1_ahead_robot_0.csv,False,18.9,3.013679307826357
narrow_hallway,nav2,nav2,1_ahead_robot,1_ahead_robot,,0,narrow_hallway/nav2/metrics_steps_nav2_1_ahead_robot_0.csv,False,19.0,2.9487674172128155
narrow_hallway,nav2,nav2,1_ahead_robot,1_ahead_robot,,0,narrow_hallway/nav2/metrics_steps_nav2_1_ahead_robot_0.csv,False,19.1,2.8845062840089013
narrow_hallway,nav2,nav2,1_ahead_robot,1_ahead_robot,,0,narrow_hallway/nav2/metrics_steps_nav2_1_ahead_robot_0.csv,False,19.2,2.820739506778786
narrow_hallway,nav2,nav2,1_ahead_robot,1_ahead_robot,,0,narrow_hallway/nav2/metrics_steps_nav2_1_ahead_robot_0.csv,False,19.3,2.756729550973763
narrow_hallway,nav2,nav2,1_ahead_robot,1_ahead_robot,,0,narrow_hallway/nav2/metrics_steps_nav2_1_ahead_robot_0.csv,False,19.4,2.6950116130621056
narrow_hallway,nav2,nav2,1_ahead_robot,1_ahead_robot,,0,narrow_hallway/nav2/metrics_steps_nav2_1_ahead_robot_0.csv,False,19.5,2.633496431157116
narrow_hallway,nav2,nav2,1_ahead_robot,1_ahead_robot,,0,narrow_hallway/nav2/metrics_steps_nav2_1_ahead_robot_0.csv,False,19.6,2.572395044339723
narrow_hallway,nav2,nav2,1_ahead_robot,1_ahead_robot,,0,narrow_hallway/nav2/metrics_steps_nav2_1_ahead_robot_0.csv,False,19.7,2.509384503227657
narrow_hallway,nav2,nav2,1_ahead_robot,1_ahead_robot,,0,narrow_hallway/nav2/metrics_steps_nav2_1_ahead_robot_0.csv,False,19.8,2.4458047276147745
narrow_hallway,nav2,nav2,1_ahead_robot,1_ahead_robot,,0,narrow_hallway/nav2/metrics_steps_nav2_1_ahead_robot_0.csv,False,19.9,2.3835998194632984
narrow_hallway,nav2,nav2,1_ahead_robot,1_ahead_robot,,0,narrow_hallway/nav2/metrics_steps_nav2_1_ahead_robot_0.csv,False,20.0,2.32140763343465
narrow_hallway,nav2,nav2,1_ahead_robot,1_ahead_robot,,0,narrow_hallway/nav2/metrics_steps_nav2_1_ahead_robot_0.csv,False,20.1,2.2594156249791792
narrow_hallway,nav2,nav2,1_ahead_robot,1_ahead_robot,,0,narrow_hallway/nav2/metrics_steps_nav2_1_ahead_robot_0.csv,False,20.2,2.1997058869219748
narrow_hallway,nav2,nav2,1_ahead_robot,1_ahead_robot,,0,narrow_hallway/nav2/metrics_steps_nav2_1_ahead_robot_0.csv,False,20.3,2.1431771154723145
narrow_hallway,nav2,nav2,1_ahead_robot,1_ahead_robot,,0,narrow_hallway/nav2/metrics_steps_nav2_1_ahead_robot_0.csv,False,20.4,2.0900688603251942
narrow_hallway,nav2,nav2,1_ahead_robot,1_ahead_robot,,0,narrow_hallway/nav2/metrics_steps_nav2_1_ahead_robot_0.csv,False,20.5,2.035003358884223
narrow_hallway,nav2,nav2,1_ahead_robot,1_ahead_robot,,0,narrow_hallway/nav2/metrics_steps_nav2_1_ahead_robot_0.csv,False,20.6,1.9765574935152943
narrow_hallway,nav2,nav2,1_ahead_robot,1_ahead_robot,,0,narrow_hallway/nav2/metrics_steps_nav2_1_ahead_robot_0.csv,False,20.7,1.9195983602077016
narrow_hallway,nav2,nav2,1_ahead_robot,1_ahead_robot,,0,narrow_hallway/nav2/metrics_steps_nav2_1_ahead_robot_0.csv,False,20.8,1.86304577299424
narrow_hallway,nav2,nav2,1_ahead_robot,1_ahead_robot,,0,narrow_hallway/nav2/metrics_steps_nav2_1_ahead_robot_0.csv,False,20.9,1.8082466866949232
narrow_hallway,nav2,nav2,1_ahead_robot,1_ahead_robot,,0,narrow_hallway/nav2/metrics_steps_nav2_1_ahead_robot_0.csv,False,21.0,1.7548486336087574
narrow_hallway,nav2,nav2,1_ahead_robot,1_ahead_robot,,0,narrow_hallway/nav2/metrics_steps_nav2_1_ahead_robot_0.csv,False,21.1,1.707761328876773
narrow_hallway,nav2,nav2,1_ahead_robot,1_ahead_robot,,0,narrow_hallway/nav2/metrics_steps_nav2_1_ahead_robot_0.csv,False,21.2,1.6621498323760815
narrow_hallway,nav2,nav2,1_ahead_robot,1_ahead_robot,,0,narrow_hallway/nav2/metrics_steps_nav2_1_ahead_robot_0.csv,False,21.3,1.6232223913665291
narrow_hallway,nav2,nav2,1_ahead_robot,1_ahead_robot,,0,narrow_hallway/nav2/metrics_steps_nav2_1_ahead_robot_0.csv,False,21.4,1.5851670669262607
narrow_hallway,nav2,nav2,1_ahead_robot,1_ahead_robot,,0,narrow_hallway/nav2/metrics_steps_nav2_1_ahead_robot_0.csv,False,21.5,1.5530873787225636
narrow_hallway,nav2,nav2,1_ahead_robot,1_ahead_robot,,0,narrow_hallway/nav2/metrics_steps_nav2_1_ahead_robot_0.csv,False,21.6,1.5238350749018008
narrow_hallway,nav2,nav2,1_ahead_robot,1_ahead_robot,,0,narrow_hallway/nav2/metrics_steps_nav2_1_ahead_robot_0.csv,False,21.7,1.4953013867618603
narrow_hallway,nav2,nav2,1_ahead_robot,1_ahead_robot,,0,narrow_hallway/nav2/metrics_steps_nav2_1_ahead_robot_0.csv,False,21.8,1.4619190639284367
narrow_hallway,nav2,nav2,1_ahead_robot,1_ahead_robot,,0,narrow_hallway/nav2/metrics_steps_nav2_1_ahead_robot_0.csv,False,21.9,1.426015234642549
narrow_hallway,nav2,nav2,1_ahead_robot,1_ahead_robot,,0,narrow_hallway/nav2/metrics_steps_nav2_1_ahead_robot_0.csv,False,22.0,1.39436077716396
narrow_hallway,nav2,nav2,1_ahead_robot,1_ahead_robot,,0,narrow_hallway/nav2/metrics_steps_nav2_1_ahead_robot_0.csv,False,22.1,1.362706856618002
narrow_hallway,nav2,nav2,1_ahead_robot,1_ahead_robot,,0,narrow_hallway/nav2/metrics_steps_nav2_1_ahead_robot_0.csv,False,22.2,1.3276390532131148
narrow_hallway,nav2,nav2,1_ahead_robot,1_ahead_robot,,0,narrow_hallway/nav2/metrics_steps_nav2_1_ahead_robot_0.csv,False,22.3,1.2920860857915288
narrow_hallway,nav2,nav2,1_ahead_robot,1_ahead_robot,,0,narrow_hallway/nav2/metrics_steps_nav2_1_ahead_robot_0.csv,False,22.4,1.2594510194512605
narrow_hallway,nav2,nav2,1_ahead_robot,1_ahead_robot,,0,narrow_hallway/nav2/metrics_steps_nav2_1_ahead_robot_0.csv,False,22.5,1.226921969965017
narrow_hallway,nav2,nav2,1_ahead_robot,1_ahead_robot,,0,narrow_hallway/nav2/metrics_steps_nav2_1_ahead_robot_0.csv,False,22.6,1.1944653555353475
narrow_hallway,nav2,nav2,1_ahead_robot,1_ahead_robot,,0,narrow_hallway/nav2/metrics_steps_nav2_1_ahead_robot_0.csv,False,22.7,1.1631008061544108
narrow_hallway,nav2,nav2,1_ahead_robot,1_ahead_robot,,0,narrow_hallway/nav2/metrics_steps_nav2_1_ahead_robot_0.csv,False,22.8,1.1329790966003823
narrow_hallway,nav2,nav2,1_ahead_robot,1_ahead_robot,,0,narrow_hallway/nav2/metrics_steps_nav2_1_ahead_robot_0.csv,False,22.9,1.1037949377224598
narrow_hallway,nav2,nav2,1_ahead_robot,1_ahead_robot,,0,narrow_hallway/nav2/metrics_steps_nav2_1_ahead_robot_0.csv,False,23.0,1.075888749592114
narrow_hallway,nav2,nav2,1_ahead_robot,1_ahead_robot,,0,narrow_hallway/nav2/metrics_steps_nav2_1_ahead_robot_0.csv,False,23.1,1.0504527212131851
narrow_hallway,nav2,nav2,1_ahead_robot,1_ahead_robot,,0,narrow_hallway/nav2/metrics_steps_nav2_1_ahead_robot_0.csv,False,23.2,1.0271330334149844
narrow_hallway,nav2,nav2,1_ahead_robot,1_ahead_robot,,0,narrow_hallway/nav2/metrics_steps_nav2_1_ahead_robot_0.csv,False,23.3,1.0036966184475031
narrow_hallway,nav2,nav2,1_ahead_robot,1_ahead_robot,,0,narrow_hallway/nav2/metrics_steps_nav2_1_ahead_robot_0.csv,False,23.4,0.9828584410593462
narrow_hallway,nav2,nav2,1_ahead_robot,1_ahead_robot,,0,narrow_hallway/nav2/metrics_steps_nav2_1_ahead_robot_0.csv,False,23.5,0.9648787531875472
narrow_hallway,nav2,nav2,1_ahead_robot,1_ahead_robot,,0,narrow_hallway/nav2/metrics_steps_nav2_1_ahead_robot_0.csv,False,23.6,0.9492927326552116
narrow_hallway,nav2,nav2,1_ahead_robot,1_ahead_robot,,0,narrow_hallway/nav2/metrics_steps_nav2_1_ahead_robot_0.csv,False,23.7,0.9374396993088634
narrow_hallway,nav2,nav2,1_ahead_robot,1_ahead_robot,,0,narrow_hallway/nav2/metrics_steps_nav2_1_ahead_robot_0.csv,False,23.8,0.9277021525724128
narrow_hallway,nav2,nav2,1_ahead_robot,1_ahead_robot,,0,narrow_hallway/nav2/metrics_steps_nav2_1_ahead_robot_0.csv,False,23.9,0.9209333866098716
narrow_hallway,nav2,nav2,1_ahead_robot,1_ahead_robot,,0,narrow_hallway/nav2/metrics_steps_nav2_1_ahead_robot_0.csv,False,24.0,0.918332569085884
narrow_hallway,nav2,nav2,1_ahead_robot,1_ahead_robot,,0,narrow_hallway/nav2/metrics_steps_nav2_1_ahead_robot_0.csv,False,24.1,0.9171279240258416
narrow_hallway,nav2,nav2,1_ahead_robot,1_ahead_robot,,0,narrow_hallway/nav2/metrics_steps_nav2_1_ahead_robot_0.csv,False,24.2,0.91835498293523
narrow_hallway,nav2,nav2,1_ahead_robot,1_ahead_robot,,0,narrow_hallway/nav2/metrics_steps_nav2_1_ahead_robot_0.csv,False,24.3,0.922868415163442
narrow_hallway,nav2,nav2,1_ahead_robot,1_ahead_robot,,0,narrow_hallway/nav2/metrics_steps_nav2_1_ahead_robot_0.csv,False,24.4,0.9274704342330164
narrow_hallway,nav2,nav2,1_ahead_robot,1_ahead_robot,,0,narrow_hallway/nav2/metrics_steps_nav2_1_ahead_robot_0.csv,False,24.5,0.9317319985736964
narrow_hallway,nav2,nav2,1_ahead_robot,1_ahead_robot,,0,narrow_hallway/nav2/metrics_steps_nav2_1_ahead_robot_0.csv,False,24.6,0.934665975082622
narrow_hallway,nav2,nav2,1_ahead_robot,1_ahead_robot,,0,narrow_hallway/nav2/metrics_steps_nav2_1_ahead_robot_0.csv,False,24.7,0.93851639110245
narrow_hallway,nav2,nav2,1_ahead_robot,1_ahead_robot,,0,narrow_hallway/nav2/metrics_steps_nav2_1_ahead_robot_0.csv,False,24.8,0.9431209256317028
narrow_hallway,nav2,nav2,1_ahead_robot,1_ahead_robot,,0,narrow_hallway/nav2/metrics_steps_nav2_1_ahead_robot_0.csv,False,24.9,0.9454737051744676
narrow_hallway,nav2,nav2,1_ahead_robot,1_ahead_robot,,0,narrow_hallway/nav2/metrics_steps_nav2_1_ahead_robot_0.csv,False,25.0,0.946247632411539
narrow_hallway,nav2,nav2,1_ahead_robot,1_ahead_robot,,0,narrow_hallway/nav2/metrics_steps_nav2_1_ahead_robot_0.csv,False,25.1,0.943940952534412
narrow_hallway,nav2,nav2,1_ahead_robot,1_ahead_robot,,0,narrow_hallway/nav2/metrics_steps_nav2_1_ahead_robot_0.csv,False,25.2,0.9399359664357207
narrow_hallway,nav2,nav2,1_ahead_robot,1_ahead_robot,,0,narrow_hallway/nav2/metrics_steps_nav2_1_ahead_robot_0.csv,False,25.3,0.9348790476995856
narrow_hallway,nav2,nav2,1_ahead_robot,1_ahead_robot,,0,narrow_hallway/nav2/metrics_steps_nav2_1_ahead_robot_0.csv,False,25.4,0.9252539050592068
narrow_hallway,nav2,nav2,1_ahead_robot,1_ahead_robot,,0,narrow_hallway/nav2/metrics_steps_nav2_1_ahead_robot_0.csv,False,25.5,0.9156422247242209
narrow_hallway,nav2,nav2,1_ahead_robot,1_ahead_robot,,0,narrow_hallway/nav2/metrics_steps_nav2_1_ahead_robot_0.csv,False,25.6,0.9074788663505712
narrow_hallway,nav2,nav2,1_ahead_robot,1_ahead_robot,,0,narrow_hallway/nav2/metrics_steps_nav2_1_ahead_robot_0.csv,False,25.7,0.8996709507950871
narrow_hallway,nav2,nav2,1_ahead_robot,1_ahead_robot,,0,narrow_hallway/nav2/metrics_steps_nav2_1_ahead_robot_0.csv,False,25.8,0.8938007947458042
narrow_hallway,nav2,nav2,1_ahead_robot,1_ahead_robot,,0,narrow_hallway/nav2/metrics_steps_nav2_1_ahead_robot_0.csv,False,25.9,0.8879667543986611
narrow_hallway,nav2,nav2,1_ahead_robot,1_ahead_robot,,0,narrow_hallway/nav2/metrics_steps_nav2_1_ahead_robot_0.csv,False,26.0,0.88415251994672
narrow_hallway,nav2,nav2,1_ahead_robot,1_ahead_robot,,0,narrow_hallway/nav2/metrics_steps_nav2_1_ahead_robot_0.csv,False,26.1,0.8836420871311992
narrow_hallway,nav2,nav2,1_ahead_robot,1_ahead_robot,,0,narrow_hallway/nav2/metrics_steps_nav2_1_ahead_robot_0.csv,False,26.2,0.88620900988016
narrow_hallway,nav2,nav2,1_ahead_robot,1_ahead_robot,,0,narrow_hallway/nav2/metrics_steps_nav2_1_ahead_robot_0.csv,False,26.3,0.8902210958703549
narrow_hallway,nav2,nav2,1_ahead_robot,1_ahead_robot,,0,narrow_hallway/nav2/metrics_steps_nav2_1_ahead_robot_0.csv,False,26.4,0.8960685800941288
narrow_hallway,nav2,nav2,1_ahead_robot,1_ahead_robot,,0,narrow_hallway/nav2/metrics_steps_nav2_1_ahead_robot_0.csv,False,26.5,0.9034435226213852
narrow_hallway,nav2,nav2,1_ahead_robot,1_ahead_robot,,0,narrow_hallway/nav2/metrics_steps_nav2_1_ahead_robot_0.csv,False,26.6,0.9100780229701184
narrow_hallway,nav2,nav2,1_ahead_robot,1_ahead_robot,,0,narrow_hallway/nav2/metrics_steps_nav2_1_ahead_robot_0.csv,False,26.7,0.9171317180103192
narrow_hallway,nav2,nav2,1_ahead_robot,1_ahead_robot,,0,narrow_hallway/nav2/metrics_steps_nav2_1_ahead_robot_0.csv,False,26.8,0.9245744794268536
narrow_hallway,nav2,nav2,1_ahead_robot,1_ahead_robot,,0,narrow_hallway/nav2/metrics_steps_nav2_1_ahead_robot_0.csv,False,26.9,0.9309708589107726
narrow_hallway,nav2,nav2,1_ahead_robot,1_ahead_robot,,0,narrow_hallway/nav2/metrics_steps_nav2_1_ahead_robot_0.csv,False,27.0,0.93702283338222
narrow_hallway,nav2,nav2,1_ahead_robot,1_ahead_robot,,0,narrow_hallway/nav2/metrics_steps_nav2_1_ahead_robot_0.csv,False,27.1,0.942773602555609
narrow_hallway,nav2,nav2,1_behind_robot,1_behind_robot,,0,narrow_hallway/nav2/metrics_steps_nav2_1_behind_robot_0.csv,False,0.0,2.3125099287081308
narrow_hallway,nav2,nav2,1_behind_robot,1_behind_robot,,0,narrow_hallway/nav2/metrics_steps_nav2_1_behind_robot_0.csv,False,0.1,2.272340209394917
narrow_hallway,nav2,nav2,1_behind_robot,1_behind_robot,,0,narrow_hallway/nav2/metrics_steps_nav2_1_behind_robot_0.csv,False,0.2,2.2142259364095502
narrow_hallway,nav2,nav2,1_behind_robot,1_behind_robot,,0,narrow_hallway/nav2/metrics_steps_nav2_1_behind_robot_0.csv,False,0.3,2.1479528563594674
narrow_hallway,nav2,nav2,1_behind_robot,1_behind_robot,,0,narrow_hallway/nav2/metrics_steps_nav2_1_behind_robot_0.csv,False,0.4,2.079875179552025
narrow_hallway,nav2,nav2,1_behind_robot,1_behind_robot,,0,narrow_hallway/nav2/metrics_steps_nav2_1_behind_robot_0.csv,False,0.5,2.0140457875668
narrow_hallway,nav2,nav2,1_behind_robot,1_behind_robot,,0,narrow_hallway/nav2/metrics_steps_nav2_1_behind_robot_0.csv,False,0.6,1.953049015960996
narrow_hallway,nav2,nav2,1_behind_robot,1_behind_robot,,0,narrow_hallway/nav2/metrics_steps_nav2_1_behind_robot_0.csv,False,0.7,1.8960765035578708
narrow_hallway,nav2,nav2,1_behind_robot,1_behind_robot,,0,narrow_hallway/nav2/metrics_steps_nav2_1_behind_robot_0.csv,False,0.8,1.843541963745178
narrow_hallway,nav2,nav2,1_behind_robot,1_behind_robot,,0,narrow_hallway/nav2/metrics_steps_nav2_1_behind_robot_0.csv,False,0.9,1.7923323394630095
narrow_hallway,nav2,nav2,1_behind_robot,1_behind_robot,,0,narrow_hallway/nav2/metrics_steps_nav2_1_behind_robot_0.csv,False,1.0,1.7377923915668552
narrow_hallway,nav2,nav2,1_behind_robot,1_behind_robot,,0,narrow_hallway/nav2/metrics_steps_nav2_1_behind_robot_0.csv,False,1.1,1.6737793163693446
narrow_hallway,nav2,nav2,1_behind_robot,1_behind_robot,,0,narrow_hallway/nav2/metrics_steps_nav2_1_behind_robot_0.csv,False,1.2,1.604336050860868
narrow_hallway,nav2,nav2,1_behind_robot,1_behind_robot,,0,narrow_hallway/nav2/metrics_steps_nav2_1_behind_robot_0.csv,False,1.3,1.5382840131312556
narrow_hallway,nav2,nav2,1_behind_robot,1_behind_robot,,0,narrow_hallway/nav2/metrics_steps_nav2_1_behind_robot_0.csv,False,1.4,1.478552199736196
narrow_hallway,nav2,nav2,1_behind_robot,1_behind_robot,,0,narrow_hallway/nav2/metrics_steps_nav2_1_behind_robot_0.csv,False,1.5,1.4155096769460584
narrow_hallway,nav2,nav2,1_behind_robot,1_behind_robot,,0,narrow_hallway/nav2/metrics_steps_nav2_1_behind_robot_0.csv,False,1.6,1.3520335229397986
narrow_hallway,nav2,nav2,1_behind_robot,1_behind_robot,,0,narrow_hallway/nav2/metrics_steps_nav2_1_behind_robot_0.csv,False,1.7,1.2870376816618667
narrow_hallway,nav2,nav2,1_behind_robot,1_behind_robot,,0,narrow_hallway/nav2/metrics_steps_nav2_1_behind_robot_0.csv,False,1.8,1.2226904155608742
narrow_hallway,nav2,nav2,1_behind_robot,1_behind_robot,,0,narrow_hallway/nav2/metrics_steps_nav2_1_behind_robot_0.csv,False,1.9,1.161845616509469
narrow_hallway,nav2,nav2,1_behind_robot,1_behind_robot,,0,narrow_hallway/nav2/metrics_steps_nav2_1_behind_robot_0.csv,False,2.0,1.099039808244226
narrow_hallway,nav2,nav2,1_behind_robot,1_behind_robot,,0,narrow_hallway/nav2/metrics_steps_nav2_1_behind_robot_0.csv,False,2.1,1.0387157932980742
narrow_hallway,nav2,nav2,1_behind_robot,1_behind_robot,,0,narrow_hallway/nav2/metrics_steps_nav2_1_behind_robot_0.csv,False,2.2,0.9805486861049396
narrow_hallway,nav2,nav2,1_behind_robot,1_behind_robot,,0,narrow_hallway/nav2/metrics_steps_nav2_1_behind_robot_0.csv,False,2.3,0.9260089903127078
narrow_hallway,nav2,nav2,1_behind_robot,1_behind_robot,,0,narrow_hallway/nav2/metrics_steps_nav2_1_behind_robot_0.csv,False,2.4,0.871247411731646
narrow_hallway,nav2,nav2,1_behind_robot,1_behind_robot,,0,narrow_hallway/nav2/metrics_steps_nav2_1_behind_robot_0.csv,False,2.5,0.8160621108333783
narrow_hallway,nav2,nav2,1_behind_robot,1_behind_robot,,0,narrow_hallway/nav2/metrics_steps_nav2_1_behind_robot_0.csv,False,2.6,0.7659866310698296
narrow_hallway,nav2,nav2,1_behind_robot,1_behind_robot,,0,narrow_hallway/nav2/metrics_steps_nav2_1_behind_robot_0.csv,False,2.7,0.7207104110771734
narrow_hallway,nav2,nav2,1_behind_robot,1_behind_robot,,0,narrow_hallway/nav2/metrics_steps_nav2_1_behind_robot_0.csv,False,2.8,0.6769494395431819
narrow_hallway,nav2,nav2,1_behind_robot,1_behind_robot,,0,narrow_hallway/nav2/metrics_steps_nav2_1_behind_robot_0.csv,False,2.9,0.6366456556012612
narrow_hallway,nav2,nav2,1_behind_robot,1_behind_robot,,0,narrow_hallway/nav2/metrics_steps_nav2_1_behind_robot_0.csv,False,3.0,0.6034720165867427
narrow_hallway,nav2,nav2,1_behind_robot,1_behind_robot,,0,narrow_hallway/nav2/metrics_steps_nav2_1_behind_robot_0.csv,False,3.1,0.5737531460365983
narrow_hallway,nav2,nav2,1_behind_robot,1_behind_robot,,0,narrow_hallway/nav2/metrics_steps_nav2_1_behind_robot_0.csv,False,3.2,0.5486409600698656
narrow_hallway,nav2,nav2,1_behind_robot,1_behind_robot,,0,narrow_hallway/nav2/metrics_steps_nav2_1_behind_robot_0.csv,False,3.3,0.5253067476973992
narrow_hallway,nav2,nav2,1_behind_robot,1_behind_robot,,0,narrow_hallway/nav2/metrics_steps_nav2_1_behind_robot_0.csv,False,3.4,0.5084235514081601
narrow_hallway,nav2,nav2,1_behind_robot,1_behind_robot,,0,narrow_hallway/nav2/metrics_steps_nav2_1_behind_robot_0.csv,False,3.5,0.4991065769467562
narrow_hallway,nav2,nav2,1_behind_robot,1_behind_robot,,0,narrow_hallway/nav2/metrics_steps_nav2_1_behind_robot_0.csv,False,3.6,0.4934991682447962
narrow_hallway,nav2,nav2,1_behind_robot,1_behind_robot,,0,narrow_hallway/nav2/metrics_steps_nav2_1_behind_robot_0.csv,False,3.7,0.4939009116257351
narrow_hallway,nav2,nav2,1_behind_robot,1_behind_robot,,0,narrow_hallway/nav2/metrics_steps_nav2_1_behind_robot_0.csv,False,3.8,0.4996521917845398
narrow_hallway,nav2,nav2,1_behind_robot,1_behind_robot,,0,narrow_hallway/nav2/metrics_steps_nav2_1_behind_robot_0.csv,False,3.9,0.5027741330696358
narrow_hallway,nav2,nav2,1_behind_robot,1_behind_robot,,0,narrow_hallway/nav2/metrics_steps_nav2_1_behind_robot_0.csv,False,4.0,0.5092386685928285
narrow_hallway,nav2,nav2,1_behind_robot,1_behind_robot,,0,narrow_hallway/nav2/metrics_steps_nav2_1_behind_robot_0.csv,False,4.1,0.5174091339544513
narrow_hallway,nav2,nav2,1_behind_robot,1_behind_robot,,0,narrow_hallway/nav2/metrics_steps_nav2_1_behind_robot_0.csv,False,4.2,0.5258401379745896
narrow_hallway,nav2,nav2,1_behind_robot,1_behind_robot,,0,narrow_hallway/nav2/metrics_steps_nav2_1_behind_robot_0.csv,False,4.3,0.5353019319638594
narrow_hallway,nav2,nav2,1_behind_robot,1_behind_robot,,0,narrow_hallway/nav2/metrics_steps_nav2_1_behind_robot_0.csv,False,4.4,0.5456890071726366
narrow_hallway,nav2,nav2,1_behind_robot,1_behind_robot,,0,narrow_hallway/nav2/metrics_steps_nav2_1_behind_robot_0.csv,False,4.5,0.5561397561197048
narrow_hallway,nav2,nav2,1_behind_robot,1_behind_robot,,0,narrow_hallway/nav2/metrics_steps_nav2_1_behind_robot_0.csv,False,4.6,0.5651320513624327
narrow_hallway,nav2,nav2,1_behind_robot,1_behind_robot,,0,narrow_hallway/nav2/metrics_steps_nav2_1_behind_robot_0.csv,False,4.7,0.5740880058862379
narrow_hallway,nav2,nav2,1_behind_robot,1_behind_robot,,0,narrow_hallway/nav2/metrics_steps_nav2_1_behind_robot_0.csv,False,4.8,0.5834851797301306
narrow_hallway,nav2,nav2,1_behind_robot,1_behind_robot,,0,narrow_hallway/nav2/metrics_steps_nav2_1_behind_robot_0.csv,False,4.9,0.5930179145093022
narrow_hallway,nav2,nav2,1_behind_robot,1_behind_robot,,0,narrow_hallway/nav2/metrics_steps_nav2_1_behind_robot_0.csv,False,5.0,0.6006644347246568
narrow_hallway,nav2,nav2,1_behind_robot,1_behind_robot,,0,narrow_hallway/nav2/metrics_steps_nav2_1_behind_robot_0.csv,False,5.1,0.6105523264851389
narrow_hallway,nav2,nav2,1_behind_robot,1_behind_robot,,0,narrow_hallway/nav2/metrics_steps_nav2_1_behind_robot_0.csv,False,5.2,0.6236758271610785
narrow_hallway,nav2,nav2,1_behind_robot,1_behind_robot,,0,narrow_hallway/nav2/metrics_steps_nav2_1_behind_robot_0.csv,False,5.3,0.6340802596278636
narrow_hallway,nav2,nav2,1_behind_robot,1_behind_robot,,0,narrow_hallway/nav2/metrics_steps_nav2_1_behind_robot_0.csv,False,5.4,0.6433218832601448
narrow_hallway,nav2,nav2,1_behind_robot,1_behind_robot,,0,narrow_hallway/nav2/metrics_steps_nav2_1_behind_robot_0.csv,False,5.5,0.6545376538041494
narrow_hallway,nav2,nav2,1_behind_robot,1_behind_robot,,0,narrow_hallway/nav2/metrics_steps_nav2_1_behind_robot_0.csv,False,5.6,0.6677727011653845
narrow_hallway,nav2,nav2,1_behind_robot,1_behind_robot,,0,narrow_hallway/nav2/metrics_steps_nav2_1_behind_robot_0.csv,False,5.7,0.6817629261884441
narrow_hallway,nav2,nav2,1_behind_robot,1_behind_robot,,0,narrow_hallway/nav2/metrics_steps_nav2_1_behind_robot_0.csv,False,5.8,0.6966480488486497
narrow_hallway,nav2,nav2,1_behind_robot,1_behind_robot,,0,narrow_hallway/nav2/metrics_steps_nav2_1_behind_robot_0.csv,False,5.9,0.7119216634517762
narrow_hallway,nav2,nav2,1_behind_robot,1_behind_robot,,0,narrow_hallway/nav2/metrics_steps_nav2_1_behind_robot_0.csv,False,6.0,0.7281027097220532
narrow_hallway,nav2,nav2,1_behind_robot,1_behind_robot,,0,narrow_hallway/nav2/metrics_steps_nav2_1_behind_robot_0.csv,False,6.1,0.7453910099691898
narrow_hallway,nav2,nav2,1_behind_robot,1_behind_robot,,0,narrow_hallway/nav2/metrics_steps_nav2_1_behind_robot_0.csv,False,6.2,0.7646283408248706
narrow_hallway,nav2,nav2,1_behind_robot,1_behind_robot,,0,narrow_hallway/nav2/metrics_steps_nav2_1_behind_robot_0.csv,False,6.3,0.7851635061280682
narrow_hallway,nav2,nav2,1_behind_robot,1_behind_robot,,0,narrow_hallway/nav2/metrics_steps_nav2_1_behind_robot_0.csv,False,6.4,0.8073080934116306
narrow_hallway,nav2,nav2,1_behind_robot,1_behind_robot,,0,narrow_hallway/nav2/metrics_steps_nav2_1_behind_robot_0.csv,False,6.5,0.83118766546597
narrow_hallway,nav2,nav2,1_behind_robot,1_behind_robot,,0,narrow_hallway/nav2/metrics_steps_nav2_1_behind_robot_0.csv,False,6.6,0.8548331612982591
narrow_hallway,nav2,nav2,1_behind_robot,1_behind_robot,,0,narrow_hallway/nav2/metrics_steps_nav2_1_behind_robot_0.csv,False,6.7,0.8786185667707047
narrow_hallway,nav2,nav2,1_behind_robot,1_behind_robot,,0,narrow_hallway/nav2/metrics_steps_nav2_1_behind_robot_0.csv,False,6.8,0.9008631078033283
narrow_hallway,nav2,nav2,1_behind_robot,1_behind_robot,,0,narrow_hallway/nav2/metrics_steps_nav2_1_behind_robot_0.csv,False,6.9,0.9203124824673984
narrow_hallway,nav2,nav2,1_behind_robot,1_behind_robot,,0,narrow_hallway/nav2/metrics_steps_nav2_1_behind_robot_0.csv,False,7.0,0.9408339368473012
narrow_hallway,nav2,nav2,1_behind_robot,1_behind_robot,,0,narrow_hallway/nav2/metrics_steps_nav2_1_behind_robot_0.csv,False,7.1,0.9633896569830716
narrow_hallway,nav2,nav2,1_behind_robot,1_behind_robot,,0,narrow_hallway/nav2/metrics_steps_nav2_1_behind_robot_0.csv,False,7.2,0.9854725576181964
narrow_hallway,nav2,nav2,1_behind_robot,1_behind_robot,,0,narrow_hallway/nav2/metrics_steps_nav2_1_behind_robot_0.csv,False,7.3,1.0095287576477523
narrow_hallway,nav2,nav2,1_behind_robot,1_behind_robot,,0,narrow_hallway/nav2/metrics_steps_nav2_1_behind_robot_0.csv,False,7.4,1.0360922802622885
narrow_hallway,nav2,nav2,1_behind_robot,1_behind_robot,,0,narrow_hallway/nav2/metrics_steps_nav2_1_behind_robot_0.csv,False,7.5,1.06685655512916
narrow_hallway,nav2,nav2,1_behind_robot,1_behind_robot,,0,narrow_hallway/nav2/metrics_steps_nav2_1_behind_robot_0.csv,False,7.6,1.0998863018061578
narrow_hallway,nav2,nav2,1_behind_robot,1_behind_robot,,0,narrow_hallway/nav2/metrics_steps_nav2_1_behind_robot_0.csv,False,7.7,1.131229341416118
narrow_hallway,nav2,nav2,1_behind_robot,1_behind_robot,,0,narrow_hallway/nav2/metrics_steps_nav2_1_behind_robot_0.csv,False,7.8,1.1647265126927302
narrow_hallway,nav2,nav2,1_behind_robot,1_behind_robot,,0,narrow_hallway/nav2/metrics_steps_nav2_1_behind_robot_0.csv,False,7.9,1.2046110837663595
narrow_hallway,nav2,nav2,1_behind_robot,1_behind_robot,,0,narrow_hallway/nav2/metrics_steps_nav2_1_behind_robot_0.csv,False,8.0,1.245945149855671
narrow_hallway,nav2,nav2,1_behind_robot,1_behind_robot,,0,narrow_hallway/nav2/metrics_steps_nav2_1_behind_robot_0.csv,False,8.1,1.2864595029629746
narrow_hallway,nav2,nav2,1_behind_robot,1_behind_robot,,0,narrow_hallway/nav2/metrics_steps_nav2_1_behind_robot_0.csv,False,8.2,1.329291255174112
narrow_hallway,nav2,nav2,1_behind_robot,1_behind_robot,,0,narrow_hallway/nav2/metrics_steps_nav2_1_behind_robot_0.csv,False,8.3,1.3750984278533922
narrow_hallway,nav2,nav2,1_behind_robot,1_behind_robot,,0,narrow_hallway/nav2/metrics_steps_nav2_1_behind_robot_0.csv,False,8.4,1.4251493965241702
narrow_hallway,nav2,nav2,1_behind_robot,1_behind_robot,,0,narrow_hallway/nav2/metrics_steps_nav2_1_behind_robot_0.csv,False,8.5,1.4732295846229166
narrow_hallway,nav2,nav2,1_behind_robot,1_behind_robot,,0,narrow_hallway/nav2/metrics_steps_nav2_1_behind_robot_0.csv,False,8.6,1.5229417589619278
narrow_hallway,nav2,nav2,1_behind_robot,1_behind_robot,,0,narrow_hallway/nav2/metrics_steps_nav2_1_behind_robot_0.csv,False,8.7,1.5720964823171668
narrow_hallway,nav2,nav2,1_behind_robot,1_behind_robot,,0,narrow_hallway/nav2/metrics_steps_nav2_1_behind_robot_0.csv,False,8.8,1.6207330127272228
narrow_hallway,nav2,nav2,1_behind_robot,1_behind_robot,,0,narrow_hallway/nav2/metrics_steps_nav2_1_behind_robot_0.csv,False,8.9,1.6729795496591162
narrow_hallway,nav2,nav2,1_behind_robot,1_behind_robot,,0,narrow_hallway/nav2/metrics_steps_nav2_1_behind_robot_0.csv,False,9.0,1.7231693417051233
narrow_hallway,nav2,nav2,1_behind_robot,1_behind_robot,,0,narrow_hallway/nav2/metrics_steps_nav2_1_behind_robot_0.csv,False,9.1,1.7758807662935912
narrow_hallway,nav2,nav2,1_behind_robot,1_behind_robot,,0,narrow_hallway/nav2/metrics_steps_nav2_1_behind_robot_0.csv,False,9.2,1.8278885414284725
narrow_hallway,nav2,nav2,1_behind_robot,1_behind_robot,,0,narrow_hallway/nav2/metrics_steps_nav2_1_behind_robot_0.csv,False,9.3,1.8803655904319507
narrow_hallway,nav2,nav2,1_behind_robot,1_behind_robot,,0,narrow_hallway/nav2/metrics_steps_nav2_1_behind_robot_0.csv,False,9.4,1.934120396435529
narrow_hallway,nav2,nav2,1_behind_robot,1_behind_robot,,0,narrow_hallway/nav2/metrics_steps_nav2_1_behind_robot_0.csv,False,9.5,1.987466599446361
narrow_hallway,nav2,nav2,1_behind_robot,1_behind_robot,,0,narrow_hallway/nav2/metrics_steps_nav2_1_behind_robot_0.csv,False,9.6,2.0388153824265425
narrow_hallway,nav2,nav2,1_behind_robot,1_behind_robot,,0,narrow_hallway/nav2/metrics_steps_nav2_1_behind_robot_0.csv,False,9.7,2.089254995732958
narrow_hallway,nav2,nav2,1_behind_robot,1_behind_robot,,0,narrow_hallway/nav2/metrics_steps_nav2_1_behind_robot_0.csv,False,9.8,2.14216252950586
narrow_hallway,nav2,nav2,1_behind_robot,1_behind_robot,,0,narrow_hallway/nav2/metrics_steps_nav2_1_behind_robot_0.csv,False,9.9,2.1959529265602824
narrow_hallway,nav2,nav2,1_behind_robot,1_behind_robot,,0,narrow_hallway/nav2/metrics_steps_nav2_1_behind_robot_0.csv,False,10.0,2.250416812607695
narrow_hallway,nav2,nav2,1_behind_robot,1_behind_robot,,0,narrow_hallway/nav2/metrics_steps_nav2_1_behind_robot_0.csv,False,10.1,2.3084215732118665
narrow_hallway,nav2,nav2,1_behind_robot,1_behind_robot,,0,narrow_hallway/nav2/metrics_steps_nav2_1_behind_robot_0.csv,False,10.2,2.36521947996516
narrow_hallway,nav2,nav2,1_behind_robot,1_behind_robot,,0,narrow_hallway/nav2/metrics_steps_nav2_1_behind_robot_0.csv,False,10.3,2.4225758538061437
narrow_hallway,nav2,nav2,1_behind_robot,1_behind_robot,,0,narrow_hallway/nav2/metrics_steps_nav2_1_behind_robot_0.csv,False,10.4,2.479877120634276
narrow_hallway,nav2,nav2,1_behind_robot,1_behind_robot,,0,narrow_hallway/nav2/metrics_steps_nav2_1_behind_robot_0.csv,False,10.5,2.5369403774332744
narrow_hallway,nav2,nav2,1_behind_robot,1_behind_robot,,0,narrow_hallway/nav2/metrics_steps_nav2_1_behind_robot_0.csv,False,10.6,2.5937148737705957
narrow_hallway,nav2,nav2,1_behind_robot,1_behind_robot,,0,narrow_hallway/nav2/metrics_steps_nav2_1_behind_robot_0.csv,False,10.7,2.648907138405435
narrow_hallway,nav2,nav2,1_behind_robot,1_behind_robot,,0,narrow_hallway/nav2/metrics_steps_nav2_1_behind_robot_0.csv,False,10.8,2.7039192932365097
narrow_hallway,nav2,nav2,1_behind_robot,1_behind_robot,,0,narrow_hallway/nav2/metrics_steps_nav2_1_behind_robot_0.csv,False,10.9,2.7542173776029286
narrow_hallway,nav2,nav2,1_behind_robot,1_behind_robot,,0,narrow_hallway/nav2/metrics_steps_nav2_1_behind_robot_0.csv,False,11.0,2.8026865846948192
narrow_hallway,nav2,nav2,1_behind_robot,1_behind_robot,,0,narrow_hallway/nav2/metrics_steps_nav2_1_behind_robot_0.csv,False,11.1,2.849983151760262
narrow_hallway,nav2,nav2,1_behind_robot,1_behind_robot,,0,narrow_hallway/nav2/metrics_steps_nav2_1_behind_robot_0.csv,False,11.2,2.899735639911491
narrow_hallway,nav2,nav2,1_behind_robot,1_behind_robot,,0,narrow_hallway/nav2/metrics_steps_nav2_1_behind_robot_0.csv,False,11.3,2.955782077637397
narrow_hallway,nav2,nav2,1_behind_robot,1_behind_robot,,0,narrow_hallway/nav2/metrics_steps_nav2_1_behind_robot_0.csv,False,11.4,3.0110266492070674
narrow_hallway,nav2,nav2,1_behind_robot,1_behind_robot,,0,narrow_hallway/nav2/metrics_steps_nav2_1_behind_robot_0.csv,False,11.5,3.06548842243623
narrow_hallway,nav2,nav2,1_behind_robot,1_behind_robot,,0,narrow_hallway/nav2/metrics_steps_nav2_1_behind_robot_0.csv,False,11.6,3.1197443293279834
narrow_hallway,nav2,nav2,1_behind_robot,1_behind_robot,,0,narrow_hallway/nav2/metrics_steps_nav2_1_behind_robot_0.csv,False,11.7,3.16761434933846
narrow_hallway,nav2,nav2,1_behind_robot,1_behind_robot,,0,narrow_hallway/nav2/metrics_steps_nav2_1_behind_robot_0.csv,False,11.8,3.21432935151564
narrow_hallway,nav2,nav2,1_behind_robot,1_behind_robot,,0,narrow_hallway/nav2/metrics_steps_nav2_1_behind_robot_0.csv,False,11.9,3.265158807218324
narrow_hallway,nav2,nav2,1_behind_robot,1_behind_robot,,0,narrow_hallway/nav2/metrics_steps_nav2_1_behind_robot_0.csv,False,12.0,3.3143986276422464
narrow_hallway,nav2,nav2,1_behind_robot,1_behind_robot,,0,narrow_hallway/nav2/metrics_steps_nav2_1_behind_robot_0.csv,False,12.1,3.364546830345886
narrow_hallway,nav2,nav2,1_behind_robot,1_behind_robot,,0,narrow_hallway/nav2/metrics_steps_nav2_1_behind_robot_0.csv,False,12.2,3.418683260382408
narrow_hallway,nav2,nav2,1_behind_robot,1_behind_robot,,0,narrow_hallway/nav2/metrics_steps_nav2_1_behind_robot_0.csv,False,12.3,3.469340277325375
narrow_hallway,nav2,nav2,1_behind_robot,1_behind_robot,,0,narrow_hallway/nav2/metrics_steps_nav2_1_behind_robot_0.csv,False,12.4,3.522094090324594
narrow_hallway,nav2,nav2,1_behind_robot,1_behind_robot,,0,narrow_hallway/nav2/metrics_steps_nav2_1_behind_robot_0.csv,False,12.5,3.5757861229628007
narrow_hallway,nav2,nav2,1_behind_robot,1_behind_robot,,0,narrow_hallway/nav2/metrics_steps_nav2_1_behind_robot_0.csv,False,12.6,3.631721244425744
narrow_hallway,nav2,nav2,1_behind_robot,1_behind_robot,,0,narrow_hallway/nav2/metrics_steps_nav2_1_behind_robot_0.csv,False,12.7,3.68556657991231
narrow_hallway,nav2,nav2,1_behind_robot,1_behind_robot,,0,narrow_hallway/nav2/metrics_steps_nav2_1_behind_robot_0.csv,False,12.8,3.740346130996125
narrow_hallway,nav2,nav2,1_behind_robot,1_behind_robot,,0,narrow_hallway/nav2/metrics_steps_nav2_1_behind_robot_0.csv,False,12.9,3.799833324839333
narrow_hallway,nav2,nav2,1_behind_robot,1_behind_robot,,0,narrow_hallway/nav2/metrics_steps_nav2_1_behind_robot_0.csv,False,13.0,3.859209253446852
narrow_hallway,nav2,nav2,1_behind_robot,1_behind_robot,,0,narrow_hallway/nav2/metrics_steps_nav2_1_behind_robot_0.csv,False,13.1,3.918127748591884
narrow_hallway,nav2,nav2,1_behind_robot,1_behind_robot,,0,narrow_hallway/nav2/metrics_steps_nav2_1_behind_robot_0.csv,False,13.2,3.97539665993098
narrow_hallway,nav2,nav2,1_behind_robot,1_behind_robot,,0,narrow_hallway/nav2/metrics_steps_nav2_1_behind_robot_0.csv,False,13.3,4.029662728988213
narrow_hallway,nav2,nav2,1_behind_robot,1_behind_robot,,0,narrow_hallway/nav2/metrics_steps_nav2_1_behind_robot_0.csv,False,13.4,4.087646208601459
narrow_hallway,nav2,nav2,1_behind_robot,1_behind_robot,,0,narrow_hallway/nav2/metrics_steps_nav2_1_behind_robot_0.csv,False,13.5,4.147371668793535
narrow_hallway,nav2,nav2,1_behind_robot,1_behind_robot,,0,narrow_hallway/nav2/metrics_steps_nav2_1_behind_robot_0.csv,False,13.6,4.207297409913945
narrow_hallway,nav2,nav2,1_behind_robot,1_behind_robot,,0,narrow_hallway/nav2/metrics_steps_nav2_1_behind_robot_0.csv,False,13.7,4.267467685610695
narrow_hallway,nav2,nav2,1_behind_robot,1_behind_robot,,0,narrow_hallway/nav2/metrics_steps_nav2_1_behind_robot_0.csv,False,13.8,4.3297451345786655
narrow_hallway,nav2,nav2,1_behind_robot,1_behind_robot,,0,narrow_hallway/nav2/metrics_steps_nav2_1_behind_robot_0.csv,False,13.9,4.3904858056171205
narrow_hallway,nav2,nav2,1_behind_robot,1_behind_robot,,0,narrow_hallway/nav2/metrics_steps_nav2_1_behind_robot_0.csv,False,14.0,4.45001842423284
narrow_hallway,nav2,nav2,1_behind_robot,1_behind_robot,,0,narrow_hallway/nav2/metrics_steps_nav2_1_behind_robot_0.csv,False,14.1,4.510514892996102
narrow_hallway,nav2,nav2,1_behind_robot,1_behind_robot,,0,narrow_hallway/nav2/metrics_steps_nav2_1_behind_robot_0.csv,False,14.2,4.57303196087495
narrow_hallway,nav2,nav2,1_behind_robot,1_behind_robot,,0,narrow_hallway/nav2/metrics_steps_nav2_1_behind_robot_0.csv,False,14.3,4.636644337685617
narrow_hallway,nav2,nav2,1_behind_robot,1_behind_robot,,0,narrow_hallway/nav2/metrics_steps_nav2_1_behind_robot_0.csv,False,14.4,4.700760955953602
narrow_hallway,nav2,nav2,1_behind_robot,1_behind_robot,,0,narrow_hallway/nav2/metrics_steps_nav2_1_behind_robot_0.csv,False,14.5,4.759405671920631
narrow_hallway,nav2,nav2,1_behind_robot,1_behind_robot,,0,narrow_hallway/nav2/metrics_steps_nav2_1_behind_robot_0.csv,False,14.6,4.775737702271881
narrow_hallway,nav2,nav2,1_behind_robot,1_behind_robot,,0,narrow_hallway/nav2/metrics_steps_nav2_1_behind_robot_0.csv,False,14.7,4.699415750465962
narrow_hallway,nav2,nav2,1_behind_robot,1_behind_robot,,0,narrow_hallway/nav2/metrics_steps_nav2_1_behind_robot_0.csv,False,14.8,4.624002932153037
narrow_hallway,nav2,nav2,1_behind_robot,1_behind_robot,,0,narrow_hallway/nav2/metrics_steps_nav2_1_behind_robot_0.csv,False,14.9,4.548480292433814
narrow_hallway,nav2,nav2,1_behind_robot,1_behind_robot,,0,narrow_hallway/nav2/metrics_steps_nav2_1_behind_robot_0.csv,False,15.0,4.468810004105836
narrow_hallway,nav2,nav2,1_behind_robot,1_behind_robot,,0,narrow_hallway/nav2/metrics_steps_nav2_1_behind_robot_0.csv,False,15.1,4.3902095618592085
narrow_hallway,nav2,nav2,1_behind_robot,1_behind_robot,,0,narrow_hallway/nav2/metrics_steps_nav2_1_behind_robot_0.csv,False,15.2,4.311285498950877
narrow_hallway,nav2,nav2,1_behind_robot,1_behind_robot,,0,narrow_hallway/nav2/metrics_steps_nav2_1_behind_robot_0.csv,False,15.3,4.232093656276662
narrow_hallway,nav2,nav2,1_behind_robot,1_behind_robot,,0,narrow_hallway/nav2/metrics_steps_nav2_1_behind_robot_0.csv,False,15.4,4.153211622391957
narrow_hallway,nav2,nav2,1_behind_robot,1_behind_robot,,0,narrow_hallway/nav2/metrics_steps_nav2_1_behind_robot_0.csv,False,15.5,4.079352187926706
narrow_hallway,nav2,nav2,1_behind_robot,1_behind_robot,,0,narrow_hallway/nav2/metrics_steps_nav2_1_behind_robot_0.csv,False,15.6,4.005563925568175
narrow_hallway,nav2,nav2,1_behind_robot,1_behind_robot,,0,narrow_hallway/nav2/metrics_steps_nav2_1_behind_robot_0.csv,False,15.7,3.930434386540126
narrow_hallway,nav2,nav2,1_behind_robot,1_behind_robot,,0,narrow_hallway/nav2/metrics_steps_nav2_1_behind_robot_0.csv,False,15.8,3.856343616209373
narrow_hallway,nav2,nav2,1_behind_robot,1_behind_robot,,0,narrow_hallway/nav2/metrics_steps_nav2_1_behind_robot_0.csv,False,15.9,3.7827609707481296
narrow_hallway,nav2,nav2,1_behind_robot,1_behind_robot,,0,narrow_hallway/nav2/metrics_steps_nav2_1_behind_robot_0.csv,False,16.0,3.7077153709995487
narrow_hallway,nav2,nav2,1_behind_robot,1_behind_robot,,0,narrow_hallway/nav2/metrics_steps_nav2_1_behind_robot_0.csv,False,16.1,3.63231389898256
narrow_hallway,nav2,nav2,1_behind_robot,1_behind_robot,,0,narrow_hallway/nav2/metrics_steps_nav2_1_behind_robot_0.csv,False,16.2,3.555639188055233
narrow_hallway,nav2,nav2,1_behind_robot,1_behind_robot,,0,narrow_hallway/nav2/metrics_steps_nav2_1_behind_robot_0.csv,False,16.3,3.479860471268977
narrow_hallway,nav2,nav2,1_behind_robot,1_behind_robot,,0,narrow_hallway/nav2/metrics_steps_nav2_1_behind_robot_0.csv,False,16.4,3.405482183055022
narrow_hallway,nav2,nav2,1_behind_robot,1_behind_robot,,0,narrow_hallway/nav2/metrics_steps_nav2_1_behind_robot_0.csv,False,16.5,3.3305847186654898
narrow_hallway,nav2,nav2,1_behind_robot,1_behind_robot,,0,narrow_hallway/nav2/metrics_steps_nav2_1_behind_robot_0.csv,False,16.6,3.253039025771214
narrow_hallway,nav2,nav2,1_behind_robot,1_behind_robot,,0,narrow_hallway/nav2/metrics_steps_nav2_1_behind_robot_0.csv,False,16.7,3.17781011416788
narrow_hallway,nav2,nav2,1_behind_robot,1_behind_robot,,0,narrow_hallway/nav2/metrics_steps_nav2_1_behind_robot_0.csv,False,16.8,3.104669897075863
narrow_hallway,nav2,nav2,1_behind_robot,1_behind_robot,,0,narrow_hallway/nav2/metrics_steps_nav2_1_behind_robot_0.csv,False,16.9,3.028590341404701
narrow_hallway,nav2,nav2,1_behind_robot,1_behind_robot,,0,narrow_hallway/nav2/metrics_steps_nav2_1_behind_robot_0.csv,False,17.0,2.954290032103466
narrow_hallway,nav2,nav2,1_behind_robot,1_behind_robot,,0,narrow_hallway/nav2/metrics_steps_nav2_1_behind_robot_0.csv,False,17.1,2.882761380620238
narrow_hallway,nav2,nav2,1_behind_robot,1_behind_robot,,0,narrow_hallway/nav2/metrics_steps_nav2_1_behind_robot_0.csv,False,17.2,2.8118897664300677
narrow_hallway,nav2,nav2,1_behind_robot,1_behind_robot,,0,narrow_hallway/nav2/metrics_steps_nav2_1_behind_robot_0.csv,False,17.3,2.7382752346639148
narrow_hallway,nav2,nav2,1_behind_robot,1_behind_robot,,0,narrow_hallway/nav2/metrics_steps_nav2_1_behind_robot_0.csv,False,17.4,2.665410677306144
narrow_hallway,nav2,nav2,1_behind_robot,1_behind_robot,,0,narrow_hallway/nav2/metrics_steps_nav2_1_behind_robot_0.csv,False,17.5,2.597022884243937
narrow_hallway,nav2,nav2,1_behind_robot,1_behind_robot,,0,narrow_hallway/nav2/metrics_steps_nav2_1_behind_robot_0.csv,False,17.6,2.529035247721689
narrow_hallway,nav2,nav2,1_behind_robot,1_behind_robot,,0,narrow_hallway/nav2/metrics_steps_nav2_1_behind_robot_0.csv,False,17.7,2.4578685013893757
narrow_hallway,nav2,nav2,1_behind_robot,1_behind_robot,,0,narrow_hallway/nav2/metrics_steps_nav2_1_behind_robot_0.csv,False,17.8,2.3878612301291446
narrow_hallway,nav2,nav2,1_behind_robot,1_behind_robot,,0,narrow_hallway/nav2/metrics_steps_nav2_1_behind_robot_0.csv,False,17.9,2.322926247536419
narrow_hallway,nav2,nav2,1_behind_robot,1_behind_robot,,0,narrow_hallway/nav2/metrics_steps_nav2_1_behind_robot_0.csv,False,18.0,2.2637978341380647
narrow_hallway,nav2,nav2,1_behind_robot,1_behind_robot,,0,narrow_hallway/nav2/metrics_steps_nav2_1_behind_robot_0.csv,False,18.1,2.19773763772905
narrow_hallway,nav2,nav2,1_behind_robot,1_behind_robot,,0,narrow_hallway/nav2/metrics_steps_nav2_1_behind_robot_0.csv,False,18.2,2.1292902992252176
narrow_hallway,nav2,nav2,1_behind_robot,1_behind_robot,,0,narrow_hallway/nav2/metrics_steps_nav2_1_behind_robot_0.csv,False,18.3,2.0618049332449635
narrow_hallway,nav2,nav2,1_behind_robot,1_behind_robot,,0,narrow_hallway/nav2/metrics_steps_nav2_1_behind_robot_0.csv,False,18.4,1.993731926318668
narrow_hallway,nav2,nav2,1_behind_robot,1_behind_robot,,0,narrow_hallway/nav2/metrics_steps_nav2_1_behind_robot_0.csv,False,18.5,1.924562616211662
narrow_hallway,nav2,nav2,1_behind_robot,1_behind_robot,,0,narrow_hallway/nav2/metrics_steps_nav2_1_behind_robot_0.csv,False,18.6,1.856895047529868
narrow_hallway,nav2,nav2,1_behind_robot,1_behind_robot,,0,narrow_hallway/nav2/metrics_steps_nav2_1_behind_robot_0.csv,False,18.7,1.7927192836398618
narrow_hallway,nav2,nav2,1_behind_robot,1_behind_robot,,0,narrow_hallway/nav2/metrics_steps_nav2_1_behind_robot_0.csv,False,18.8,1.732777205636039
narrow_hallway,nav2,nav2,1_behind_robot,1_behind_robot,,0,narrow_hallway/nav2/metrics_steps_nav2_1_behind_robot_0.csv,False,18.9,1.6817967777561038
narrow_hallway,nav2,nav2,1_behind_robot,1_behind_robot,,0,narrow_hallway/nav2/metrics_steps_nav2_1_behind_robot_0.csv,False,19.0,1.6407622184131123
narrow_hallway,nav2,nav2,1_behind_robot,1_behind_robot,,0,narrow_hallway/nav2/metrics_steps_nav2_1_behind_robot_0.csv,False,19.1,1.6057419936632478
narrow_hallway,nav2,nav2,1_behind_robot,1_behind_robot,,0,narrow_hallway/nav2/metrics_steps_nav2_1_behind_robot_0.csv,False,19.2,1.5693795135327957
narrow_hallway,nav2,nav2,1_behind_robot,1_behind_robot,,0,narrow_hallway/nav2/metrics_steps_nav2_1_behind_robot_0.csv,False,19.3,1.5285803386280912
narrow_hallway,nav2,nav2,1_behind_robot,1_behind_robot,,0,narrow_hallway/nav2/metrics_steps_nav2_1_behind_robot_0.csv,False,19.4,1.4827479116153146
narrow_hallway,nav2,nav2,1_behind_robot,1_behind_robot,,0,narrow_hallway/nav2/metrics_steps_nav2_1_behind_robot_0.csv,False,19.5,1.4348137714889448
narrow_hallway,nav2,nav2,1_behind_robot,1_behind_robot,,0,narrow_hallway/nav2/metrics_steps_nav2_1_behind_robot_0.csv,False,19.6,1.388388646801027
narrow_hallway,nav2,nav2,1_behind_robot,1_behind_robot,,0,narrow_hallway/nav2/metrics_steps_nav2_1_behind_robot_0.csv,False,19.7,1.3411337865426356
narrow_hallway,nav2,nav2,1_behind_robot,1_behind_robot,,0,narrow_hallway/nav2/metrics_steps_nav2_1_behind_robot_0.csv,False,19.8,1.295003824193642
narrow_hallway,nav2,nav2,1_behind_robot,1_behind_robot,,0,narrow_hallway/nav2/metrics_steps_nav2_1_behind_robot_0.csv,False,19.9,1.252735505289282
narrow_hallway,nav2,nav2,1_behind_robot,1_behind_robot,,0,narrow_hallway/nav2/metrics_steps_nav2_1_behind_robot_0.csv,False,20.0,1.214876425181777
narrow_hallway,nav2,nav2,1_behind_robot,1_behind_robot,,0,narrow_hallway/nav2/metrics_steps_nav2_1_behind_robot_0.csv,False,20.1,1.179798226322082
narrow_hallway,nav2,nav2,1_behind_robot,1_behind_robot,,0,narrow_hallway/nav2/metrics_steps_nav2_1_behind_robot_0.csv,False,20.2,1.144788957225203
narrow_hallway,nav2,nav2,1_behind_robot,1_behind_robot,,0,narrow_hallway/nav2/metrics_steps_nav2_1_behind_robot_0.csv,False,20.3,1.1078434642829555
narrow_hallway,nav2,nav2,1_behind_robot,1_behind_robot,,0,narrow_hallway/nav2/metrics_steps_nav2_1_behind_robot_0.csv,False,20.4,1.075873305834146
narrow_hallway,nav2,nav2,1_behind_robot,1_behind_robot,,0,narrow_hallway/nav2/metrics_steps_nav2_1_behind_robot_0.csv,False,20.5,1.0450454665701716
narrow_hallway,nav2,nav2,1_behind_robot,1_behind_robot,,0,narrow_hallway/nav2/metrics_steps_nav2_1_behind_robot_0.csv,False,20.6,1.015537067820665
narrow_hallway,nav2,nav2,1_behind_robot,1_behind_robot,,0,narrow_hallway/nav2/metrics_steps_nav2_1_behind_robot_0.csv,False,20.7,0.989404835177687
narrow_hallway,nav2,nav2,1_behind_robot,1_behind_robot,,0,narrow_hallway/nav2/metrics_steps_nav2_1_behind_robot_0.csv,False,20.8,0.9649136245944384
narrow_hallway,nav2,nav2,1_behind_robot,1_behind_robot,,0,narrow_hallway/nav2/metrics_steps_nav2_1_behind_robot_0.csv,False,20.9,0.942006020077208
narrow_hallway,nav2,nav2,1_behind_robot,1_behind_robot,,0,narrow_hallway/nav2/metrics_steps_nav2_1_behind_robot_0.csv,False,21.0,0.9215317872484848
narrow_hallway,nav2,nav2,1_behind_robot,1_behind_robot,,0,narrow_hallway/nav2/metrics_steps_nav2_1_behind_robot_0.csv,False,21.1,0.9060969765833372
narrow_hallway,nav2,nav2,1_behind_robot,1_behind_robot,,0,narrow_hallway/nav2/metrics_steps_nav2_1_behind_robot_0.csv,False,21.2,0.8938774760904471
narrow_hallway,nav2,nav2,1_behind_robot,1_behind_robot,,0,narrow_hallway/nav2/metrics_steps_nav2_1_behind_robot_0.csv,False,21.3,0.8823808902799877
narrow_hallway,nav2,nav2,1_behind_robot,1_behind_robot,,0,narrow_hallway/nav2/metrics_steps_nav2_1_behind_robot_0.csv,False,21.4,0.8729005542066606
narrow_hallway,nav2,nav2,1_behind_robot,1_behind_robot,,0,narrow_hallway/nav2/metrics_steps_nav2_1_behind_robot_0.csv,False,21.5,0.8670316557304674
narrow_hallway,nav2,nav2,1_behind_robot,1_behind_robot,,0,narrow_hallway/nav2/metrics_steps_nav2_1_behind_robot_0.csv,False,21.6,0.8656003264440455
narrow_hallway,nav2,nav2,1_behind_robot,1_behind_robot,,0,narrow_hallway/nav2/metrics_steps_nav2_1_behind_robot_0.csv,False,21.7,0.8654994895714272
narrow_hallway,nav2,nav2,1_behind_robot,1_behind_robot,,0,narrow_hallway/nav2/metrics_steps_nav2_1_behind_robot_0.csv,False,21.8,0.8665107959862028
narrow_hallway,nav2,nav2,1_behind_robot,1_behind_robot,,0,narrow_hallway/nav2/metrics_steps_nav2_1_behind_robot_0.csv,False,21.9,0.8691208833163171
narrow_hallway,nav2,nav2,1_behind_robot,1_behind_robot,,0,narrow_hallway/nav2/metrics_steps_nav2_1_behind_robot_0.csv,False,22.0,0.8737860627211556
narrow_hallway,nav2,nav2,1_behind_robot,1_behind_robot,,0,narrow_hallway/nav2/metrics_steps_nav2_1_behind_robot_0.csv,False,22.1,0.8809014458294833
narrow_hallway,nav2,nav2,1_behind_robot,1_behind_robot,,0,narrow_hallway/nav2/metrics_steps_nav2_1_behind_robot_0.csv,False,22.2,0.8885100847575844
narrow_hallway,nav2,nav2,1_behind_robot,1_behind_robot,,0,narrow_hallway/nav2/metrics_steps_nav2_1_behind_robot_0.csv,False,22.3,0.8952713224993278
narrow_hallway,nav2,nav2,1_behind_robot,1_behind_robot,,0,narrow_hallway/nav2/metrics_steps_nav2_1_behind_robot_0.csv,False,22.4,0.9003621641774082
narrow_hallway,nav2,nav2,1_behind_robot,1_behind_robot,,0,narrow_hallway/nav2/metrics_steps_nav2_1_behind_robot_0.csv,False,22.5,0.9048588561308606
narrow_hallway,nav2,nav2,1_behind_robot,1_behind_robot,,0,narrow_hallway/nav2/metrics_steps_nav2_1_behind_robot_0.csv,False,22.6,0.905925231495368
narrow_hallway,nav2,nav2,1_behind_robot,1_behind_robot,,0,narrow_hallway/nav2/metrics_steps_nav2_1_behind_robot_0.csv,False,22.7,0.904518025189589
narrow_hallway,nav2,nav2,1_behind_robot,1_behind_robot,,0,narrow_hallway/nav2/metrics_steps_nav2_1_behind_robot_0.csv,False,22.8,0.9029723595240048
narrow_hallway,nav2,nav2,1_behind_robot,1_behind_robot,,0,narrow_hallway/nav2/metrics_steps_nav2_1_behind_robot_0.csv,False,22.9,0.9028117607321376
narrow_hallway,nav2,nav2,1_behind_robot,1_behind_robot,,0,narrow_hallway/nav2/metrics_steps_nav2_1_behind_robot_0.csv,False,23.0,0.9034504305067704
narrow_hallway,nav2,nav2,1_behind_robot,1_behind_robot,,0,narrow_hallway/nav2/metrics_steps_nav2_1_behind_robot_0.csv,False,23.1,0.9035502041265489
narrow_hallway,nav2,nav2,1_behind_robot,1_behind_robot,,0,narrow_hallway/nav2/metrics_steps_nav2_1_behind_robot_0.csv,False,23.2,0.9015275862593632
narrow_hallway,nav2,nav2,1_behind_robot,1_behind_robot,,0,narrow_hallway/nav2/metrics_steps_nav2_1_behind_robot_0.csv,False,23.3,0.8977630119796924
narrow_hallway,nav2,nav2,1_behind_robot,1_behind_robot,,0,narrow_hallway/nav2/metrics_steps_nav2_1_behind_robot_0.csv,False,23.4,0.8903025455461584
narrow_hallway,nav2,nav2,1_behind_robot,1_behind_robot,,0,narrow_hallway/nav2/metrics_steps_nav2_1_behind_robot_0.csv,False,23.5,0.8820121034423325
narrow_hallway,nav2,nav2,1_behind_robot,1_behind_robot,,0,narrow_hallway/nav2/metrics_steps_nav2_1_behind_robot_0.csv,False,23.6,0.8751204041019607
narrow_hallway,nav2,nav2,1_behind_robot,1_behind_robot,,0,narrow_hallway/nav2/metrics_steps_nav2_1_behind_robot_0.csv,False,23.7,0.8709484269675105
narrow_hallway,nav2,nav2,1_behind_robot,1_behind_robot,,0,narrow_hallway/nav2/metrics_steps_nav2_1_behind_robot_0.csv,False,23.8,0.8688095503969799
narrow_hallway,nav2,nav2,1_behind_robot,1_behind_robot,,0,narrow_hallway/nav2/metrics_steps_nav2_1_behind_robot_0.csv,False,23.9,0.8672103855274942
narrow_hallway,nav2,nav2,1_behind_robot,1_behind_robot,,0,narrow_hallway/nav2/metrics_steps_nav2_1_behind_robot_0.csv,False,24.0,0.8693784771997661
narrow_hallway,nav2,nav2,1_behind_robot,1_behind_robot,,0,narrow_hallway/nav2/metrics_steps_nav2_1_behind_robot_0.csv,False,24.1,0.8738933408467113
narrow_hallway,nav2,nav2,1_behind_robot,1_behind_robot,,0,narrow_hallway/nav2/metrics_steps_nav2_1_behind_robot_0.csv,False,24.2,0.8791801689630714
narrow_hallway,nav2,nav2,1_behind_robot,1_behind_robot,,0,narrow_hallway/nav2/metrics_steps_nav2_1_behind_robot_0.csv,False,24.3,0.885615783357248
narrow_hallway,nav2,nav2,1_behind_robot,1_behind_robot,,0,narrow_hallway/nav2/metrics_steps_nav2_1_behind_robot_0.csv,False,24.4,0.8930343976886175
narrow_hallway,nav2,nav2,1_behind_robot,1_behind_robot,,0,narrow_hallway/nav2/metrics_steps_nav2_1_behind_robot_0.csv,False,24.5,0.901219625692962
narrow_hallway,nav2,nav2,1_behind_robot,1_behind_robot,,0,narrow_hallway/nav2/metrics_steps_nav2_1_behind_robot_0.csv,False,24.6,0.9094508435406152
narrow_hallway,nav2,nav2,1_behind_robot,1_behind_robot,,0,narrow_hallway/nav2/metrics_steps_nav2_1_behind_robot_0.csv,False,24.7,0.917092166557724
narrow_hallway,nav2,nav2,1_behind_robot,1_behind_robot,,0,narrow_hallway/nav2/metrics_steps_nav2_1_behind_robot_0.csv,False,24.8,0.9244240804335248
narrow_hallway,nav2,nav2,1_behind_robot,1_behind_robot,,0,narrow_hallway/nav2/metrics_steps_nav2_1_behind_robot_0.csv,False,24.9,0.93084896826441
narrow_hallway,nav2,nav2,2_towards_robot,2_towards_robot,,0,narrow_hallway/nav2/metrics_steps_nav2_2_towards_robot_0.csv,False,0.0,13.29889118773291
narrow_hallway,nav2,nav2,2_towards_robot,2_towards_robot,,0,narrow_hallway/nav2/metrics_steps_nav2_2_towards_robot_0.csv,False,0.1,13.262333930993105
narrow_hallway,nav2,nav2,2_towards_robot,2_towards_robot,,0,narrow_hallway/nav2/metrics_steps_nav2_2_towards_robot_0.csv,False,0.2,13.180838329553078
narrow_hallway,nav2,nav2,2_towards_robot,2_towards_robot,,0,narrow_hallway/nav2/metrics_steps_nav2_2_towards_robot_0.csv,False,0.3,13.066119358586198
narrow_hallway,nav2,nav2,2_towards_robot,2_towards_robot,,0,narrow_hallway/nav2/metrics_steps_nav2_2_towards_robot_0.csv,False,0.4,12.92597059973832
narrow_hallway,nav2,nav2,2_towards_robot,2_towards_robot,,0,narrow_hallway/nav2/metrics_steps_nav2_2_towards_robot_0.csv,False,0.5,12.76557088684491
narrow_hallway,nav2,nav2,2_towards_robot,2_towards_robot,,0,narrow_hallway/nav2/metrics_steps_nav2_2_towards_robot_0.csv,False,0.6,12.588357350640267
narrow_hallway,nav2,nav2,2_towards_robot,2_towards_robot,,0,narrow_hallway/nav2/metrics_steps_nav2_2_towards_robot_0.csv,False,0.7,12.396732064931598
narrow_hallway,nav2,nav2,2_towards_robot,2_towards_robot,,0,narrow_hallway/nav2/metrics_steps_nav2_2_towards_robot_0.csv,False,0.8,12.195753541589854
narrow_hallway,nav2,nav2,2_towards_robot,2_towards_robot,,0,narrow_hallway/nav2/metrics_steps_nav2_2_towards_robot_0.csv,False,0.9,11.988377262110587
narrow_hallway,nav2,nav2,2_towards_robot,2_towards_robot,,0,narrow_hallway/nav2/metrics_steps_nav2_2_towards_robot_0.csv,False,1.0,11.778387941866754
narrow_hallway,nav2,nav2,2_towards_robot,2_towards_robot,,0,narrow_hallway/nav2/metrics_steps_nav2_2_towards_robot_0.csv,False,1.1,11.568440780062094
narrow_hallway,nav2,nav2,2_towards_robot,2_towards_robot,,0,narrow_hallway/nav2/metrics_steps_nav2_2_towards_robot_0.csv,False,1.2,11.360220000463178
narrow_hallway,nav2,nav2,2_towards_robot,2_towards_robot,,0,narrow_hallway/nav2/metrics_steps_nav2_2_towards_robot_0.csv,False,1.3,11.159617960124937
narrow_hallway,nav2,nav2,2_towards_robot,2_towards_robot,,0,narrow_hallway/nav2/metrics_steps_nav2_2_towards_robot_0.csv,False,1.4,10.96247605292782
narrow_hallway,nav2,nav2,2_towards_robot,2_towards_robot,,0,narrow_hallway/nav2/metrics_steps_nav2_2_towards_robot_0.csv,False,1.5,10.76491785008061
narrow_hallway,nav2,nav2,2_towards_robot,2_towards_robot,,0,narrow_hallway/nav2/metrics_steps_nav2_2_towards_robot_0.csv,False,1.6,10.567470727295785
narrow_hallway,nav2,nav2,2_towards_robot,2_towards_robot,,0,narrow_hallway/nav2/metrics_steps_nav2_2_towards_robot_0.csv,False,1.7,10.371881235484931
narrow_hallway,nav2,nav2,2_towards_robot,2_towards_robot,,0,narrow_hallway/nav2/metrics_steps_nav2_2_towards_robot_0.csv,False,1.8,10.175285490972083
narrow_hallway,nav2,nav2,2_towards_robot,2_towards_robot,,0,narrow_hallway/nav2/metrics_steps_nav2_2_towards_robot_0.csv,False,1.9,9.97605950838708
narrow_hallway,nav2,nav2,2_towards_robot,2_towards_robot,,0,narrow_hallway/nav2/metrics_steps_nav2_2_towards_robot_0.csv,False,2.0,9.77824210292999
narrow_hallway,nav2,nav2,2_towards_robot,2_towards_robot,,0,narrow_hallway/nav2/metrics_steps_nav2_2_towards_robot_0.csv,False,2.1,9.58405068923161
narrow_hallway,nav2,nav2,2_towards_robot,2_towards_robot,,0,narrow_hallway/nav2/metrics_steps_nav2_2_towards_robot_0.csv,False,2.2,9.388410614599742
narrow_hallway,nav2,nav2,2_towards_robot,2_towards_robot,,0,narrow_hallway/nav2/metrics_steps_nav2_2_towards_robot_0.csv,False,2.3,9.192625775198838
narrow_hallway,nav2,nav2,2_towards_robot,2_towards_robot,,0,narrow_hallway/nav2/metrics_steps_nav2_2_towards_robot_0.csv,False,2.4,8.994050014532396
narrow_hallway,nav2,nav2,2_towards_robot,2_towards_robot,,0,narrow_hallway/nav2/metrics_steps_nav2_2_towards_robot_0.csv,False,2.5,8.798663948408112
narrow_hallway,nav2,nav2,2_towards_robot,2_towards_robot,,0,narrow_hallway/nav2/metrics_steps_nav2_2_towards_robot_0.csv,False,2.6,8.601529415063595
narrow_hallway,nav2,nav2,2_towards_robot,2_towards_robot,,0,narrow_hallway/nav2/metrics_steps_nav2_2_towards_robot_0.csv,False,2.7,8.402601112621603
narrow_hallway,nav2,nav2,2_towards_robot,2_towards_robot,,0,narrow_hallway/nav2/metrics_steps_nav2_2_towards_robot_0.csv,False,2.8,8.20460518994815
narrow_hallway,nav2,nav2,2_towards_robot,2_towards_robot,,0,narrow_hallway/nav2/metrics_steps_nav2_2_towards_robot_0.csv,False,2.9,8.005205475180656
narrow_hallway,nav2,nav2,2_towards_robot,2_towards_robot,,0,narrow_hallway/nav2/metrics_steps_nav2_2_towards_robot_0.csv,False,3.0,7.809377785097817
narrow_hallway,nav2,nav2,2_towards_robot,2_towards_robot,,0,narrow_hallway/nav2/metrics_steps_nav2_2_towards_robot_0.csv,False,3.1,7.609805699154242
narrow_hallway,nav2,nav2,2_towards_robot,2_towards_robot,,0,narrow_hallway/nav2/metrics_steps_nav2_2_towards_robot_0.csv,False,3.2,7.41081308800738
narrow_hallway,nav2,nav2,2_towards_robot,2_towards_robot,,0,narrow_hallway/nav2/metrics_steps_nav2_2_towards_robot_0.csv,False,3.3,7.214351529346075
narrow_hallway,nav2,nav2,2_towards_robot,2_towards_robot,,0,narrow_hallway/nav2/metrics_steps_nav2_2_towards_robot_0.csv,False,3.4,7.017482679584736
narrow_hallway,nav2,nav2,2_towards_robot,2_towards_robot,,0,narrow_hallway/nav2/metrics_steps_nav2_2_towards_robot_0.csv,False,3.5,6.817387062538508
narrow_hallway,nav2,nav2,2_towards_robot,2_towards_robot,,0,narrow_hallway/nav2/metrics_steps_nav2_2_towards_robot_0.csv,False,3.6,6.612109307135316
narrow_hallway,nav2,nav2,2_towards_robot,2_towards_robot,,0,narrow_hallway/nav2/metrics_steps_nav2_2_towards_robot_0.csv,False,3.7,6.41380841189537
narrow_hallway,nav2,nav2,2_towards_robot,2_towards_robot,,0,narrow_hallway/nav2/metrics_steps_nav2_2_towards_robot_0.csv,False,3.8,6.217113993329001
narrow_hallway,nav2,nav2,2_towards_robot,2_towards_robot,,0,narrow_hallway/nav2/metrics_steps_nav2_2_towards_robot_0.csv,False,3.9,6.021202240207755
narrow_hallway,nav2,nav2,2_towards_robot,2_towards_robot,,0,narrow_hallway/nav2/metrics_steps_nav2_2_towards_robot_0.csv,False,4.0,5.824743392590634
narrow_hallway,nav2,nav2,2_towards_robot,2_towards_robot,,0,narrow_hallway/nav2/metrics_steps_nav2_2_towards_robot_0.csv,False,4.1,5.628479024454051
narrow_hallway,nav2,nav2,2_towards_robot,2_towards_robot,,0,narrow_hallway/nav2/metrics_steps_nav2_2_towards_robot_0.csv,False,4.2,5.433577883800374
narrow_hallway,nav2,nav2,2_towards_robot,2_towards_robot,,0,narrow_hallway/nav2/metrics_steps_nav2_2_towards_robot_0.csv,False,4.3,5.239466645902239
narrow_hallway,nav2,nav2,2_towards_robot,2_towards_robot,,0,narrow_hallway/nav2/metrics_steps_nav2_2_towards_robot_0.csv,False,4.4,5.042177760831202
narrow_hallway,nav2,nav2,2_towards_robot,2_towards_robot,,0,narrow_hallway/nav2/metrics_steps_nav2_2_towards_robot_0.csv,False,4.5,4.850887892621032
narrow_hallway,nav2,nav2,2_towards_robot,2_towards_robot,,0,narrow_hallway/nav2/metrics_steps_nav2_2_towards_robot_0.csv,False,4.6,4.657397169653288
narrow_hallway,nav2,nav2,2_towards_robot,2_towards_robot,,0,narrow_hallway/nav2/metrics_steps_nav2_2_towards_robot_0.csv,False,4.7,4.466542323001919
narrow_hallway,nav2,nav2,2_towards_robot,2_towards_robot,,0,narrow_hallway/nav2/metrics_steps_nav2_2_towards_robot_0.csv,False,4.8,4.274120990984299
narrow_hallway,nav2,nav2,2_towards_robot,2_towards_robot,,0,narrow_hallway/nav2/metrics_steps_nav2_2_towards_robot_0.csv,False,4.9,4.083684020748086
narrow_hallway,nav2,nav2,2_towards_robot,2_towards_robot,,0,narrow_hallway/nav2/metrics_steps_nav2_2_towards_robot_0.csv,False,5.0,3.891630778835397
narrow_hallway,nav2,nav2,2_towards_robot,2_towards_robot,,0,narrow_hallway/nav2/metrics_steps_nav2_2_towards_robot_0.csv,False,5.1,3.699499017222526
narrow_hallway,nav2,nav2,2_towards_robot,2_towards_robot,,0,narrow_hallway/nav2/metrics_steps_nav2_2_towards_robot_0.csv,False,5.2,3.509188327763618
narrow_hallway,nav2,nav2,2_towards_robot,2_towards_robot,,0,narrow_hallway/nav2/metrics_steps_nav2_2_towards_robot_0.csv,False,5.3,3.318762051407087
narrow_hallway,nav2,nav2,2_towards_robot,2_towards_robot,,0,narrow_hallway/nav2/metrics_steps_nav2_2_towards_robot_0.csv,False,5.4,3.1310314223250675
narrow_hallway,nav2,nav2,2_towards_robot,2_towards_robot,,0,narrow_hallway/nav2/metrics_steps_nav2_2_towards_robot_0.csv,False,5.5,2.939401243052914
narrow_hallway,nav2,nav2,2_towards_robot,2_towards_robot,,0,narrow_hallway/nav2/metrics_steps_nav2_2_towards_robot_0.csv,False,5.6,2.750858164346782
narrow_hallway,nav2,nav2,2_towards_robot,2_towards_robot,,0,narrow_hallway/nav2/metrics_steps_nav2_2_towards_robot_0.csv,False,5.7,2.564330234328559
narrow_hallway,nav2,nav2,2_towards_robot,2_towards_robot,,0,narrow_hallway/nav2/metrics_steps_nav2_2_towards_robot_0.csv,False,5.8,2.3784841560915027
narrow_hallway,nav2,nav2,2_towards_robot,2_towards_robot,,0,narrow_hallway/nav2/metrics_steps_nav2_2_towards_robot_0.csv,False,5.9,2.1900147333227133
narrow_hallway,nav2,nav2,2_towards_robot,2_towards_robot,,0,narrow_hallway/nav2/metrics_steps_nav2_2_towards_robot_0.csv,False,6.0,2.0040137334436885
narrow_hallway,nav2,nav2,2_towards_robot,2_towards_robot,,0,narrow_hallway/nav2/metrics_steps_nav2_2_towards_robot_0.csv,False,6.1,1.8192267561572724
narrow_hallway,nav2,nav2,2_towards_robot,2_towards_robot,,0,narrow_hallway/nav2/metrics_steps_nav2_2_towards_robot_0.csv,False,6.2,1.6328701820777418
narrow_hallway,nav2,nav2,2_towards_robot,2_towards_robot,,0,narrow_hallway/nav2/metrics_steps_nav2_2_towards_robot_0.csv,False,6.3,1.4478021985367977
narrow_hallway,nav2,nav2,2_towards_robot,2_towards_robot,,0,narrow_hallway/nav2/metrics_steps_nav2_2_towards_robot_0.csv,False,6.4,1.2711984338773077
narrow_hallway,nav2,nav2,2_towards_robot,2_towards_robot,,0,narrow_hallway/nav2/metrics_steps_nav2_2_towards_robot_0.csv,False,6.5,1.1061159779142795
narrow_hallway,nav2,nav2,2_towards_robot,2_towards_robot,,0,narrow_hallway/nav2/metrics_steps_nav2_2_towards_robot_0.csv,False,6.6,0.9512242922360592
narrow_hallway,nav2,nav2,2_towards_robot,2_towards_robot,,0,narrow_hallway/nav2/metrics_steps_nav2_2_towards_robot_0.csv,False,6.7,0.7946998274056087
narrow_hallway,nav2,nav2,2_towards_robot,2_towards_robot,,0,narrow_hallway/nav2/metrics_steps_nav2_2_towards_robot_0.csv,False,6.8,0.6382836027996774
narrow_hallway,nav2,nav2,2_towards_robot,2_towards_robot,,0,narrow_hallway/nav2/metrics_steps_nav2_2_towards_robot_0.csv,False,6.9,0.4952624513988031
narrow_hallway,nav2,nav2,2_towards_robot,2_towards_robot,,0,narrow_hallway/nav2/metrics_steps_nav2_2_towards_robot_0.csv,False,7.0,0.3761177430532403
narrow_hallway,nav2,nav2,2_towards_robot,2_towards_robot,,0,narrow_hallway/nav2/metrics_steps_nav2_2_towards_robot_0.csv,False,7.1,0.291236633687131
narrow_hallway,nav2,nav2,2_towards_robot,2_towards_robot,,0,narrow_hallway/nav2/metrics_steps_nav2_2_towards_robot_0.csv,False,7.2,0.253917025442812
narrow_hallway,nav2,nav2,2_towards_robot,2_towards_robot,,0,narrow_hallway/nav2/metrics_steps_nav2_2_towards_robot_0.csv,False,7.3,0.2687230368045379
narrow_hallway,nav2,nav2,2_towards_robot,2_towards_robot,,0,narrow_hallway/nav2/metrics_steps_nav2_2_towards_robot_0.csv,False,7.4,0.324771320162518
narrow_hallway,nav2,nav2,2_towards_robot,2_towards_robot,,0,narrow_hallway/nav2/metrics_steps_nav2_2_towards_robot_0.csv,False,7.5,0.4035709304479293
narrow_hallway,nav2,nav2,2_towards_robot,2_towards_robot,,0,narrow_hallway/nav2/metrics_steps_nav2_2_towards_robot_0.csv,False,7.6,0.4932827251596623
narrow_hallway,nav2,nav2,2_towards_robot,2_towards_robot,,0,narrow_hallway/nav2/metrics_steps_nav2_2_towards_robot_0.csv,False,7.7,0.5873584813657269
narrow_hallway,nav2,nav2,2_towards_robot,2_towards_robot,,0,narrow_hallway/nav2/metrics_steps_nav2_2_towards_robot_0.csv,False,7.8,0.6825337904155877
narrow_hallway,nav2,nav2,2_towards_robot,2_towards_robot,,0,narrow_hallway/nav2/metrics_steps_nav2_2_towards_robot_0.csv,False,7.9,0.7842738654142791
narrow_hallway,nav2,nav2,2_towards_robot,2_towards_robot,,0,narrow_hallway/nav2/metrics_steps_nav2_2_towards_robot_0.csv,False,8.0,0.8883185985825537
narrow_hallway,nav2,nav2,2_towards_robot,2_towards_robot,,0,narrow_hallway/nav2/metrics_steps_nav2_2_towards_robot_0.csv,False,8.1,0.8859342024463208
narrow_hallway,nav2,nav2,2_towards_robot,2_towards_robot,,0,narrow_hallway/nav2/metrics_steps_nav2_2_towards_robot_0.csv,False,8.2,0.7635254555017703
narrow_hallway,nav2,nav2,2_towards_robot,2_towards_robot,,0,narrow_hallway/nav2/metrics_steps_nav2_2_towards_robot_0.csv,False,8.3,0.6559215369360774
narrow_hallway,nav2,nav2,2_towards_robot,2_towards_robot,,0,narrow_hallway/nav2/metrics_steps_nav2_2_towards_robot_0.csv,False,8.4,0.56400763546035
narrow_hallway,nav2,nav2,2_towards_robot,2_towards_robot,,0,narrow_hallway/nav2/metrics_steps_nav2_2_towards_robot_0.csv,False,8.5,0.490969373768777
narrow_hallway,nav2,nav2,2_towards_robot,2_towards_robot,,0,narrow_hallway/nav2/metrics_steps_nav2_2_towards_robot_0.csv,False,8.6,0.440916878119769
narrow_hallway,nav2,nav2,2_towards_robot,2_towards_robot,,0,narrow_hallway/nav2/metrics_steps_nav2_2_towards_robot_0.csv,False,8.7,0.4183130376137407
narrow_hallway,nav2,nav2,2_towards_robot,2_towards_robot,,0,narrow_hallway/nav2/metrics_steps_nav2_2_towards_robot_0.csv,False,8.8,0.427249830299367
narrow_hallway,nav2,nav2,2_towards_robot,2_towards_robot,,0,narrow_hallway/nav2/metrics_steps_nav2_2_towards_robot_0.csv,False,8.9,0.464688299439226
narrow_hallway,nav2,nav2,2_towards_robot,2_towards_robot,,0,narrow_hallway/nav2/metrics_steps_nav2_2_towards_robot_0.csv,False,9.0,0.5229717023904048
narrow_hallway,nav2,nav2,2_towards_robot,2_towards_robot,,0,narrow_hallway/nav2/metrics_steps_nav2_2_towards_robot_0.csv,False,9.1,0.5973834743598803
narrow_hallway,nav2,nav2,2_towards_robot,2_towards_robot,,0,narrow_hallway/nav2/metrics_steps_nav2_2_towards_robot_0.csv,False,9.2,0.6843490580432163
narrow_hallway,nav2,nav2,2_towards_robot,2_towards_robot,,0,narrow_hallway/nav2/metrics_steps_nav2_2_towards_robot_0.csv,False,9.3,0.779142232439715
narrow_hallway,nav2,nav2,2_towards_robot,2_towards_robot,,0,narrow_hallway/nav2/metrics_steps_nav2_2_towards_robot_0.csv,False,9.4,0.8861421763158825
narrow_hallway,nav2,nav2,2_towards_robot,2_towards_robot,,0,narrow_hallway/nav2/metrics_steps_nav2_2_towards_robot_0.csv,False,9.5,1.005103799980186
narrow_hallway,nav2,nav2,2_towards_robot,2_towards_robot,,0,narrow_hallway/nav2/metrics_steps_nav2_2_towards_robot_0.csv,False,9.6,1.1344403666268672
narrow_hallway,nav2,nav2,2_towards_robot,2_towards_robot,,0,narrow_hallway/nav2/metrics_steps_nav2_2_towards_robot_0.csv,False,9.7,1.27514684142673
narrow_hallway,nav2,nav2,2_towards_robot,2_towards_robot,,0,narrow_hallway/nav2/metrics_steps_nav2_2_towards_robot_0.csv,False,9.8,1.420495684664013
narrow_hallway,nav2,nav2,2_towards_robot,2_towards_robot,,0,narrow_hallway/nav2/metrics_steps_nav2_2_towards_robot_0.csv,False,9.9,1.5754475242605488
narrow_hallway,nav2,nav2,2_towards_robot,2_towards_robot,,0,narrow_hallway/nav2/metrics_steps_nav2_2_towards_robot_0.csv,False,10.0,1.7373401874270016
narrow_hallway,nav2,nav2,2_towards_robot,2_towards_robot,,0,narrow_hallway/nav2/metrics_steps_nav2_2_towards_robot_0.csv,False,10.1,1.905626964536256
narrow_hallway,nav2,nav2,2_towards_robot,2_towards_robot,,0,narrow_hallway/nav2/metrics_steps_nav2_2_towards_robot_0.csv,False,10.2,2.0781596678204286
narrow_hallway,nav2,nav2,2_towards_robot,2_towards_robot,,0,narrow_hallway/nav2/metrics_steps_nav2_2_towards_robot_0.csv,False,10.3,2.2546199446021893
narrow_hallway,nav2,nav2,2_towards_robot,2_towards_robot,,0,narrow_hallway/nav2/metrics_steps_nav2_2_towards_robot_0.csv,False,10.4,2.4309965723096405
narrow_hallway,nav2,nav2,2_towards_robot,2_towards_robot,,0,narrow_hallway/nav2/metrics_steps_nav2_2_towards_robot_0.csv,False,10.5,2.611441263126064
narrow_hallway,nav2,nav2,2_towards_robot,2_towards_robot,,0,narrow_hallway/nav2/metrics_steps_nav2_2_towards_robot_0.csv,False,10.6,2.798338620958387
narrow_hallway,nav2,nav2,2_towards_robot,2_towards_robot,,0,narrow_hallway/nav2/metrics_steps_nav2_2_towards_robot_0.csv,False,10.7,2.9850949332185954
narrow_hallway,nav2,nav2,2_towards_robot,2_towards_robot,,0,narrow_hallway/nav2/metrics_steps_nav2_2_towards_robot_0.csv,False,10.8,3.1647503685031166
narrow_hallway,nav2,nav2,2_towards_robot,2_towards_robot,,0,narrow_hallway/nav2/metrics_steps_nav2_2_towards_robot_0.csv,False,10.9,3.340973627885427
narrow_hallway,nav2,nav2,2_towards_robot,2_towards_robot,,0,narrow_hallway/nav2/metrics_steps_nav2_2_towards_robot_0.csv,False,11.0,3.5201021478454235
narrow_hallway,nav2,nav2,2_towards_robot,2_towards_robot,,0,narrow_hallway/nav2/metrics_steps_nav2_2_towards_robot_0.csv,False,11.1,3.6960544150508863
narrow_hallway,nav2,nav2,2_towards_robot,2_towards_robot,,0,narrow_hallway/nav2/metrics_steps_nav2_2_towards_robot_0.csv,False,11.2,3.8732883493392833
narrow_hallway,nav2,nav2,2_towards_robot,2_towards_robot,,0,narrow_hallway/nav2/metrics_steps_nav2_2_towards_robot_0.csv,False,11.3,4.054103770197232
narrow_hallway,nav2,nav2,2_towards_robot,2_towards_robot,,0,narrow_hallway/nav2/metrics_steps_nav2_2_towards_robot_0.csv,False,11.4,4.232534646703622
narrow_hallway,nav2,nav2,2_towards_robot,2_towards_robot,,0,narrow_hallway/nav2/metrics_steps_nav2_2_towards_robot_0.csv,False,11.5,4.41145477597629
narrow_hallway,nav2,nav2,2_towards_robot,2_towards_robot,,0,narrow_hallway/nav2/metrics_steps_nav2_2_towards_robot_0.csv,False,11.6,4.587581130549725
narrow_hallway,nav2,nav2,2_towards_robot,2_towards_robot,,0,narrow_hallway/nav2/metrics_steps_nav2_2_towards_robot_0.csv,False,11.7,4.758518249580921
narrow_hallway,nav2,nav2,2_towards_robot,2_towards_robot,,0,narrow_hallway/nav2/metrics_steps_nav2_2_towards_robot_0.csv,False,11.8,4.925968047345858
narrow_hallway,nav2,nav2,2_towards_robot,2_towards_robot,,0,narrow_hallway/nav2/metrics_steps_nav2_2_towards_robot_0.csv,False,11.9,5.09176552456587
narrow_hallway,nav2,nav2,2_towards_robot,2_towards_robot,,0,narrow_hallway/nav2/metrics_steps_nav2_2_towards_robot_0.csv,False,12.0,5.251325565027552
narrow_hallway,nav2,nav2,2_towards_robot,2_towards_robot,,0,narrow_hallway/nav2/metrics_steps_nav2_2_towards_robot_0.csv,False,12.1,5.409814863789242
narrow_hallway,nav2,nav2,2_towards_robot,2_towards_robot,,0,narrow_hallway/nav2/metrics_steps_nav2_2_towards_robot_0.csv,False,12.2,5.565628844632024
narrow_hallway,nav2,nav2,2_towards_robot,2_towards_robot,,0,narrow_hallway/nav2/metrics_steps_nav2_2_towards_robot_0.csv,False,12.3,5.721211525845076
narrow_hallway,nav2,nav2,2_towards_robot,2_towards_robot,,0,narrow_hallway/nav2/metrics_steps_nav2_2_towards_robot_0.csv,False,12.4,5.876334090449875
narrow_hallway,nav2,nav2,2_towards_robot,2_towards_robot,,0,narrow_hallway/nav2/metrics_steps_nav2_2_towards_robot_0.csv,False,12.5,6.034228719223592
narrow_hallway,nav2,nav2,2_towards_robot,2_towards_robot,,0,narrow_hallway/nav2/metrics_steps_nav2_2_towards_robot_0.csv,False,12.6,6.191140618875808
narrow_hallway,nav2,nav2,2_towards_robot,2_towards_robot,,0,narrow_hallway/nav2/metrics_steps_nav2_2_towards_robot_0.csv,False,12.7,6.349899055996063
narrow_hallway,nav2,nav2,2_towards_robot,2_towards_robot,,0,narrow_hallway/nav2/metrics_steps_nav2_2_towards_robot_0.csv,False,12.8,6.51195554838793
narrow_hallway,nav2,nav2,2_towards_robot,2_towards_robot,,0,narrow_hallway/nav2/metrics_steps_nav2_2_towards_robot_0.csv,False,12.9,6.671546229612302
narrow_hallway,nav2,nav2,2_towards_robot,2_towards_robot,,0,narrow_hallway/nav2/metrics_steps_nav2_2_towards_robot_0.csv,False,13.0,6.831457335154045
narrow_hallway,nav2,nav2,2_towards_robot,2_towards_robot,,0,narrow_hallway/nav2/metrics_steps_nav2_2_towards_robot_0.csv,False,13.1,6.991450951801411
narrow_hallway,nav2,nav2,2_towards_robot,2_towards_robot,,0,narrow_hallway/nav2/metrics_steps_nav2_2_towards_robot_0.csv,False,13.2,7.094814578719203
narrow_hallway,nav2,nav2,2_towards_robot,2_towards_robot,,0,narrow_hallway/nav2/metrics_steps_nav2_2_towards_robot_0.csv,False,13.3,7.148141867601272
narrow_hallway,nav2,nav2,2_towards_robot,2_towards_robot,,0,narrow_hallway/nav2/metrics_steps_nav2_2_towards_robot_0.csv,False,13.4,7.196858994749868
narrow_hallway,nav2,nav2,2_towards_robot,2_towards_robot,,0,narrow_hallway/nav2/metrics_steps_nav2_2_towards_robot_0.csv,False,13.5,7.244878898038602
narrow_hallway,nav2,nav2,2_towards_robot,2_towards_robot,,0,narrow_hallway/nav2/metrics_steps_nav2_2_towards_robot_0.csv,False,13.6,7.293115460668973
narrow_hallway,nav2,nav2,2_towards_robot,2_towards_robot,,0,narrow_hallway/nav2/metrics_steps_nav2_2_towards_robot_0.csv,False,13.7,7.341599330137139
narrow_hallway,nav2,nav2,2_towards_robot,2_towards_robot,,0,narrow_hallway/nav2/metrics_steps_nav2_2_towards_robot_0.csv,False,13.8,7.392153324633233
narrow_hallway,nav2,nav2,2_towards_robot,2_towards_robot,,0,narrow_hallway/nav2/metrics_steps_nav2_2_towards_robot_0.csv,False,13.9,7.447512275471862
narrow_hallway,nav2,nav2,2_towards_robot,2_towards_robot,,0,narrow_hallway/nav2/metrics_steps_nav2_2_towards_robot_0.csv,False,14.0,7.501921384852713
narrow_hallway,nav2,nav2,2_towards_robot,2_towards_robot,,0,narrow_hallway/nav2/metrics_steps_nav2_2_towards_robot_0.csv,False,14.1,7.559475539803834
narrow_hallway,nav2,nav2,2_towards_robot,2_towards_robot,,0,narrow_hallway/nav2/metrics_steps_nav2_2_towards_robot_0.csv,False,14.2,7.614300085029738
narrow_hallway,nav2,nav2,2_towards_robot,2_towards_robot,,0,narrow_hallway/nav2/metrics_steps_nav2_2_towards_robot_0.csv,False,14.3,7.6738532667568595
narrow_hallway,nav2,nav2,2_towards_robot,2_towards_robot,,0,narrow_hallway/nav2/metrics_steps_nav2_2_towards_robot_0.csv,False,14.4,7.736431034288213
narrow_hallway,nav2,nav2,2_towards_robot,2_towards_robot,,0,narrow_hallway/nav2/metrics_steps_nav2_2_towards_robot_0.csv,False,14.5,7.798629882222732
narrow_hallway,nav2,nav2,2_towards_robot,2_towards_robot,,0,narrow_hallway/nav2/metrics_steps_nav2_2_towards_robot_0.csv,False,14.6,7.858334736078509
narrow_hallway,nav2,nav2,2_towards_robot,2_towards_robot,,0,narrow_hallway/nav2/metrics_steps_nav2_2_towards_robot_0.csv,False,14.7,7.920074080104221
narrow_hallway,nav2,nav2,2_towards_robot,2_towards_robot,,0,narrow_hallway/nav2/metrics_steps_nav2_2_towards_robot_0.csv,False,14.8,7.982851735273334
narrow_hallway,nav2,nav2,2_towards_robot,2_towards_robot,,0,narrow_hallway/nav2/metrics_steps_nav2_2_towards_robot_0.csv,False,14.9,8.045203365588488
narrow_hallway,nav2,nav2,2_towards_robot,2_towards_robot,,0,narrow_hallway/nav2/metrics_steps_nav2_2_towards_robot_0.csv,False,15.0,8.108837097354156
narrow_hallway,nav2,nav2,2_towards_robot,2_towards_robot,,0,narrow_hallway/nav2/metrics_steps_nav2_2_towards_robot_0.csv,False,15.1,8.17271087464062
narrow_hallway,nav2,nav2,2_towards_robot,2_towards_robot,,0,narrow_hallway/nav2/metrics_steps_nav2_2_towards_robot_0.csv,False,15.2,8.236942744850172
narrow_hallway,nav2,nav2,2_towards_robot,2_towards_robot,,0,narrow_hallway/nav2/metrics_steps_nav2_2_towards_robot_0.csv,False,15.3,8.301392224530659
narrow_hallway,nav2,nav2,2_towards_robot,2_towards_robot,,0,narrow_hallway/nav2/metrics_steps_nav2_2_towards_robot_0.csv,False,15.4,8.365493533576497
narrow_hallway,nav2,nav2,2_towards_robot,2_towards_robot,,0,narrow_hallway/nav2/metrics_steps_nav2_2_towards_robot_0.csv,False,15.5,8.430361057127701
narrow_hallway,nav2,nav2,2_towards_robot,2_towards_robot,,0,narrow_hallway/nav2/metrics_steps_nav2_2_towards_robot_0.csv,False,15.6,8.494951251788594
narrow_hallway,nav2,nav2,2_towards_robot,2_towards_robot,,0,narrow_hallway/nav2/metrics_steps_nav2_2_towards_robot_0.csv,False,15.7,8.56005304836843
narrow_hallway,nav2,nav2,2_towards_robot,2_towards_robot,,0,narrow_hallway/nav2/metrics_steps_nav2_2_towards_robot_0.csv,False,15.8,8.624651817030587
narrow_hallway,nav2,nav2,2_towards_robot,2_towards_robot,,0,narrow_hallway/nav2/metrics_steps_nav2_2_towards_robot_0.csv,False,15.9,8.690008097252667
narrow_hallway,nav2,nav2,2_towards_robot,2_towards_robot,,0,narrow_hallway/nav2/metrics_steps_nav2_2_towards_robot_0.csv,False,16.0,8.754866997484681
narrow_hallway,nav2,nav2,2_towards_robot,2_towards_robot,,0,narrow_hallway/nav2/metrics_steps_nav2_2_towards_robot_0.csv,False,16.1,8.822194974375089
narrow_hallway,nav2,nav2,2_towards_robot,2_towards_robot,,0,narrow_hallway/nav2/metrics_steps_nav2_2_towards_robot_0.csv,False,16.2,8.889470751713848
narrow_hallway,nav2,nav2,2_towards_robot,2_towards_robot,,0,narrow_hallway/nav2/metrics_steps_nav2_2_towards_robot_0.csv,False,16.3,8.954286309847472
narrow_hallway,nav2,nav2,2_towards_robot,2_towards_robot,,0,narrow_hallway/nav2/metrics_steps_nav2_2_towards_robot_0.csv,False,16.4,9.018172856610242
narrow_hallway,nav2,nav2,2_towards_robot,2_towards_robot,,0,narrow_hallway/nav2/metrics_steps_nav2_2_towards_robot_0.csv,False,16.5,9.081767781637474
narrow_hallway,nav2,nav2,2_towards_robot,2_towards_robot,,0,narrow_hallway/nav2/metrics_steps_nav2_2_towards_robot_0.csv,False,16.6,9.145821033359836
narrow_hallway,nav2,nav2,2_towards_robot,2_towards_robot,,0,narrow_hallway/nav2/metrics_steps_nav2_2_towards_robot_0.csv,False,16.7,9.214273565740678
narrow_hallway,nav2,nav2,2_towards_robot,2_towards_robot,,0,narrow_hallway/nav2/metrics_steps_nav2_2_towards_robot_0.csv,False,16.8,9.285217791845117
narrow_hallway,nav2,nav2,2_towards_robot,2_towards_robot,,0,narrow_hallway/nav2/metrics_steps_nav2_2_towards_robot_0.csv,False,16.9,9.349582308712774
narrow_hallway,nav2,nav2,2_towards_robot,2_towards_robot,,0,narrow_hallway/nav2/metrics_steps_nav2_2_towards_robot_0.csv,False,17.0,9.414516866391578
narrow_hallway,nav2,nav2,2_towards_robot,2_towards_robot,,0,narrow_hallway/nav2/metrics_steps_nav2_2_towards_robot_0.csv,False,17.1,9.48533547610032
narrow_hallway,nav2,nav2,2_towards_robot,2_towards_robot,,0,narrow_hallway/nav2/metrics_steps_nav2_2_towards_robot_0.csv,False,17.2,9.562548558851129
narrow_hallway,nav2,nav2,2_towards_robot,2_towards_robot,,0,narrow_hallway/nav2/metrics_steps_nav2_2_towards_robot_0.csv,False,17.3,9.638971491520216
narrow_hallway,nav2,nav2,2_towards_robot,2_towards_robot,,0,narrow_hallway/nav2/metrics_steps_nav2_2_towards_robot_0.csv,False,17.4,9.7162603906746
narrow_hallway,nav2,nav2,2_towards_robot,2_towards_robot,,0,narrow_hallway/nav2/metrics_steps_nav2_2_towards_robot_0.csv,False,17.5,9.792886796105462
narrow_hallway,nav2,nav2,2_towards_robot,2_towards_robot,,0,narrow_hallway/nav2/metrics_steps_nav2_2_towards_robot_0.csv,False,17.6,9.868431669882648
narrow_hallway,nav2,nav2,2_towards_robot,2_towards_robot,,0,narrow_hallway/nav2/metrics_steps_nav2_2_towards_robot_0.csv,False,17.7,9.944612807199684
narrow_hallway,nav2,nav2,2_towards_robot,2_towards_robot,,0,narrow_hallway/nav2/metrics_steps_nav2_2_towards_robot_0.csv,False,17.8,10.016484423887784
narrow_hallway,nav2,nav2,2_towards_robot,2_towards_robot,,0,narrow_hallway/nav2/metrics_steps_nav2_2_towards_robot_0.csv,False,17.9,10.087993052106158
narrow_hallway,nav2,nav2,2_towards_robot,2_towards_robot,,0,narrow_hallway/nav2/metrics_steps_nav2_2_towards_robot_0.csv,False,18.0,10.156915074916288
narrow_hallway,nav2,nav2,2_towards_robot,2_towards_robot,,0,narrow_hallway/nav2/metrics_steps_nav2_2_towards_robot_0.csv,False,18.1,10.22886439823461
narrow_hallway,nav2,nav2,2_towards_robot,2_towards_robot,,0,narrow_hallway/nav2/metrics_steps_nav2_2_towards_robot_0.csv,False,18.2,10.301269914334906
narrow_hallway,nav2,nav2,2_towards_robot,2_towards_robot,,0,narrow_hallway/nav2/metrics_steps_nav2_2_towards_robot_0.csv,False,18.3,10.369209956078905
narrow_hallway,nav2,nav2,2_towards_robot,2_towards_robot,,0,narrow_hallway/nav2/metrics_steps_nav2_2_towards_robot_0.csv,False,18.4,10.436323716747031
narrow_hallway,nav2,nav2,2_towards_robot,2_towards_robot,,0,narrow_hallway/nav2/metrics_steps_nav2_2_towards_robot_0.csv,False,18.5,10.511340986289596
narrow_hallway,nav2,nav2,2_towards_robot,2_towards_robot,,0,narrow_hallway/nav2/metrics_steps_nav2_2_towards_robot_0.csv,False,18.6,10.58746913771688
narrow_hallway,nav2,nav2,2_towards_robot,2_towards_robot,,0,narrow_hallway/nav2/metrics_steps_nav2_2_towards_robot_0.csv,False,18.7,10.662312696477152
narrow_hallway,nav2,nav2,2_towards_robot,2_towards_robot,,0,narrow_hallway/nav2/metrics_steps_nav2_2_towards_robot_0.csv,False,18.8,10.73551402978057
narrow_hallway,nav2,nav2,2_towards_robot,2_towards_robot,,0,narrow_hallway/nav2/metrics_steps_nav2_2_towards_robot_0.csv,False,18.9,10.810088961062398
narrow_hallway,nav2,nav2,2_towards_robot,2_towards_robot,,0,narrow_hallway/nav2/metrics_steps_nav2_2_towards_robot_0.csv,False,19.0,10.885199102798872
narrow_hallway,nav2,nav2,2_towards_robot,2_towards_robot,,0,narrow_hallway/nav2/metrics_steps_nav2_2_towards_robot_0.csv,False,19.1,10.961075749576532
narrow_hallway,nav2,nav2,2_towards_robot,2_towards_robot,,0,narrow_hallway/nav2/metrics_steps_nav2_2_towards_robot_0.csv,False,19.2,11.034289639651076
narrow_hallway,nav2,nav2,2_towards_robot,2_towards_robot,,0,narrow_hallway/nav2/metrics_steps_nav2_2_towards_robot_0.csv,False,19.3,11.105954767432088
narrow_hallway,nav2,nav2,2_towards_robot,2_towards_robot,,0,narrow_hallway/nav2/metrics_steps_nav2_2_towards_robot_0.csv,False,19.4,11.181423091779315
narrow_hallway,nav2,nav2,2_towards_robot,2_towards_robot,,0,narrow_hallway/nav2/metrics_steps_nav2_2_towards_robot_0.csv,False,19.5,11.254332043856335
narrow_hallway,nav2,nav2,2_towards_robot,2_towards_robot,,0,narrow_hallway/nav2/metrics_steps_nav2_2_towards_robot_0.csv,False,19.6,11.32636683677105
narrow_hallway,nav2,nav2,2_towards_robot,2_towards_robot,,0,narrow_hallway/nav2/metrics_steps_nav2_2_towards_robot_0.csv,False,19.7,11.402216040164047
narrow_hallway,nav2,nav2,2_towards_robot,2_towards_robot,,0,narrow_hallway/nav2/metrics_steps_nav2_2_towards_robot_0.csv,False,19.8,11.476397827025044
narrow_hallway,nav2,nav2,2_towards_robot,2_towards_robot,,0,narrow_hallway/nav2/metrics_steps_nav2_2_towards_robot_0.csv,False,19.9,11.549848966018072
narrow_hallway,nav2,nav2,2_towards_robot,2_towards_robot,,0,narrow_hallway/nav2/metrics_steps_nav2_2_towards_robot_0.csv,False,20.0,11.622960634699698
narrow_hallway,nav2,nav2,2_towards_robot,2_towards_robot,,0,narrow_hallway/nav2/metrics_steps_nav2_2_towards_robot_0.csv,False,20.1,11.69595909668895
narrow_hallway,nav2,nav2,2_towards_robot,2_towards_robot,,0,narrow_hallway/nav2/metrics_steps_nav2_2_towards_robot_0.csv,False,20.2,11.767762103767332
narrow_hallway,nav2,nav2,2_towards_robot,2_towards_robot,,0,narrow_hallway/nav2/metrics_steps_nav2_2_towards_robot_0.csv,False,20.3,11.84145097747798
narrow_hallway,nav2,nav2,2_towards_robot,2_towards_robot,,0,narrow_hallway/nav2/metrics_steps_nav2_2_towards_robot_0.csv,False,20.4,11.91169999392102
narrow_hallway,nav2,nav2,2_towards_robot,2_towards_robot,,0,narrow_hallway/nav2/metrics_steps_nav2_2_towards_robot_0.csv,False,20.5,11.983395872773665
narrow_hallway,nav2,nav2,2_towards_robot,2_towards_robot,,0,narrow_hallway/nav2/metrics_steps_nav2_2_towards_robot_0.csv,False,20.6,12.05395734730299
narrow_hallway,nav2,nav2,2_towards_robot,2_towards_robot,,0,narrow_hallway/nav2/metrics_steps_nav2_2_towards_robot_0.csv,False,20.7,12.124304227694669
narrow_hallway,nav2,nav2,2_towards_robot,2_towards_robot,,0,narrow_hallway/nav2/metrics_steps_nav2_2_towards_robot_0.csv,False,20.8,12.196379813536833
narrow_hallway,nav2,nav2,2_towards_robot,2_towards_robot,,0,narrow_hallway/nav2/metrics_steps_nav2_2_towards_robot_0.csv,False,20.9,12.264347660637746
narrow_hallway,nav2,nav2,2_towards_robot,2_towards_robot,,0,narrow_hallway/nav2/metrics_steps_nav2_2_towards_robot_0.csv,False,21.0,12.32983604133898
narrow_hallway,nav2,nav2,2_towards_robot,2_towards_robot,,0,narrow_hallway/nav2/metrics_steps_nav2_2_towards_robot_0.csv,False,21.1,12.389668172359256
narrow_hallway,nav2,nav2,2_towards_robot,2_towards_robot,,0,narrow_hallway/nav2/metrics_steps_nav2_2_towards_robot_0.csv,False,21.2,12.456630803439044
narrow_hallway,nav2,nav2,2_towards_robot,2_towards_robot,,0,narrow_hallway/nav2/metrics_steps_nav2_2_towards_robot_0.csv,False,21.3,12.526605098000104
narrow_hallway,nav2,nav2,2_towards_robot,2_towards_robot,,0,narrow_hallway/nav2/metrics_steps_nav2_2_towards_robot_0.csv,False,21.4,12.589656013550693
narrow_hallway,nav2,nav2,2_towards_robot,2_towards_robot,,0,narrow_hallway/nav2/metrics_steps_nav2_2_towards_robot_0.csv,False,21.5,12.645068849600104
narrow_hallway,nav2,nav2,2_towards_robot,2_towards_robot,,0,narrow_hallway/nav2/metrics_steps_nav2_2_towards_robot_0.csv,False,21.6,12.692362021286913
narrow_hallway,nav2,nav2,2_towards_robot,2_towards_robot,,0,narrow_hallway/nav2/metrics_steps_nav2_2_towards_robot_0.csv,False,21.7,12.73583609281985
narrow_hallway,nav2,nav2,2_towards_robot,2_towards_robot,,0,narrow_hallway/nav2/metrics_steps_nav2_2_towards_robot_0.csv,False,21.8,12.781289641294023
narrow_hallway,nav2,nav2,2_towards_robot,2_towards_robot,,0,narrow_hallway/nav2/metrics_steps_nav2_2_towards_robot_0.csv,False,21.9,12.82592752064829
narrow_hallway,nav2,nav2,2_towards_robot,2_towards_robot,,0,narrow_hallway/nav2/metrics_steps_nav2_2_towards_robot_0.csv,False,22.0,12.87685108601243
narrow_hallway,nav2,nav2,2_towards_robot,2_towards_robot,,0,narrow_hallway/nav2/metrics_steps_nav2_2_towards_robot_0.csv,False,22.1,12.933851131055604
narrow_hallway,nav2,nav2,2_towards_robot,2_towards_robot,,0,narrow_hallway/nav2/metrics_steps_nav2_2_towards_robot_0.csv,False,22.2,12.9957744405247
narrow_hallway,nav2,nav2,2_towards_robot,2_towards_robot,,0,narrow_hallway/nav2/metrics_steps_nav2_2_towards_robot_0.csv,False,22.3,13.061219244317837
narrow_hallway,nav2,nav2,2_towards_robot,2_towards_robot,,0,narrow_hallway/nav2/metrics_steps_nav2_2_towards_robot_0.csv,False,22.4,13.124407458060098
narrow_hallway,nav2,nav2,2_towards_robot,2_towards_robot,,0,narrow_hallway/nav2/metrics_steps_nav2_2_towards_robot_0.csv,False,22.5,13.191169860622017
narrow_hallway,nav2,nav2,2_towards_robot,2_towards_robot,,0,narrow_hallway/nav2/metrics_steps_nav2_2_towards_robot_0.csv,False,22.6,13.254539860871292
narrow_hallway,nav2,nav2,2_towards_robot,2_towards_robot,,0,narrow_hallway/nav2/metrics_steps_nav2_2_towards_robot_0.csv,False,22.7,13.31859261042988
narrow_hallway,nav2,nav2,2_towards_robot,2_towards_robot,,0,narrow_hallway/nav2/metrics_steps_nav2_2_towards_robot_0.csv,False,22.8,13.384644580105242
narrow_hallway,nav2,nav2,2_towards_robot,2_towards_robot,,0,narrow_hallway/nav2/metrics_steps_nav2_2_towards_robot_0.csv,False,22.9,13.449794497548186
narrow_hallway,nav2,nav2,2_towards_robot,2_towards_robot,,0,narrow_hallway/nav2/metrics_steps_nav2_2_towards_robot_0.csv,False,23.0,13.512201598049977
narrow_hallway,nav2,nav2,2_towards_robot,2_towards_robot,,0,narrow_hallway/nav2/metrics_steps_nav2_2_towards_robot_0.csv,False,23.1,13.5794194760135
narrow_hallway,nav2,nav2,2_towards_robot,2_towards_robot,,0,narrow_hallway/nav2/metrics_steps_nav2_2_towards_robot_0.csv,False,23.2,13.646541700220771
narrow_hallway,nav2,nav2,2_towards_robot,2_towards_robot,,0,narrow_hallway/nav2/metrics_steps_nav2_2_towards_robot_0.csv,False,23.3,13.715183046634117
narrow_hallway,nav2,nav2,2_towards_robot,2_towards_robot,,0,narrow_hallway/nav2/metrics_steps_nav2_2_towards_robot_0.csv,False,23.4,13.780352369460084
narrow_hallway,nav2,nav2,2_towards_robot,2_towards_robot,,0,narrow_hallway/nav2/metrics_steps_nav2_2_towards_robot_0.csv,False,23.5,13.845591393281202
narrow_hallway,nav2,nav2,2_towards_robot,2_towards_robot,,0,narrow_hallway/nav2/metrics_steps_nav2_2_towards_robot_0.csv,False,23.6,13.914230523728682
narrow_hallway,nav2,nav2,2_towards_robot,2_towards_robot,,0,narrow_hallway/nav2/metrics_steps_nav2_2_towards_robot_0.csv,False,23.7,13.979852706493292
narrow_hallway,nav2,nav2,2_towards_robot,2_towards_robot,,0,narrow_hallway/nav2/metrics_steps_nav2_2_towards_robot_0.csv,False,23.8,14.044486271277313
narrow_hallway,nav2,nav2,2_towards_robot,2_towards_robot,,0,narrow_hallway/nav2/metrics_steps_nav2_2_towards_robot_0.csv,False,23.9,14.109666971158555
narrow_hallway,nav2,nav2,2_towards_robot,2_towards_robot,,0,narrow_hallway/nav2/metrics_steps_nav2_2_towards_robot_0.csv,False,24.0,14.169905359010755
narrow_hallway,nav2,nav2,2_towards_robot,2_towards_robot,,0,narrow_hallway/nav2/metrics_steps_nav2_2_towards_robot_0.csv,False,24.1,14.227199609236369
narrow_hallway,nav2,nav2,2_towards_robot,2_towards_robot,,0,narrow_hallway/nav2/metrics_steps_nav2_2_towards_robot_0.csv,False,24.2,14.279461326989756
narrow_hallway,nav2,nav2,2_towards_robot,2_towards_robot,,0,narrow_hallway/nav2/metrics_steps_nav2_2_towards_robot_0.csv,False,24.3,14.331523873931744
narrow_hallway,nav2,nav2,2_towards_robot,2_towards_robot,,0,narrow_hallway/nav2/metrics_steps_nav2_2_towards_robot_0.csv,False,24.4,14.38285497194827
narrow_hallway,nav2,nav2,2_towards_robot,2_towards_robot,,0,narrow_hallway/nav2/metrics_steps_nav2_2_towards_robot_0.csv,False,24.5,14.437127912233905
narrow_hallway,nav2,nav2,2_towards_robot,2_towards_robot,,0,narrow_hallway/nav2/metrics_steps_nav2_2_towards_robot_0.csv,False,24.6,14.489432725067552
narrow_hallway,nav2,nav2,2_towards_robot,2_towards_robot,,0,narrow_hallway/nav2/metrics_steps_nav2_2_towards_robot_0.csv,False,24.7,14.550794588240018
narrow_hallway,nav2,nav2,2_towards_robot,2_towards_robot,,0,narrow_hallway/nav2/metrics_steps_nav2_2_towards_robot_0.csv,False,24.8,14.616223748881533
narrow_hallway,nav2,nav2,2_towards_robot,2_towards_robot,,0,narrow_hallway/nav2/metrics_steps_nav2_2_towards_robot_0.csv,False,24.9,14.676002631024495
narrow_hallway,nav2,nav2,2_towards_robot,2_towards_robot,,0,narrow_hallway/nav2/metrics_steps_nav2_2_towards_robot_0.csv,False,25.0,14.732791052575148
narrow_hallway,nav2,nav2,2_towards_robot,2_towards_robot,,0,narrow_hallway/nav2/metrics_steps_nav2_2_towards_robot_0.csv,False,25.1,14.789295165509806
narrower_hallway,mcts,mcts,narrower_hallway,narrower_hallway,,0,narrower_hallway/mcts/metrics_steps_narrower_hallway_0.csv,True,0.0,13.29779750065521
narrower_hallway,mcts,mcts,narrower_hallway,narrower_hallway,,0,narrower_hallway/mcts/metrics_steps_narrower_hallway_0.csv,True,0.1,13.262124354065037
narrower_hallway,mcts,mcts,narrower_hallway,narrower_hallway,,0,narrower_hallway/mcts/metrics_steps_narrower_hallway_0.csv,True,0.2,13.192374725247856
narrower_hallway,mcts,mcts,narrower_hallway,narrower_hallway,,0,narrower_hallway/mcts/metrics_steps_narrower_hallway_0.csv,True,0.3,13.094639783694948
narrower_hallway,mcts,mcts,narrower_hallway,narrower_hallway,,0,narrower_hallway/mcts/metrics_steps_narrower_hallway_0.csv,True,0.4,12.972242794290024
narrower_hallway,mcts,mcts,narrower_hallway,narrower_hallway,,0,narrower_hallway/mcts/metrics_steps_narrower_hallway_0.csv,True,0.5,12.830228692395572
narrower_hallway,mcts,mcts,narrower_hallway,narrower_hallway,,0,narrower_hallway/mcts/metrics_steps_narrower_hallway_0.csv,True,0.6,12.671894499538196
narrower_hallway,mcts,mcts,narrower_hallway,narrower_hallway,,0,narrower_hallway/mcts/metrics_steps_narrower_hallway_0.csv,True,0.7,12.500597740478485
narrower_hallway,mcts,mcts,narrower_hallway,narrower_hallway,,0,narrower_hallway/mcts/metrics_steps_narrower_hallway_0.csv,True,0.8,12.317858102975723
narrower_hallway,mcts,mcts,narrower_hallway,narrower_hallway,,0,narrower_hallway/mcts/metrics_steps_narrower_hallway_0.csv,True,0.9,12.123305877088097
narrower_hallway,mcts,mcts,narrower_hallway,narrower_hallway,,0,narrower_hallway/mcts/metrics_steps_narrower_hallway_0.csv,True,1.0,11.920845727553548
narrower_hallway,mcts,mcts,narrower_hallway,narrower_hallway,,0,narrower_hallway/mcts/metrics_steps_narrower_hallway_0.csv,True,1.1,11.725890796517772
narrower_hallway,mcts,mcts,narrower_hallway,narrower_hallway,,0,narrower_hallway/mcts/metrics_steps_narrower_hallway_0.csv,True,1.2,11.5398936001894
narrower_hallway,mcts,mcts,narrower_hallway,narrower_hallway,,0,narrower_hallway/mcts/metrics_steps_narrower_hallway_0.csv,True,1.3,11.34931028002678
narrower_hallway,mcts,mcts,narrower_hallway,narrower_hallway,,0,narrower_hallway/mcts/metrics_steps_narrower_hallway_0.csv,True,1.4,11.14850259525964
narrower_hallway,mcts,mcts,narrower_hallway,narrower_hallway,,0,narrower_hallway/mcts/metrics_steps_narrower_hallway_0.csv,True,1.5,10.937556592137652
narrower_hallway,mcts,mcts,narrower_hallway,narrower_hallway,,0,narrower_hallway/mcts/metrics_steps_narrower_hallway_0.csv,True,1.6,10.716541678861388
narrower_hallway,mcts,mcts,narrower_hallway,narrower_hallway,,0,narrower_hallway/mcts/metrics_steps_narrower_hallway_0.csv,True,1.7,10.487971578393072
narrower_hallway,mcts,mcts,narrower_hallway,narrower_hallway,,0,narrower_hallway/mcts/metrics_steps_narrower_hallway_0.csv,True,1.8,10.253960551568191
narrower_hallway,mcts,mcts,narrower_hallway,narrower_hallway,,0,narrower_hallway/mcts/metrics_steps_narrower_hallway_0.csv,True,1.9,10.020047188750752
narrower_hallway,mcts,mcts,narrower_hallway,narrower_hallway,,0,narrower_hallway/mcts/metrics_steps_narrower_hallway_0.csv,True,2.0,9.7861675377754
narrower_hallway,mcts,mcts,narrower_hallway,narrower_hallway,,0,narrower_hallway/mcts/metrics_steps_narrower_hallway_0.csv,True,2.1,9.552659025893965
narrower_hallway,mcts,mcts,narrower_hallway,narrower_hallway,,0,narrower_hallway/mcts/metrics_steps_narrower_hallway_0.csv,True,2.2,9.319296094262691
narrower_hallway,mcts,mcts,narrower_hallway,narrower_hallway,,0,narrower_hallway/mcts/metrics_steps_narrower_hallway_0.csv,True,2.3,9.087527445147646
narrower_hallway,mcts,mcts,narrower_hallway,narrower_hallway,,0,narrower_hallway/mcts/metrics_steps_narrower_hallway_0.csv,True,2.4,8.857500283037176
narrower_hallway,mcts,mcts,narrower_hallway,narrower_hallway,,0,narrower_hallway/mcts/metrics_steps_narrower_hallway_0.csv,True,2.5,8.627285937139566
narrower_hallway,mcts,mcts,narrower_hallway,narrower_hallway,,0,narrower_hallway/mcts/metrics_steps_narrower_hallway_0.csv,True,2.6,8.396426178274274
narrower_hallway,mcts,mcts,narrower_hallway,narrower_hallway,,0,narrower_hallway/mcts/metrics_steps_narrower_hallway_0.csv,True,2.7,8.165763467519154
narrower_hallway,mcts,mcts,narrower_hallway,narrower_hallway,,0,narrower_hallway/mcts/metrics_steps_narrower_hallway_0.csv,True,2.8,7.934616683751964
narrower_hallway,mcts,mcts,narrower_hallway,narrower_hallway,,0,narrower_hallway/mcts/metrics_steps_narrower_hallway_0.csv,True,2.9,7.703802156875337
narrower_hallway,mcts,mcts,narrower_hallway,narrower_hallway,,0,narrower_hallway/mcts/metrics_steps_narrower_hallway_0.csv,True,3.0,7.472905476536619
narrower_hallway,mcts,mcts,narrower_hallway,narrower_hallway,,0,narrower_hallway/mcts/metrics_steps_narrower_hallway_0.csv,True,3.1,7.241463515896514
narrower_hallway,mcts,mcts,narrower_hallway,narrower_hallway,,0,narrower_hallway/mcts/metrics_steps_narrower_hallway_0.csv,True,3.2,7.0105328027266935
narrower_hallway,mcts,mcts,narrower_hallway,narrower_hallway,,0,narrower_hallway/mcts/metrics_steps_narrower_hallway_0.csv,True,3.3,6.7802100322985215
narrower_hallway,mcts,mcts,narrower_hallway,narrower_hallway,,0,narrower_hallway/mcts/metrics_steps_narrower_hallway_0.csv,True,3.4,6.548349986451951
narrower_hallway,mcts,mcts,narrower_hallway,narrower_hallway,,0,narrower_hallway/mcts/metrics_steps_narrower_hallway_0.csv,True,3.5,6.321637401709982
narrower_hallway,mcts,mcts,narrower_hallway,narrower_hallway,,0,narrower_hallway/mcts/metrics_steps_narrower_hallway_0.csv,True,3.6,6.100013378076784
narrower_hallway,mcts,mcts,narrower_hallway,narrower_hallway,,0,narrower_hallway/mcts/metrics_steps_narrower_hallway_0.csv,True,3.7,5.880482863103151
narrower_hallway,mcts,mcts,narrower_hallway,narrower_hallway,,0,narrower_hallway/mcts/metrics_steps_narrower_hallway_0.csv,True,3.8,5.667956735776221
narrower_hallway,mcts,mcts,narrower_hallway,narrower_hallway,,0,narrower_hallway/mcts/metrics_steps_narrower_hallway_0.csv,True,3.9,5.449852332974269
narrower_hallway,mcts,mcts,narrower_hallway,narrower_hallway,,0,narrower_hallway/mcts/metrics_steps_narrower_hallway_0.csv,True,4.0,5.223492847265701
narrower_hallway,mcts,mcts,narrower_hallway,narrower_hallway,,0,narrower_hallway/mcts/metrics_steps_narrower_hallway_0.csv,True,4.1,4.996544034510542
narrower_hallway,mcts,mcts,narrower_hallway,narrower_hallway,,0,narrower_hallway/mcts/metrics_steps_narrower_hallway_0.csv,True,4.2,4.770425133415047
narrower_hallway,mcts,mcts,narrower_hallway,narrower_hallway,,0,narrower_hallway/mcts/metrics_steps_narrower_hallway_0.csv,True,4.3,4.5438178748282345
narrower_hallway,mcts,mcts,narrower_hallway,narrower_hallway,,0,narrower_hallway/mcts/metrics_steps_narrower_hallway_0.csv,True,4.4,4.31758660423032
narrower_hallway,mcts,mcts,narrower_hallway,narrower_hallway,,0,narrower_hallway/mcts/metrics_steps_narrower_hallway_0.csv,True,4.5,4.092069968586655
narrower_hallway,mcts,mcts,narrower_hallway,narrower_hallway,,0,narrower_hallway/mcts/metrics_steps_narrower_hallway_0.csv,True,4.6,3.867049515851821
narrower_hallway,mcts,mcts,narrower_hallway,narrower_hallway,,0,narrower_hallway/mcts/metrics_steps_narrower_hallway_0.csv,True,4.7,3.642763973916463
narrower_hallway,mcts,mcts,narrower_hallway,narrower_hallway,,0,narrower_hallway/mcts/metrics_steps_narrower_hallway_0.csv,True,4.8,3.427437662738855
narrower_hallway,mcts,mcts,narrower_hallway,narrower_hallway,,0,narrower_hallway/mcts/metrics_steps_narrower_hallway_0.csv,True,4.9,3.22166139966417
narrower_hallway,mcts,mcts,narrower_hallway,narrower_hallway,,0,narrower_hallway/mcts/metrics_steps_narrower_hallway_0.csv,True,5.0,3.013686473852495
narrower_hallway,mcts,mcts,narrower_hallway,narrower_hallway,,0,narrower_hallway/mcts/metrics_steps_narrower_hallway_0.csv,True,5.1,2.804470027504205
narrower_hallway,mcts,mcts,narrower_hallway,narrower_hallway,,0,narrower_hallway/mcts/metrics_steps_narrower_hallway_0.csv,True,5.2,2.5918662064081373
narrower_hallway,mcts,mcts,narrower_hallway,narrower_hallway,,0,narrower_hallway/mcts/metrics_steps_narrower_hallway_0.csv,True,5.3,2.3754787143927265
narrower_hallway,mcts,mcts,narrower_hallway,narrower_hallway,,0,narrower_hallway/mcts/metrics_steps_narrower_hallway_0.csv,True,5.4,2.161194577131321
narrower_hallway,mcts,mcts,narrower_hallway,narrower_hallway,,0,narrower_hallway/mcts/metrics_steps_narrower_hallway_0.csv,True,5.5,1.952982584144665
narrower_hallway,mcts,mcts,narrower_hallway,narrower_hallway,,0,narrower_hallway/mcts/metrics_steps_narrower_hallway_0.csv,True,5.6,1.7565303612892231
narrower_hallway,mcts,mcts,narrower_hallway,narrower_hallway,,0,narrower_hallway/mcts/metrics_steps_narrower_hallway_0.csv,True,5.7,1.571613831383953
narrower_hallway,mcts,mcts,narrower_hallway,narrower_hallway,,0,narrower_hallway/mcts/metrics_steps_narrower_hallway_0.csv,True,5.8,1.3983001317328787
narrower_hallway,mcts,mcts,narrower_hallway,narrower_hallway,,0,narrower_hallway/mcts/metrics_steps_narrower_hallway_0.csv,True,5.9,1.2281744795048175
narrower_hallway,mcts,mcts,narrower_hallway,narrower_hallway,,0,narrower_hallway/mcts/metrics_steps_narrower_hallway_0.csv,True,6.0,1.0516709337042287
narrower_hallway,mcts,mcts,narrower_hallway,narrower_hallway,,0,narrower_hallway/mcts/metrics_steps_narrower_hallway_0.csv,True,6.1,0.8736971608288056
narrower_hallway,mcts,mcts,narrower_hallway,narrower_hallway,,0,narrower_hallway/mcts/metrics_steps_narrower_hallway_0.csv,True,6.2,0.6973167462321554
narrower_hallway,mcts,mcts,narrower_hallway,narrower_hallway,,0,narrower_hallway/mcts/metrics_steps_narrower_hallway_0.csv,True,6.3,0.5325419683921602
narrower_hallway,mcts,mcts,narrower_hallway,narrower_hallway,,0,narrower_hallway/mcts/metrics_steps_narrower_hallway_0.csv,True,6.4,0.37975183735356
narrower_hallway,mcts,mcts,narrower_hallway,narrower_hallway,,0,narrower_hallway/mcts/metrics_steps_narrower_hallway_0.csv,True,6.5,0.2345580899101562
narrower_hallway,mcts,mcts,narrower_hallway,narrower_hallway,,0,narrower_hallway/mcts/metrics_steps_narrower_hallway_0.csv,True,6.6,0.1150463277984656
narrower_hallway,mcts,mcts,narrower_hallway,narrower_hallway,,0,narrower_hallway/mcts/metrics_steps_narrower_hallway_0.csv,True,6.7,0.0480881904011408
narrower_hallway,mcts,mcts,narrower_hallway,narrower_hallway,,0,narrower_hallway/mcts/metrics_steps_narrower_hallway_0.csv,True,6.8,0.0391335136664817
narrower_hallway,mcts,mcts,narrower_hallway,narrower_hallway,,0,narrower_hallway/mcts/metrics_steps_narrower_hallway_0.csv,True,6.9,0.0696989602151227
narrower_hallway,mcts,mcts,narrower_hallway,narrower_hallway,,0,narrower_hallway/mcts/metrics_steps_narrower_hallway_0.csv,True,7.0,0.1060638413237962
narrower_hallway,mcts,mcts,narrower_hallway,narrower_hallway,,0,narrower_hallway/mcts/metrics_steps_narrower_hallway_0.csv,True,7.1,0.1270229133296133
narrower_hallway,mcts,mcts,narrower_hallway,narrower_hallway,,0,narrower_hallway/mcts/metrics_steps_narrower_hallway_0.csv,True,7.2,0.1249225970116854
narrower_hallway,mcts,mcts,narrower_hallway,narrower_hallway,,0,narrower_hallway/mcts/metrics_steps_narrower_hallway_0.csv,True,7.3,0.0976524692144718
narrower_hallway,mcts,mcts,narrower_hallway,narrower_hallway,,0,narrower_hallway/mcts/metrics_steps_narrower_hallway_0.csv,True,7.4,0.0557041653961368
narrower_hallway,mcts,mcts,narrower_hallway,narrower_hallway,,0,narrower_hallway/mcts/metrics_steps_narrower_hallway_0.csv,True,7.5,0.0544723624950308
narrower_hallway,mcts,mcts,narrower_hallway,narrower_hallway,,0,narrower_hallway/mcts/metrics_steps_narrower_hallway_0.csv,True,7.6,0.0995351115620813
narrower_hallway,mcts,mcts,narrower_hallway,narrower_hallway,,0,narrower_hallway/mcts/metrics_steps_narrower_hallway_0.csv,True,7.7,0.1372765728421984
narrower_hallway,mcts,mcts,narrower_hallway,narrower_hallway,,0,narrower_hallway/mcts/metrics_steps_narrower_hallway_0.csv,True,7.8,0.1217978555284741
narrower_hallway,mcts,mcts,narrower_hallway,narrower_hallway,,0,narrower_hallway/mcts/metrics_steps_narrower_hallway_0.csv,True,7.9,0.0742622404821192
narrower_hallway,mcts,mcts,narrower_hallway,narrower_hallway,,0,narrower_hallway/mcts/metrics_steps_narrower_hallway_0.csv,True,8.0,0.0427135814328411
narrower_hallway,mcts,mcts,narrower_hallway,narrower_hallway,,0,narrower_hallway/mcts/metrics_steps_narrower_hallway_0.csv,True,8.1,0.0433294151790285
narrower_hallway,mcts,mcts,narrower_hallway,narrower_hallway,,0,narrower_hallway/mcts/metrics_steps_narrower_hallway_0.csv,True,8.2,0.0582559929011788
narrower_hallway,mcts,mcts,narrower_hallway,narrower_hallway,,0,narrower_hallway/mcts/metrics_steps_narrower_hallway_0.csv,True,8.3,0.0615829198622691
narrower_hallway,mcts,mcts,narrower_hallway,narrower_hallway,,0,narrower_hallway/mcts/metrics_steps_narrower_hallway_0.csv,True,8.4,0.0529624883920819
narrower_hallway,mcts,mcts,narrower_hallway,narrower_hallway,,0,narrower_hallway/mcts/metrics_steps_narrower_hallway_0.csv,True,8.5,0.0606161549955687
narrower_hallway,mcts,mcts,narrower_hallway,narrower_hallway,,0,narrower_hallway/mcts/metrics_steps_narrower_hallway_0.csv,True,8.6,0.1017930103106042
narrower_hallway,mcts,mcts,narrower_hallway,narrower_hallway,,0,narrower_hallway/mcts/metrics_steps_narrower_hallway_0.csv,True,8.7,0.111996562471176
narrower_hallway,mcts,mcts,narrower_hallway,narrower_hallway,,0,narrower_hallway/mcts/metrics_steps_narrower_hallway_0.csv,True,8.8,0.0979501899351285
narrower_hallway,mcts,mcts,narrower_hallway,narrower_hallway,,0,narrower_hallway/mcts/metrics_steps_narrower_hallway_0.csv,True,8.9,0.0985175940213434
narrower_hallway,mcts,mcts,narrower_hallway,narrower_hallway,,0,narrower_hallway/mcts/metrics_steps_narrower_hallway_0.csv,True,9.0,0.1112461006702769
narrower_hallway,mcts,mcts,narrower_hallway,narrower_hallway,,0,narrower_hallway/mcts/metrics_steps_narrower_hallway_0.csv,True,9.1,0.1256759715989817
narrower_hallway,mcts,mcts,narrower_hallway,narrower_hallway,,0,narrower_hallway/mcts/metrics_steps_narrower_hallway_0.csv,True,9.2,0.1374396648178204
narrower_hallway,mcts,mcts,narrower_hallway,narrower_hallway,,0,narrower_hallway/mcts/metrics_steps_narrower_hallway_0.csv,True,9.3,0.1414658481061936
narrower_hallway,mcts,mcts,narrower_hallway,narrower_hallway,,0,narrower_hallway/mcts/metrics_steps_narrower_hallway_0.csv,True,9.4,0.1393252187837848
narrower_hallway,mcts,mcts,narrower_hallway,narrower_hallway,,0,narrower_hallway/mcts/metrics_steps_narrower_hallway_0.csv,True,9.5,0.1353220587119533
narrower_hallway,mcts,mcts,narrower_hallway,narrower_hallway,,0,narrower_hallway/mcts/metrics_steps_narrower_hallway_0.csv,True,9.6,0.1311512849002286
narrower_hallway,mcts,mcts,narrower_hallway,narrower_hallway,,0,narrower_hallway/mcts/metrics_steps_narrower_hallway_0.csv,True,9.7,0.1270158850135732
narrower_hallway,mcts,mcts,narrower_hallway,narrower_hallway,,0,narrower_hallway/mcts/metrics_steps_narrower_hallway_0.csv,True,9.8,0.1266454424721359
narrower_hallway,mcts,mcts,narrower_hallway,narrower_hallway,,0,narrower_hallway/mcts/metrics_steps_narrower_hallway_0.csv,True,9.9,0.1259875094498679
narrower_hallway,mcts,mcts,narrower_hallway,narrower_hallway,,0,narrower_hallway/mcts/metrics_steps_narrower_hallway_0.csv,True,10.0,0.1260881811244044
narrower_hallway,mcts,mcts,narrower_hallway,narrower_hallway,,0,narrower_hallway/mcts/metrics_steps_narrower_hallway_0.csv,True,10.1,0.13247316257145
narrower_hallway,mcts,mcts,narrower_hallway,narrower_hallway,,0,narrower_hallway/mcts/metrics_steps_narrower_hallway_0.csv,True,10.2,0.1447842789264362
narrower_hallway,mcts,mcts,narrower_hallway,narrower_hallway,,0,narrower_hallway/mcts/metrics_steps_narrower_hallway_0.csv,True,10.3,0.1527664736654542
narrower_hallway,mcts,mcts,narrower_hallway,narrower_hallway,,0,narrower_hallway/mcts/metrics_steps_narrower_hallway_0.csv,True,10.4,0.1531333617952127
narrower_hallway,mcts,mcts,narrower_hallway,narrower_hallway,,0,narrower_hallway/mcts/metrics_steps_narrower_hallway_0.csv,True,10.5,0.1520205441598202
narrower_hallway,mcts,mcts,narrower_hallway,narrower_hallway,,0,narrower_hallway/mcts/metrics_steps_narrower_hallway_0.csv,True,10.6,0.1544804873147807
narrower_hallway,mcts,mcts,narrower_hallway,narrower_hallway,,0,narrower_hallway/mcts/metrics_steps_narrower_hallway_0.csv,True,10.7,0.1639096742114945
narrower_hallway,mcts,mcts,narrower_hallway,narrower_hallway,,0,narrower_hallway/mcts/metrics_steps_narrower_hallway_0.csv,True,10.8,0.1760851326986114
narrower_hallway,mcts,mcts,narrower_hallway,narrower_hallway,,0,narrower_hallway/mcts/metrics_steps_narrower_hallway_0.csv,True,10.9,0.1871652310580457
narrower_hallway,mcts,mcts,narrower_hallway,narrower_hallway,,0,narrower_hallway/mcts/metrics_steps_narrower_hallway_0.csv,True,11.0,0.1945919475751188
narrower_hallway,mcts,mcts,narrower_hallway,narrower_hallway,,0,narrower_hallway/mcts/metrics_steps_narrower_hallway_0.csv,True,11.1,0.195077749824876
narrower_hallway,mcts,mcts,narrower_hallway,narrower_hallway,,0,narrower_hallway/mcts/metrics_steps_narrower_hallway_0.csv,True,11.2,0.1888854488918212
narrower_hallway,mcts,mcts,narrower_hallway,narrower_hallway,,0,narrower_hallway/mcts/metrics_steps_narrower_hallway_0.csv,True,11.3,0.179766454754321
narrower_hallway,mcts,mcts,narrower_hallway,narrower_hallway,,0,narrower_hallway/mcts/metrics_steps_narrower_hallway_0.csv,True,11.4,0.1732611757690555
narrower_hallway,mcts,mcts,narrower_hallway,narrower_hallway,,0,narrower_hallway/mcts/metrics_steps_narrower_hallway_0.csv,True,11.5,0.1709728287988268
narrower_hallway,mcts,mcts,narrower_hallway,narrower_hallway,,0,narrower_hallway/mcts/metrics_steps_narrower_hallway_0.csv,True,11.6,0.1800801337171402
narrower_hallway,mcts,mcts,narrower_hallway,narrower_hallway,,0,narrower_hallway/mcts/metrics_steps_narrower_hallway_0.csv,True,11.7,0.2063210628004306
narrower_hallway,mcts,mcts,narrower_hallway,narrower_hallway,,0,narrower_hallway/mcts/metrics_steps_narrower_hallway_0.csv,True,11.8,0.2531243997060814
narrower_hallway,mcts,mcts,narrower_hallway,narrower_hallway,,0,narrower_hallway/mcts/metrics_steps_narrower_hallway_0.csv,True,11.9,0.3264009197800384
narrower_hallway,mcts,mcts,narrower_hallway,narrower_hallway,,0,narrower_hallway/mcts/metrics_steps_narrower_hallway_0.csv,True,12.0,0.4249550062987093
narrower_hallway,mcts,mcts,narrower_hallway,narrower_hallway,,0,narrower_hallway/mcts/metrics_steps_narrower_hallway_0.csv,True,12.1,0.5419296311950481
narrower_hallway,mcts,mcts,narrower_hallway,narrower_hallway,,0,narrower_hallway/mcts/metrics_steps_narrower_hallway_0.csv,True,12.2,0.6758587708519261
narrower_hallway,mcts,mcts,narrower_hallway,narrower_hallway,,0,narrower_hallway/mcts/metrics_steps_narrower_hallway_0.csv,True,12.3,0.831153423039249
narrower_hallway,mcts,mcts,narrower_hallway,narrower_hallway,,0,narrower_hallway/mcts/metrics_steps_narrower_hallway_0.csv,True,12.4,1.0044638397821417
narrower_hallway,mcts,mcts,narrower_hallway,narrower_hallway,,0,narrower_hallway/mcts/metrics_steps_narrower_hallway_0.csv,True,12.5,1.1897225703726524
narrower_hallway,mcts,mcts,narrower_hallway,narrower_hallway,,0,narrower_hallway/mcts/metrics_steps_narrower_hallway_0.csv,True,12.6,1.3839996610564858
narrower_hallway,mcts,mcts,narrower_hallway,narrower_hallway,,0,narrower_hallway/mcts/metrics_steps_narrower_hallway_0.csv,True,12.7,1.5855666099950405
narrower_hallway,mcts,mcts,narrower_hallway,narrower_hallway,,0,narrower_hallway/mcts/metrics_steps_narrower_hallway_0.csv,True,12.8,1.7963008305665902
narrower_hallway,mcts,mcts,narrower_hallway,narrower_hallway,,0,narrower_hallway/mcts/metrics_steps_narrower_hallway_0.csv,True,12.9,2.012239334628727
narrower_hallway,mcts,mcts,narrower_hallway,narrower_hallway,,0,narrower_hallway/mcts/metrics_steps_narrower_hallway_0.csv,True,13.0,2.231746275452506
narrower_hallway,mcts,mcts,narrower_hallway,narrower_hallway,,0,narrower_hallway/mcts/metrics_steps_narrower_hallway_0.csv,True,13.1,2.454616732575111
narrower_hallway,mcts,mcts,narrower_hallway,narrower_hallway,,0,narrower_hallway/mcts/metrics_steps_narrower_hallway_0.csv,True,13.2,2.6792627049707622
narrower_hallway,mcts,mcts,narrower_hallway,narrower_hallway,,0,narrower_hallway/mcts/metrics_steps_narrower_hallway_0.csv,True,13.3,2.9039418580996728
narrower_hallway,mcts,mcts,narrower_hallway,narrower_hallway,,0,narrower_hallway/mcts/metrics_steps_narrower_hallway_0.csv,True,13.4,3.127757325096065
narrower_hallway,mcts,mcts,narrower_hallway,narrower_hallway,,0,narrower_hallway/mcts/metrics_steps_narrower_hallway_0.csv,True,13.5,3.351549990698964
narrower_hallway,mcts,mcts,narrower_hallway,narrower_hallway,,0,narrower_hallway/mcts/metrics_steps_narrower_hallway_0.csv,True,13.6,3.5763442349385377
narrower_hallway,mcts,mcts,narrower_hallway,narrower_hallway,,0,narrower_hallway/mcts/metrics_steps_narrower_hallway_0.csv,True,13.7,3.8025170714963217
narrower_hallway,mcts,mcts,narrower_hallway,narrower_hallway,,0,narrower_hallway/mcts/metrics_steps_narrower_hallway_0.csv,True,13.8,4.0294863738679725
narrower_hallway,mcts,mcts,narrower_hallway,narrower_hallway,,0,narrower_hallway/mcts/metrics_steps_narrower_hallway_0.csv,True,13.9,4.254832603814406
narrower_hallway,mcts,mcts,narrower_hallway,narrower_hallway,,0,narrower_hallway/mcts/metrics_steps_narrower_hallway_0.csv,True,14.0,4.479197053694639
narrower_hallway,mcts,mcts,narrower_hallway,narrower_hallway,,0,narrower_hallway/mcts/metrics_steps_narrower_hallway_0.csv,True,14.1,4.704377428316884
narrower_hallway,mcts,mcts,narrower_hallway,narrower_hallway,,0,narrower_hallway/mcts/metrics_steps_narrower_hallway_0.csv,True,14.2,4.930610120647726
narrower_hallway,mcts,mcts,narrower_hallway,narrower_hallway,,0,narrower_hallway/mcts/metrics_steps_narrower_hallway_0.csv,True,14.3,5.159093154725428
narrower_hallway,mcts,mcts,narrower_hallway,narrower_hallway,,0,narrower_hallway/mcts/metrics_steps_narrower_hallway_0.csv,True,14.4,5.388175697231432
narrower_hallway,mcts,mcts,narrower_hallway,narrower_hallway,,0,narrower_hallway/mcts/metrics_steps_narrower_hallway_0.csv,True,14.5,5.616683533685396
narrower_hallway,mcts,mcts,narrower_hallway,narrower_hallway,,0,narrower_hallway/mcts/metrics_steps_narrower_hallway_0.csv,True,14.6,5.844680251535041
narrower_hallway,mcts,mcts,narrower_hallway,narrower_hallway,,0,narrower_hallway/mcts/metrics_steps_narrower_hallway_0.csv,True,14.7,6.072378846131616
narrower_hallway,mcts,mcts,narrower_hallway,narrower_hallway,,0,narrower_hallway/mcts/metrics_steps_narrower_hallway_0.csv,True,14.8,6.299484855415199
narrower_hallway,mcts,mcts,narrower_hallway,narrower_hallway,,0,narrower_hallway/mcts/metrics_steps_narrower_hallway_0.csv,True,14.9,6.525899017884774
narrower_hallway,mcts,mcts,narrower_hallway,narrower_hallway,,0,narrower_hallway/mcts/metrics_steps_narrower_hallway_0.csv,True,15.0,6.752774201385899
narrower_hallway,mcts,mcts,narrower_hallway,narrower_hallway,,0,narrower_hallway/mcts/metrics_steps_narrower_hallway_0.csv,True,15.1,6.979053945758124
narrower_hallway,mcts,mcts,narrower_hallway,narrower_hallway,,0,narrower_hallway/mcts/metrics_steps_narrower_hallway_0.csv,True,15.2,7.203446744785493
narrower_hallway,mcts,mcts,narrower_hallway,narrower_hallway,,0,narrower_hallway/mcts/metrics_steps_narrower_hallway_0.csv,True,15.3,7.427973801922757
narrower_hallway,mcts,mcts,narrower_hallway,narrower_hallway,,0,narrower_hallway/mcts/metrics_steps_narrower_hallway_0.csv,True,15.4,7.65284340615649
narrower_hallway,mcts,mcts,narrower_hallway,narrower_hallway,,0,narrower_hallway/mcts/metrics_steps_narrower_hallway_0.csv,True,15.5,7.877830962449044
narrower_hallway,mcts,mcts,narrower_hallway,narrower_hallway,,0,narrower_hallway/mcts/metrics_steps_narrower_hallway_0.csv,True,15.6,8.1032450596852
narrower_hallway,mcts,mcts,narrower_hallway,narrower_hallway,,0,narrower_hallway/mcts/metrics_steps_narrower_hallway_0.csv,True,15.7,8.328324239628024
narrower_hallway,mcts,mcts,narrower_hallway,narrower_hallway,,0,narrower_hallway/mcts/metrics_steps_narrower_hallway_0.csv,True,15.8,8.552016580503699
narrower_hallway,mcts,mcts,narrower_hallway,narrower_hallway,,0,narrower_hallway/mcts/metrics_steps_narrower_hallway_0.csv,True,15.9,8.773823569177885
narrower_hallway,mcts,mcts,narrower_hallway,narrower_hallway,,0,narrower_hallway/mcts/metrics_steps_narrower_hallway_0.csv,True,16.0,8.995641184303654
narrower_hallway,mcts,mcts,narrower_hallway,narrower_hallway,,0,narrower_hallway/mcts/metrics_steps_narrower_hallway_0.csv,True,16.1,9.217023972638614
narrower_hallway,mcts,mcts,narrower_hallway,narrower_hallway,,0,narrower_hallway/mcts/metrics_steps_narrower_hallway_0.csv,True,16.2,9.438092684282012
narrower_hallway,mcts,mcts,narrower_hallway,narrower_hallway,,0,narrower_hallway/mcts/metrics_steps_narrower_hallway_0.csv,True,16.3,9.657838027277643
narrower_hallway,mcts,mcts,narrower_hallway,narrower_hallway,,0,narrower_hallway/mcts/metrics_steps_narrower_hallway_0.csv,True,16.4,9.876806589601015
narrower_hallway,mcts,mcts,narrower_hallway,narrower_hallway,,0,narrower_hallway/mcts/metrics_steps_narrower_hallway_0.csv,True,16.5,10.094518313950388
narrower_hallway,mcts,mcts,narrower_hallway,narrower_hallway,,0,narrower_hallway/mcts/metrics_steps_narrower_hallway_0.csv,True,16.6,10.311175004307104
narrower_hallway,mcts,mcts,narrower_hallway,narrower_hallway,,0,narrower_hallway/mcts/metrics_steps_narrower_hallway_0.csv,True,16.7,10.525669354676996
narrower_hallway,mcts,mcts,narrower_hallway,narrower_hallway,,0,narrower_hallway/mcts/metrics_steps_narrower_hallway_0.csv,True,16.8,10.736706106146856
narrower_hallway,mcts,mcts,narrower_hallway,narrower_hallway,,0,narrower_hallway/mcts/metrics_steps_narrower_hallway_0.csv,True,16.9,10.94506574404335
narrower_hallway,mcts,mcts,narrower_hallway,narrower_hallway,,0,narrower_hallway/mcts/metrics_steps_narrower_hallway_0.csv,True,17.0,11.144879120672776
narrower_hallway,mcts,mcts,narrower_hallway,narrower_hallway,,0,narrower_hallway/mcts/metrics_steps_narrower_hallway_0.csv,True,17.1,11.330568424302394
narrower_hallway,mcts,mcts,narrower_hallway,narrower_hallway,,0,narrower_hallway/mcts/metrics_steps_narrower_hallway_0.csv,True,17.2,11.50160283786952
narrower_hallway,mcts,mcts,narrower_hallway,narrower_hallway,,0,narrower_hallway/mcts/metrics_steps_narrower_hallway_0.csv,True,17.3,11.668738586076744
narrower_hallway,mcts,mcts,narrower_hallway,narrower_hallway,,0,narrower_hallway/mcts/metrics_steps_narrower_hallway_0.csv,True,17.4,11.840126138666545
narrower_hallway,mcts,mcts,narrower_hallway,narrower_hallway,,0,narrower_hallway/mcts/metrics_steps_narrower_hallway_0.csv,True,17.5,12.016901684632897
narrower_hallway,mcts,mcts,narrower_hallway,narrower_hallway,,0,narrower_hallway/mcts/metrics_steps_narrower_hallway_0.csv,True,17.6,12.196403754894977
narrower_hallway,mcts,mcts,narrower_hallway,narrower_hallway,,0,narrower_hallway/mcts/metrics_steps_narrower_hallway_0.csv,True,17.7,12.375581198738573
narrower_hallway,mcts,mcts,narrower_hallway,narrower_hallway,,0,narrower_hallway/mcts/metrics_steps_narrower_hallway_0.csv,True,17.8,12.5479694784255
narrower_hallway,mcts,mcts,narrower_hallway,narrower_hallway,,0,narrower_hallway/mcts/metrics_steps_narrower_hallway_0.csv,True,17.9,12.71797227310838
narrower_hallway,mcts,mcts,narrower_hallway,narrower_hallway,,0,narrower_hallway/mcts/metrics_steps_narrower_hallway_0.csv,True,18.0,12.892714329435051
narrower_hallway,mcts,mcts,narrower_hallway,narrower_hallway,,0,narrower_hallway/mcts/metrics_steps_narrower_hallway_0.csv,True,18.1,13.070755474056115
narrower_hallway,mcts,mcts,narrower_hallway,narrower_hallway,,0,narrower_hallway/mcts/metrics_steps_narrower_hallway_0.csv,True,18.2,13.241857421528442
narrower_hallway,mcts,mcts,narrower_hallway,narrower_hallway,,0,narrower_hallway/mcts/metrics_steps_narrower_hallway_0.csv,True,18.3,13.33022226455978
narrower_hallway,mcts,mcts,narrower_hallway,narrower_hallway,,0,narrower_hallway/mcts/metrics_steps_narrower_hallway_0.csv,True,18.4,13.412495492432017
narrower_hallway,mcts,mcts,narrower_hallway,narrower_hallway,,0,narrower_hallway/mcts/metrics_steps_narrower_hallway_0.csv,True,18.5,13.490023491401216
narrower_hallway,mcts,mcts,narrower_hallway,narrower_hallway,,0,narrower_hallway/mcts/metrics_steps_narrower_hallway_0.csv,True,18.6,13.566017507574925
narrower_hallway,mcts,mcts,narrower_hallway,narrower_hallway,,0,narrower_hallway/mcts/metrics_steps_narrower_hallway_0.csv,True,18.7,13.64370399451864
narrower_hallway,mcts,mcts,narrower_hallway,narrower_hallway,,0,narrower_hallway/mcts/metrics_steps_narrower_hallway_0.csv,True,18.8,13.720926051854647
narrower_hallway,mcts,mcts,narrower_hallway,narrower_hallway,,0,narrower_hallway/mcts/metrics_steps_narrower_hallway_0.csv,True,18.9,13.7951795568392
narrower_hallway,mcts,mcts,narrower_hallway,narrower_hallway,,0,narrower_hallway/mcts/metrics_steps_narrower_hallway_0.csv,True,19.0,13.874019954029922
narrower_hallway,mcts,mcts,narrower_hallway,narrower_hallway,,0,narrower_hallway/mcts/metrics_steps_narrower_hallway_0.csv,True,19.1,13.95486022886086
narrower_hallway,mcts,mcts,narrower_hallway,narrower_hallway,,0,narrower_hallway/mcts/metrics_steps_narrower_hallway_0.csv,True,19.2,14.036729966101998
narrower_hallway,mcts,mcts,narrower_hallway,narrower_hallway,,0,narrower_hallway/mcts/metrics_steps_narrower_hallway_0.csv,True,19.3,14.112467942921418
narrower_hallway,mcts,mcts,narrower_hallway,narrower_hallway,,0,narrower_hallway/mcts/metrics_steps_narrower_hallway_0.csv,True,19.4,14.189150795301869
narrower_hallway,mcts,mcts,narrower_hallway,narrower_hallway,,0,narrower_hallway/mcts/metrics_steps_narrower_hallway_0.csv,True,19.5,14.27430647413528
narrower_hallway,mcts,mcts,narrower_hallway,narrower_hallway,,0,narrower_hallway/mcts/metrics_steps_narrower_hallway_0.csv,True,19.6,14.361077898700897
narrower_hallway,mcts,mcts,narrower_hallway,narrower_hallway,,0,narrower_hallway/mcts/metrics_steps_narrower_hallway_0.csv,True,19.7,14.447461304617615
narrower_hallway,mcts,mcts,narrower_hallway,narrower_hallway,,0,narrower_hallway/mcts/metrics_steps_narrower_hallway_0.csv,True,19.8,14.53365042581107
narrower_hallway,mcts,mcts,narrower_hallway,narrower_hallway,,0,narrower_hallway/mcts/metrics_steps_narrower_hallway_0.csv,True,19.9,14.62151332379553
narrower_hallway,mcts,mcts,narrower_hallway,narrower_hallway,,0,narrower_hallway/mcts/metrics_steps_narrower_hallway_0.csv,True,20.0,14.699941501791612
narrower_hallway,mcts,mcts,narrower_hallway,narrower_hallway,,0,narrower_hallway/mcts/metrics_steps_narrower_hallway_0.csv,True,20.1,14.768739918206936
narrower_hallway,mcts,mcts,narrower_hallway,narrower_hallway,,0,narrower_hallway/mcts/metrics_steps_narrower_hallway_0.csv,True,20.2,14.82791520431656
narrower_hallway,mcts,mcts,narrower_hallway,narrower_hallway,,0,narrower_hallway/mcts/metrics_steps_narrower_hallway_0.csv,True,20.3,14.890339868237811
narrower_hallway,nav2,nav2,narrower_hallway,2_towards_robot,,0,narrower_hallway/nav2/metrics_steps_nav2_2_towards_robot_0.csv,True,0.0,13.287383113068651
narrower_hallway,nav2,nav2,narrower_hallway,2_towards_robot,,0,narrower_hallway/nav2/metrics_steps_nav2_2_towards_robot_0.csv,True,0.1,13.226165338030192
narrower_hallway,nav2,nav2,narrower_hallway,2_towards_robot,,0,narrower_hallway/nav2/metrics_steps_nav2_2_towards_robot_0.csv,True,0.2,13.12610721384395
narrower_hallway,nav2,nav2,narrower_hallway,2_towards_robot,,0,narrower_hallway/nav2/metrics_steps_nav2_2_towards_robot_0.csv,True,0.3,12.997145856452828
narrower_hallway,nav2,nav2,narrower_hallway,2_towards_robot,,0,narrower_hallway/nav2/metrics_steps_nav2_2_towards_robot_0.csv,True,0.4,12.84579692483464
narrower_hallway,nav2,nav2,narrower_hallway,2_towards_robot,,0,narrower_hallway/nav2/metrics_steps_nav2_2_towards_robot_0.csv,True,0.5,12.67631888188676
narrower_hallway,nav2,nav2,narrower_hallway,2_towards_robot,,0,narrower_hallway/nav2/metrics_steps_nav2_2_towards_robot_0.csv,True,0.6,12.491479010947824
narrower_hallway,nav2,nav2,narrower_hallway,2_towards_robot,,0,narrower_hallway/nav2/metrics_steps_nav2_2_towards_robot_0.csv,True,0.7,12.293712703846827
narrower_hallway,nav2,nav2,narrower_hallway,2_towards_robot,,0,narrower_hallway/nav2/metrics_steps_nav2_2_towards_robot_0.csv,True,0.8,12.087296773040068
narrower_hallway,nav2,nav2,narrower_hallway,2_towards_robot,,0,narrower_hallway/nav2/metrics_steps_nav2_2_towards_robot_0.csv,True,0.9,11.877158981585737
narrower_hallway,nav2,nav2,narrower_hallway,2_towards_robot,,0,narrower_hallway/nav2/metrics_steps_nav2_2_towards_robot_0.csv,True,1.0,11.665711549651714
narrower_hallway,nav2,nav2,narrower_hallway,2_towards_robot,,0,narrower_hallway/nav2/metrics_steps_nav2_2_towards_robot_0.csv,True,1.1,11.454009622980774
narrower_hallway,nav2,nav2,narrower_hallway,2_towards_robot,,0,narrower_hallway/nav2/metrics_steps_nav2_2_towards_robot_0.csv,True,1.2,11.245375423059215
narrower_hallway,nav2,nav2,narrower_hallway,2_towards_robot,,0,narrower_hallway/nav2/metrics_steps_nav2_2_towards_robot_0.csv,True,1.3,11.035058582103076
narrower_hallway,nav2,nav2,narrower_hallway,2_towards_robot,,0,narrower_hallway/nav2/metrics_steps_nav2_2_towards_robot_0.csv,True,1.4,10.82264972314794
narrower_hallway,nav2,nav2,narrower_hallway,2_towards_robot,,0,narrower_hallway/nav2/metrics_steps_nav2_2_towards_robot_0.csv,True,1.5,10.61049392060391
narrower_hallway,nav2,nav2,narrower_hallway,2_towards_robot,,0,narrower_hallway/nav2/metrics_steps_nav2_2_towards_robot_0.csv,True,1.6,10.398000322706563
narrower_hallway,nav2,nav2,narrower_hallway,2_towards_robot,,0,narrower_hallway/nav2/metrics_steps_nav2_2_towards_robot_0.csv,True,1.7,10.189445097878084
narrower_hallway,nav2,nav2,narrower_hallway,2_towards_robot,,0,narrower_hallway/nav2/metrics_steps_nav2_2_towards_robot_0.csv,True,1.8,9.980433477529942
narrower_hallway,nav2,nav2,narrower_hallway,2_towards_robot,,0,narrower_hallway/nav2/metrics_steps_nav2_2_towards_robot_0.csv,True,1.9,9.767130838178131
narrower_hallway,nav2,nav2,narrower_hallway,2_towards_robot,,0,narrower_hallway/nav2/metrics_steps_nav2_2_towards_robot_0.csv,True,2.0,9.555206564673057
narrower_hallway,nav2,nav2,narrower_hallway,2_towards_robot,,0,narrower_hallway/nav2/metrics_steps_nav2_2_towards_robot_0.csv,True,2.1,9.342856732832868
narrower_hallway,nav2,nav2,narrower_hallway,2_towards_robot,,0,narrower_hallway/nav2/metrics_steps_nav2_2_towards_robot_0.csv,True,2.2,9.130468285284906
narrower_hallway,nav2,nav2,narrower_hallway,2_towards_robot,,0,narrower_hallway/nav2/metrics_steps_nav2_2_towards_robot_0.csv,True,2.3,8.920213294434701
narrower_hallway,nav2,nav2,narrower_hallway,2_towards_robot,,0,narrower_hallway/nav2/metrics_steps_nav2_2_towards_robot_0.csv,True,2.4,8.706777585011523
narrower_hallway,nav2,nav2,narrower_hallway,2_towards_robot,,0,narrower_hallway/nav2/metrics_steps_nav2_2_towards_robot_0.csv,True,2.5,8.493229028469045
narrower_hallway,nav2,nav2,narrower_hallway,2_towards_robot,,0,narrower_hallway/nav2/metrics_steps_nav2_2_towards_robot_0.csv,True,2.6,8.28076872959894
narrower_hallway,nav2,nav2,narrower_hallway,2_towards_robot,,0,narrower_hallway/nav2/metrics_steps_nav2_2_towards_robot_0.csv,True,2.7,8.068151842776345
narrower_hallway,nav2,nav2,narrower_hallway,2_towards_robot,,0,narrower_hallway/nav2/metrics_steps_nav2_2_towards_robot_0.csv,True,2.8,7.858223170294309
narrower_hallway,nav2,nav2,narrower_hallway,2_towards_robot,,0,narrower_hallway/nav2/metrics_steps_nav2_2_towards_robot_0.csv,True,2.9,7.650356594959948
narrower_hallway,nav2,nav2,narrower_hallway,2_towards_robot,,0,narrower_hallway/nav2/metrics_steps_nav2_2_towards_robot_0.csv,True,3.0,7.439958832385994
narrower_hallway,nav2,nav2,narrower_hallway,2_towards_robot,,0,narrower_hallway/nav2/metrics_steps_nav2_2_towards_robot_0.csv,True,3.1,7.230211889781414
narrower_hallway,nav2,nav2,narrower_hallway,2_towards_robot,,0,narrower_hallway/nav2/metrics_steps_nav2_2_towards_robot_0.csv,True,3.2,7.024046275321217
narrower_hallway,nav2,nav2,narrower_hallway,2_towards_robot,,0,narrower_hallway/nav2/metrics_steps_nav2_2_towards_robot_0.csv,True,3.3,6.818306784547914
narrower_hallway,nav2,nav2,narrower_hallway,2_towards_robot,,0,narrower_hallway/nav2/metrics_steps_nav2_2_towards_robot_0.csv,True,3.4,6.611041151554778
narrower_hallway,nav2,nav2,narrower_hallway,2_towards_robot,,0,narrower_hallway/nav2/metrics_steps_nav2_2_towards_robot_0.csv,True,3.5,6.401017390394059
narrower_hallway,nav2,nav2,narrower_hallway,2_towards_robot,,0,narrower_hallway/nav2/metrics_steps_nav2_2_towards_robot_0.csv,True,3.6,6.199483926999908
narrower_hallway,nav2,nav2,narrower_hallway,2_towards_robot,,0,narrower_hallway/nav2/metrics_steps_nav2_2_towards_robot_0.csv,True,3.7,5.994109267907953
narrower_hallway,nav2,nav2,narrower_hallway,2_towards_robot,,0,narrower_hallway/nav2/metrics_steps_nav2_2_towards_robot_0.csv,True,3.8,5.785661338436472
narrower_hallway,nav2,nav2,narrower_hallway,2_towards_robot,,0,narrower_hallway/nav2/metrics_steps_nav2_2_towards_robot_0.csv,True,3.9,5.577228354483
narrower_hallway,nav2,nav2,narrower_hallway,2_towards_robot,,0,narrower_hallway/nav2/metrics_steps_nav2_2_towards_robot_0.csv,True,3.99,5.381999775615233
narrower_hallway,nav2,nav2,narrower_hallway,2_towards_robot,,0,narrower_hallway/nav2/metrics_steps_nav2_2_towards_robot_0.csv,True,4.09,5.173268270390455
narrower_hallway,nav2,nav2,narrower_hallway,2_towards_robot,,0,narrower_hallway/nav2/metrics_steps_nav2_2_towards_robot_0.csv,True,4.19,4.965115528162089
narrower_hallway,nav2,nav2,narrower_hallway,2_towards_robot,,0,narrower_hallway/nav2/metrics_steps_nav2_2_towards_robot_0.csv,True,4.29,4.760188140024324
narrower_hallway,nav2,nav2,narrower_hallway,2_towards_robot,,0,narrower_hallway/nav2/metrics_steps_nav2_2_towards_robot_0.csv,True,4.39,4.560550889056291
narrower_hallway,nav2,nav2,narrower_hallway,2_towards_robot,,0,narrower_hallway/nav2/metrics_steps_nav2_2_towards_robot_0.csv,True,4.49,4.358728316483647
narrower_hallway,nav2,nav2,narrower_hallway,2_towards_robot,,0,narrower_hallway/nav2/metrics_steps_nav2_2_towards_robot_0.csv,True,4.59,4.159840221870111
narrower_hallway,nav2,nav2,narrower_hallway,2_towards_robot,,0,narrower_hallway/nav2/metrics_steps_nav2_2_towards_robot_0.csv,True,4.69,3.968214802778924
narrower_hallway,nav2,nav2,narrower_hallway,2_towards_robot,,0,narrower_hallway/nav2/metrics_steps_nav2_2_towards_robot_0.csv,True,4.79,3.781377850050716
narrower_hallway,nav2,nav2,narrower_hallway,2_towards_robot,,0,narrower_hallway/nav2/metrics_steps_nav2_2_towards_robot_0.csv,True,4.89,3.5885074367922334
narrower_hallway,nav2,nav2,narrower_hallway,2_towards_robot,,0,narrower_hallway/nav2/metrics_steps_nav2_2_towards_robot_0.csv,True,4.99,3.391012026452886
narrower_hallway,nav2,nav2,narrower_hallway,2_towards_robot,,0,narrower_hallway/nav2/metrics_steps_nav2_2_towards_robot_0.csv,True,5.09,3.19520080217204
narrower_hallway,nav2,nav2,narrower_hallway,2_towards_robot,,0,narrower_hallway/nav2/metrics_steps_nav2_2_towards_robot_0.csv,True,5.19,3.004887211848195
narrower_hallway,nav2,nav2,narrower_hallway,2_towards_robot,,0,narrower_hallway/nav2/metrics_steps_nav2_2_towards_robot_0.csv,True,5.29,2.819689255067368
narrower_hallway,nav2,nav2,narrower_hallway,2_towards_robot,,0,narrower_hallway/nav2/metrics_steps_nav2_2_towards_robot_0.csv,True,5.39,2.637850684455228
narrower_hallway,nav2,nav2,narrower_hallway,2_towards_robot,,0,narrower_hallway/nav2/metrics_steps_nav2_2_towards_robot_0.csv,True,5.49,2.4610509038274424
narrower_hallway,nav2,nav2,narrower_hallway,2_towards_robot,,0,narrower_hallway/nav2/metrics_steps_nav2_2_towards_robot_0.csv,True,5.59,2.283034109385815
narrower_hallway,nav2,nav2,narrower_hallway,2_towards_robot,,0,narrower_hallway/nav2/metrics_steps_nav2_2_towards_robot_0.csv,True,5.69,2.101231960526562
narrower_hallway,nav2,nav2,narrower_hallway,2_towards_robot,,0,narrower_hallway/nav2/metrics_steps_nav2_2_towards_robot_0.csv,True,5.79,1.91902081204125
narrower_hallway,nav2,nav2,narrower_hallway,2_towards_robot,,0,narrower_hallway/nav2/metrics_steps_nav2_2_towards_robot_0.csv,True,5.89,1.7392746456590462
narrower_hallway,nav2,nav2,narrower_hallway,2_towards_robot,,0,narrower_hallway/nav2/metrics_steps_nav2_2_towards_robot_0.csv,True,5.99,1.56144207952949
narrower_hallway,nav2,nav2,narrower_hallway,2_towards_robot,,0,narrower_hallway/nav2/metrics_steps_nav2_2_towards_robot_0.csv,True,6.09,1.3854705075925096
narrower_hallway,nav2,nav2,narrower_hallway,2_towards_robot,,0,narrower_hallway/nav2/metrics_steps_nav2_2_towards_robot_0.csv,True,6.19,1.2092110955571145
narrower_hallway,nav2,nav2,narrower_hallway,2_towards_robot,,0,narrower_hallway/nav2/metrics_steps_nav2_2_towards_robot_0.csv,True,6.29,1.04138733616885
narrower_hallway,nav2,nav2,narrower_hallway,2_towards_robot,,0,narrower_hallway/nav2/metrics_steps_nav2_2_towards_robot_0.csv,True,6.39,0.8827060774496649
narrower_hallway,nav2,nav2,narrower_hallway,2_towards_robot,,0,narrower_hallway/nav2/metrics_steps_nav2_2_towards_robot_0.csv,True,6.49,0.7249704843162219
narrower_hallway,nav2,nav2,narrower_hallway,2_towards_robot,,0,narrower_hallway/nav2/metrics_steps_nav2_2_towards_robot_0.csv,True,6.59,0.5803720684393558
narrower_hallway,nav2,nav2,narrower_hallway,2_towards_robot,,0,narrower_hallway/nav2/metrics_steps_nav2_2_towards_robot_0.csv,True,6.69,0.4547535334450727
narrower_hallway,nav2,nav2,narrower_hallway,2_towards_robot,,0,narrower_hallway/nav2/metrics_steps_nav2_2_towards_robot_0.csv,True,6.79,0.3521833358437403
narrower_hallway,nav2,nav2,narrower_hallway,2_towards_robot,,0,narrower_hallway/nav2/metrics_steps_nav2_2_towards_robot_0.csv,True,6.89,0.2806050591018689
narrower_hallway,nav2,nav2,narrower_hallway,2_towards_robot,,0,narrower_hallway/nav2/metrics_steps_nav2_2_towards_robot_0.csv,True,6.99,0.2430471415998902
narrower_hallway,nav2,nav2,narrower_hallway,2_towards_robot,,0,narrower_hallway/nav2/metrics_steps_nav2_2_towards_robot_0.csv,True,7.09,0.2351790970882674
narrower_hallway,nav2,nav2,narrower_hallway,2_towards_robot,,0,narrower_hallway/nav2/metrics_steps_nav2_2_towards_robot_0.csv,True,7.19,0.2505888413253891
narrower_hallway,nav2,nav2,narrower_hallway,2_towards_robot,,0,narrower_hallway/nav2/metrics_steps_nav2_2_towards_robot_0.csv,True,7.29,0.277527570655294
narrower_hallway,nav2,nav2,narrower_hallway,2_towards_robot,,0,narrower_hallway/nav2/metrics_steps_nav2_2_towards_robot_0.csv,True,7.39,0.3028964825151439
narrower_hallway,nav2,nav2,narrower_hallway,2_towards_robot,,0,narrower_hallway/nav2/metrics_steps_nav2_2_towards_robot_0.csv,True,7.49,0.3218486983403725
narrower_hallway,nav2,nav2,narrower_hallway,2_towards_robot,,0,narrower_hallway/nav2/metrics_steps_nav2_2_towards_robot_0.csv,True,7.59,0.3315011291159588
narrower_hallway,nav2,nav2,narrower_hallway,2_towards_robot,,0,narrower_hallway/nav2/metrics_steps_nav2_2_towards_robot_0.csv,True,7.689999999999999,0.3320276973377696
narrower_hallway,nav2,nav2,narrower_hallway,2_towards_robot,,0,narrower_hallway/nav2/metrics_steps_nav2_2_towards_robot_0.csv,True,7.79,0.3262011471204142
narrower_hallway,nav2,nav2,narrower_hallway,2_towards_robot,,0,narrower_hallway/nav2/metrics_steps_nav2_2_towards_robot_0.csv,True,7.89,0.3186583943606671
narrower_hallway,nav2,nav2,narrower_hallway,2_towards_robot,,0,narrower_hallway/nav2/metrics_steps_nav2_2_towards_robot_0.csv,True,7.99,0.31468444060299
narrower_hallway,nav2,nav2,narrower_hallway,2_towards_robot,,0,narrower_hallway/nav2/metrics_steps_nav2_2_towards_robot_0.csv,True,8.09,0.3200370703016579
narrower_hallway,nav2,nav2,narrower_hallway,2_towards_robot,,0,narrower_hallway/nav2/metrics_steps_nav2_2_towards_robot_0.csv,True,8.19,0.3390533354926284
narrower_hallway,nav2,nav2,narrower_hallway,2_towards_robot,,0,narrower_hallway/nav2/metrics_steps_nav2_2_towards_robot_0.csv,True,8.29,0.3730666312977386
narrower_hallway,nav2,nav2,narrower_hallway,2_towards_robot,,0,narrower_hallway/nav2/metrics_steps_nav2_2_towards_robot_0.csv,True,8.39,0.4187595459275213
narrower_hallway,nav2,nav2,narrower_hallway,2_towards_robot,,0,narrower_hallway/nav2/metrics_steps_nav2_2_towards_robot_0.csv,True,8.49,0.4729213677690653
narrower_hallway,nav2,nav2,narrower_hallway,2_towards_robot,,0,narrower_hallway/nav2/metrics_steps_nav2_2_towards_robot_0.csv,True,8.59,0.5336490467348687
narrower_hallway,nav2,nav2,narrower_hallway,2_towards_robot,,0,narrower_hallway/nav2/metrics_steps_nav2_2_towards_robot_0.csv,True,8.69,0.5068387121368594
narrower_hallway,nav2,nav2,narrower_hallway,2_towards_robot,,0,narrower_hallway/nav2/metrics_steps_nav2_2_towards_robot_0.csv,True,8.79,0.420975022333329
narrower_hallway,nav2,nav2,narrower_hallway,2_towards_robot,,0,narrower_hallway/nav2/metrics_steps_nav2_2_towards_robot_0.csv,True,8.89,0.3487458316056995
narrower_hallway,nav2,nav2,narrower_hallway,2_towards_robot,,0,narrower_hallway/nav2/metrics_steps_nav2_2_towards_robot_0.csv,True,8.99,0.2942724161308157
narrower_hallway,nav2,nav2,narrower_hallway,2_towards_robot,,0,narrower_hallway/nav2/metrics_steps_nav2_2_towards_robot_0.csv,True,9.09,0.2601593128052728
narrower_hallway,nav2,nav2,narrower_hallway,2_towards_robot,,0,narrower_hallway/nav2/metrics_steps_nav2_2_towards_robot_0.csv,True,9.19,0.2468047067090053
narrower_hallway,nav2,nav2,narrower_hallway,2_towards_robot,,0,narrower_hallway/nav2/metrics_steps_nav2_2_towards_robot_0.csv,True,9.29,0.2526421633174842
narrower_hallway,nav2,nav2,narrower_hallway,2_towards_robot,,0,narrower_hallway/nav2/metrics_steps_nav2_2_towards_robot_0.csv,True,9.39,0.2723152555084966
narrower_hallway,nav2,nav2,narrower_hallway,2_towards_robot,,0,narrower_hallway/nav2/metrics_steps_nav2_2_towards_robot_0.csv,True,9.49,0.2980645989801376
narrower_hallway,nav2,nav2,narrower_hallway,2_towards_robot,,0,narrower_hallway/nav2/metrics_steps_nav2_2_towards_robot_0.csv,True,9.59,0.3225766348784522
narrower_hallway,nav2,nav2,narrower_hallway,2_towards_robot,,0,narrower_hallway/nav2/metrics_steps_nav2_2_towards_robot_0.csv,True,9.69,0.3409766985894003
narrower_hallway,nav2,nav2,narrower_hallway,2_towards_robot,,0,narrower_hallway/nav2/metrics_steps_nav2_2_towards_robot_0.csv,True,9.79,0.3508686046594054
narrower_hallway,nav2,nav2,narrower_hallway,2_towards_robot,,0,narrower_hallway/nav2/metrics_steps_nav2_2_towards_robot_0.csv,True,9.89,0.3525163904906274
narrower_hallway,nav2,nav2,narrower_hallway,2_towards_robot,,0,narrower_hallway/nav2/metrics_steps_nav2_2_towards_robot_0.csv,True,9.99,0.3474053236439536
narrower_hallway,nav2,nav2,narrower_hallway,2_towards_robot,,0,narrower_hallway/nav2/metrics_steps_nav2_2_towards_robot_0.csv,True,10.09,0.3356336365892158
narrower_hallway,nav2,nav2,narrower_hallway,2_towards_robot,,0,narrower_hallway/nav2/metrics_steps_nav2_2_towards_robot_0.csv,True,10.19,0.3244024056344747
narrower_hallway,nav2,nav2,narrower_hallway,2_towards_robot,,0,narrower_hallway/nav2/metrics_steps_nav2_2_towards_robot_0.csv,True,10.29,0.321189733519327
narrower_hallway,nav2,nav2,narrower_hallway,2_towards_robot,,0,narrower_hallway/nav2/metrics_steps_nav2_2_towards_robot_0.csv,True,10.39,0.3311394224270778
narrower_hallway,nav2,nav2,narrower_hallway,2_towards_robot,,0,narrower_hallway/nav2/metrics_steps_nav2_2_towards_robot_0.csv,True,10.49,0.3615673343635985
narrower_hallway,nav2,nav2,narrower_hallway,2_towards_robot,,0,narrower_hallway/nav2/metrics_steps_nav2_2_towards_robot_0.csv,True,10.59,0.4086694374479833
narrower_hallway,nav2,nav2,narrower_hallway,2_towards_robot,,0,narrower_hallway/nav2/metrics_steps_nav2_2_towards_robot_0.csv,True,10.69,0.468457690738123
narrower_hallway,nav2,nav2,narrower_hallway,2_towards_robot,,0,narrower_hallway/nav2/metrics_steps_nav2_2_towards_robot_0.csv,True,10.79,0.5395118965601324
narrower_hallway,nav2,nav2,narrower_hallway,2_towards_robot,,0,narrower_hallway/nav2/metrics_steps_nav2_2_towards_robot_0.csv,True,10.89,0.6226618652136304
narrower_hallway,nav2,nav2,narrower_hallway,2_towards_robot,,0,narrower_hallway/nav2/metrics_steps_nav2_2_towards_robot_0.csv,True,10.99,0.7196454109010606
narrower_hallway,nav2,nav2,narrower_hallway,2_towards_robot,,0,narrower_hallway/nav2/metrics_steps_nav2_2_towards_robot_0.csv,True,11.09,0.8307223929959122
narrower_hallway,nav2,nav2,narrower_hallway,2_towards_robot,,0,narrower_hallway/nav2/metrics_steps_nav2_2_towards_robot_0.csv,True,11.19,0.9561690729721486
narrower_hallway,nav2,nav2,narrower_hallway,2_towards_robot,,0,narrower_hallway/nav2/metrics_steps_nav2_2_towards_robot_0.csv,True,11.29,1.098087126067296
narrower_hallway,nav2,nav2,narrower_hallway,2_towards_robot,,0,narrower_hallway/nav2/metrics_steps_nav2_2_towards_robot_0.csv,True,11.39,1.2554660145322707
narrower_hallway,nav2,nav2,narrower_hallway,2_towards_robot,,0,narrower_hallway/nav2/metrics_steps_nav2_2_towards_robot_0.csv,True,11.49,1.4263036201692754
narrower_hallway,nav2,nav2,narrower_hallway,2_towards_robot,,0,narrower_hallway/nav2/metrics_steps_nav2_2_towards_robot_0.csv,True,11.59,1.6059600005598256
narrower_hallway,nav2,nav2,narrower_hallway,2_towards_robot,,0,narrower_hallway/nav2/metrics_steps_nav2_2_towards_robot_0.csv,True,11.69,1.790617954222323
narrower_hallway,nav2,nav2,narrower_hallway,2_towards_robot,,0,narrower_hallway/nav2/metrics_steps_nav2_2_towards_robot_0.csv,True,11.79,1.980183451579408
narrower_hallway,nav2,nav2,narrower_hallway,2_towards_robot,,0,narrower_hallway/nav2/metrics_steps_nav2_2_towards_robot_0.csv,True,11.89,2.172579203472488
narrower_hallway,nav2,nav2,narrower_hallway,2_towards_robot,,0,narrower_hallway/nav2/metrics_steps_nav2_2_towards_robot_0.csv,True,11.99,2.366596258060669
narrower_hallway,nav2,nav2,narrower_hallway,2_towards_robot,,0,narrower_hallway/nav2/metrics_steps_nav2_2_towards_robot_0.csv,True,12.09,2.5601202945977466
narrower_hallway,nav2,nav2,narrower_hallway,2_towards_robot,,0,narrower_hallway/nav2/metrics_steps_nav2_2_towards_robot_0.csv,True,12.19,2.7515982758103834
narrower_hallway,nav2,nav2,narrower_hallway,2_towards_robot,,0,narrower_hallway/nav2/metrics_steps_nav2_2_towards_robot_0.csv,True,12.29,2.9394110988618305
narrower_hallway,nav2,nav2,narrower_hallway,2_towards_robot,,0,narrower_hallway/nav2/metrics_steps_nav2_2_towards_robot_0.csv,True,12.39,3.1199691748337703
narrower_hallway,nav2,nav2,narrower_hallway,2_towards_robot,,0,narrower_hallway/nav2/metrics_steps_nav2_2_towards_robot_0.csv,True,12.49,3.291118120882973
narrower_hallway,nav2,nav2,narrower_hallway,2_towards_robot,,0,narrower_hallway/nav2/metrics_steps_nav2_2_towards_robot_0.csv,True,12.59,3.4542897080479
narrower_hallway,nav2,nav2,narrower_hallway,2_towards_robot,,0,narrower_hallway/nav2/metrics_steps_nav2_2_towards_robot_0.csv,True,12.69,3.612313831287628
narrower_hallway,nav2,nav2,narrower_hallway,2_towards_robot,,0,narrower_hallway/nav2/metrics_steps_nav2_2_towards_robot_0.csv,True,12.79,3.769199129073195
narrower_hallway,nav2,nav2,narrower_hallway,2_towards_robot,,0,narrower_hallway/nav2/metrics_steps_nav2_2_towards_robot_0.csv,True,12.89,3.9270913967789385
narrower_hallway,nav2,nav2,narrower_hallway,2_towards_robot,,0,narrower_hallway/nav2/metrics_steps_nav2_2_towards_robot_0.csv,True,12.99,4.087539244075078
narrower_hallway,nav2,nav2,narrower_hallway,2_towards_robot,,0,narrower_hallway/nav2/metrics_steps_nav2_2_towards_robot_0.csv,True,13.09,4.2512533950126725
narrower_hallway,nav2,nav2,narrower_hallway,2_towards_robot,,0,narrower_hallway/nav2/metrics_steps_nav2_2_towards_robot_0.csv,True,13.19,4.41509873484496
narrower_hallway,nav2,nav2,narrower_hallway,2_towards_robot,,0,narrower_hallway/nav2/metrics_steps_nav2_2_towards_robot_0.csv,True,13.29,4.580418354314438
narrower_hallway,nav2,nav2,narrower_hallway,2_towards_robot,,0,narrower_hallway/nav2/metrics_steps_nav2_2_towards_robot_0.csv,True,13.39,4.745629104927199
narrower_hallway,nav2,nav2,narrower_hallway,2_towards_robot,,0,narrower_hallway/nav2/metrics_steps_nav2_2_towards_robot_0.csv,True,13.49,4.910231797321801
narrower_hallway,nav2,nav2,narrower_hallway,2_towards_robot,,0,narrower_hallway/nav2/metrics_steps_nav2_2_towards_robot_0.csv,True,13.59,5.073688197508134
narrower_hallway,nav2,nav2,narrower_hallway,2_towards_robot,,0,narrower_hallway/nav2/metrics_steps_nav2_2_towards_robot_0.csv,True,13.69,5.238579484818994
narrower_hallway,nav2,nav2,narrower_hallway,2_towards_robot,,0,narrower_hallway/nav2/metrics_steps_nav2_2_towards_robot_0.csv,True,13.79,5.402401652642507
narrower_hallway,nav2,nav2,narrower_hallway,2_towards_robot,,0,narrower_hallway/nav2/metrics_steps_nav2_2_towards_robot_0.csv,True,13.89,5.547947727186086
narrower_hallway,nav2,nav2,narrower_hallway,2_towards_robot,,0,narrower_hallway/nav2/metrics_steps_nav2_2_towards_robot_0.csv,True,13.99,5.6185992341988085
narrower_hallway,nav2,nav2,narrower_hallway,2_towards_robot,,0,narrower_hallway/nav2/metrics_steps_nav2_2_towards_robot_0.csv,True,14.09,5.682764729066895
narrower_hallway,nav2,nav2,narrower_hallway,2_towards_robot,,0,narrower_hallway/nav2/metrics_steps_nav2_2_towards_robot_0.csv,True,14.19,5.743940418465723
narrower_hallway,nav2,nav2,narrower_hallway,2_towards_robot,,0,narrower_hallway/nav2/metrics_steps_nav2_2_towards_robot_0.csv,True,14.29,5.804503799856907
narrower_hallway,nav2,nav2,narrower_hallway,2_towards_robot,,0,narrower_hallway/nav2/metrics_steps_nav2_2_towards_robot_0.csv,True,14.39,5.8647117353561695
narrower_hallway,nav2,nav2,narrower_hallway,2_towards_robot,,0,narrower_hallway/nav2/metrics_steps_nav2_2_towards_robot_0.csv,True,14.49,5.925917415096646
narrower_hallway,nav2,nav2,narrower_hallway,2_towards_robot,,0,narrower_hallway/nav2/metrics_steps_nav2_2_towards_robot_0.csv,True,14.59,5.989181840070811
narrower_hallway,nav2,nav2,narrower_hallway,2_towards_robot,,0,narrower_hallway/nav2/metrics_steps_nav2_2_towards_robot_0.csv,True,14.69,6.053556359798159
narrower_hallway,nav2,nav2,narrower_hallway,2_towards_robot,,0,narrower_hallway/nav2/metrics_steps_nav2_2_towards_robot_0.csv,True,14.79,6.120799160858607
narrower_hallway,nav2,nav2,narrower_hallway,2_towards_robot,,0,narrower_hallway/nav2/metrics_steps_nav2_2_towards_robot_0.csv,True,14.89,6.190813376150269
narrower_hallway,nav2,nav2,narrower_hallway,2_towards_robot,,0,narrower_hallway/nav2/metrics_steps_nav2_2_towards_robot_0.csv,True,14.99,6.261813324102164
narrower_hallway,nav2,nav2,narrower_hallway,2_towards_robot,,0,narrower_hallway/nav2/metrics_steps_nav2_2_towards_robot_0.csv,True,15.09,6.3342032147419545
narrower_hallway,nav2,nav2,narrower_hallway,2_towards_robot,,0,narrower_hallway/nav2/metrics_steps_nav2_2_towards_robot_0.csv,True,15.19,6.406827552240441
narrower_hallway,nav2,nav2,narrower_hallway,2_towards_robot,,0,narrower_hallway/nav2/metrics_steps_nav2_2_towards_robot_0.csv,True,15.29,6.480599976351117
narrower_hallway,nav2,nav2,narrower_hallway,2_towards_robot,,0,narrower_hallway/nav2/metrics_steps_nav2_2_towards_robot_0.csv,True,15.39,6.554150491723068
narrower_hallway,nav2,nav2,narrower_hallway,2_towards_robot,,0,narrower_hallway/nav2/metrics_steps_nav2_2_towards_robot_0.csv,True,15.49,6.629082403364908
narrower_hallway,nav2,nav2,narrower_hallway,2_towards_robot,,0,narrower_hallway/nav2/metrics_steps_nav2_2_towards_robot_0.csv,True,15.59,6.703816870077504
narrower_hallway,nav2,nav2,narrower_hallway,2_towards_robot,,0,narrower_hallway/nav2/metrics_steps_nav2_2_towards_robot_0.csv,True,15.69,6.779522421776747
narrower_hallway,nav2,nav2,narrower_hallway,2_towards_robot,,0,narrower_hallway/nav2/metrics_steps_nav2_2_towards_robot_0.csv,True,15.79,6.8560408202432415
narrower_hallway,nav2,nav2,narrower_hallway,2_towards_robot,,0,narrower_hallway/nav2/metrics_steps_nav2_2_towards_robot_0.csv,True,15.89,6.932698026306457
narrower_hallway,nav2,nav2,narrower_hallway,2_towards_robot,,0,narrower_hallway/nav2/metrics_steps_nav2_2_towards_robot_0.csv,True,15.99,7.009339396082381
narrower_hallway,nav2,nav2,narrower_hallway,2_towards_robot,,0,narrower_hallway/nav2/metrics_steps_nav2_2_towards_robot_0.csv,True,16.09,7.086121081963461
narrower_hallway,nav2,nav2,narrower_hallway,2_towards_robot,,0,narrower_hallway/nav2/metrics_steps_nav2_2_towards_robot_0.csv,True,16.19,7.161354467915397
narrower_hallway,nav2,nav2,narrower_hallway,2_towards_robot,,0,narrower_hallway/nav2/metrics_steps_nav2_2_towards_robot_0.csv,True,16.29,7.238027520819252
narrower_hallway,nav2,nav2,narrower_hallway,2_towards_robot,,0,narrower_hallway/nav2/metrics_steps_nav2_2_towards_robot_0.csv,True,16.39,7.31381105825665
narrower_hallway,nav2,nav2,narrower_hallway,2_towards_robot,,0,narrower_hallway/nav2/metrics_steps_nav2_2_towards_robot_0.csv,True,16.49,7.3920601730891775
narrower_hallway,nav2,nav2,narrower_hallway,2_towards_robot,,0,narrower_hallway/nav2/metrics_steps_nav2_2_towards_robot_0.csv,True,16.59,7.470500203330223
narrower_hallway,nav2,nav2,narrower_hallway,2_towards_robot,,0,narrower_hallway/nav2/metrics_steps_nav2_2_towards_robot_0.csv,True,16.69,7.548960698435053
narrower_hallway,nav2,nav2,narrower_hallway,2_towards_robot,,0,narrower_hallway/nav2/metrics_steps_nav2_2_towards_robot_0.csv,True,16.79,7.627302451844942
narrower_hallway,nav2,nav2,narrower_hallway,2_towards_robot,,0,narrower_hallway/nav2/metrics_steps_nav2_2_towards_robot_0.csv,True,16.89,7.705002553754726
narrower_hallway,nav2,nav2,narrower_hallway,2_towards_robot,,0,narrower_hallway/nav2/metrics_steps_nav2_2_towards_robot_0.csv,True,16.99,7.782330251511908
narrower_hallway,nav2,nav2,narrower_hallway,2_towards_robot,,0,narrower_hallway/nav2/metrics_steps_nav2_2_towards_robot_0.csv,True,17.09,7.859343641986426
narrower_hallway,nav2,nav2,narrower_hallway,2_towards_robot,,0,narrower_hallway/nav2/metrics_steps_nav2_2_towards_robot_0.csv,True,17.19,7.934026280902314
narrower_hallway,nav2,nav2,narrower_hallway,2_towards_robot,,0,narrower_hallway/nav2/metrics_steps_nav2_2_towards_robot_0.csv,True,17.29,8.01057244991828
narrower_hallway,nav2,nav2,narrower_hallway,2_towards_robot,,0,narrower_hallway/nav2/metrics_steps_nav2_2_towards_robot_0.csv,True,17.39,8.088306449264408
narrower_hallway,nav2,nav2,narrower_hallway,2_towards_robot,,0,narrower_hallway/nav2/metrics_steps_nav2_2_towards_robot_0.csv,True,17.49,8.167021988137556
narrower_hallway,nav2,nav2,narrower_hallway,2_towards_robot,,0,narrower_hallway/nav2/metrics_steps_nav2_2_towards_robot_0.csv,True,17.59,8.244656219899063
narrower_hallway,nav2,nav2,narrower_hallway,2_towards_robot,,0,narrower_hallway/nav2/metrics_steps_nav2_2_towards_robot_0.csv,True,17.69,8.322367849351581
narrower_hallway,nav2,nav2,narrower_hallway,2_towards_robot,,0,narrower_hallway/nav2/metrics_steps_nav2_2_towards_robot_0.csv,True,17.79,8.400572304348895
narrower_hallway,nav2,nav2,narrower_hallway,2_towards_robot,,0,narrower_hallway/nav2/metrics_steps_nav2_2_towards_robot_0.csv,True,17.89,8.479118630360574
narrower_hallway,nav2,nav2,narrower_hallway,2_towards_robot,,0,narrower_hallway/nav2/metrics_steps_nav2_2_towards_robot_0.csv,True,17.99,8.556619311601537
narrower_hallway,nav2,nav2,narrower_hallway,2_towards_robot,,0,narrower_hallway/nav2/metrics_steps_nav2_2_towards_robot_0.csv,True,18.09,8.632215659479531
narrower_hallway,nav2,nav2,narrower_hallway,2_towards_robot,,0,narrower_hallway/nav2/metrics_steps_nav2_2_towards_robot_0.csv,True,18.19,8.7102124853322
narrower_hallway,nav2,nav2,narrower_hallway,2_towards_robot,,0,narrower_hallway/nav2/metrics_steps_nav2_2_towards_robot_0.csv,True,18.29,8.78886052553892
narrower_hallway,nav2,nav2,narrower_hallway,2_towards_robot,,0,narrower_hallway/nav2/metrics_steps_nav2_2_towards_robot_0.csv,True,18.39,8.867550840703089
narrower_hallway,nav2,nav2,narrower_hallway,2_towards_robot,,0,narrower_hallway/nav2/metrics_steps_nav2_2_towards_robot_0.csv,True,18.49,8.945843005916098
narrower_hallway,nav2,nav2,narrower_hallway,2_towards_robot,,0,narrower_hallway/nav2/metrics_steps_nav2_2_towards_robot_0.csv,True,18.59,9.023889964836602
narrower_hallway,nav2,nav2,narrower_hallway,2_towards_robot,,0,narrower_hallway/nav2/metrics_steps_nav2_2_towards_robot_0.csv,True,18.69,9.10251356924208
narrower_hallway,nav2,nav2,narrower_hallway,2_towards_robot,,0,narrower_hallway/nav2/metrics_steps_nav2_2_towards_robot_0.csv,True,18.79,9.181462163967325
narrower_hallway,nav2,nav2,narrower_hallway,2_towards_robot,,0,narrower_hallway/nav2/metrics_steps_nav2_2_towards_robot_0.csv,True,18.89,9.258644264923362
narrower_hallway,nav2,nav2,narrower_hallway,2_towards_robot,,0,narrower_hallway/nav2/metrics_steps_nav2_2_towards_robot_0.csv,True,18.99,9.337646345174647
narrower_hallway,nav2,nav2,narrower_hallway,2_towards_robot,,0,narrower_hallway/nav2/metrics_steps_nav2_2_towards_robot_0.csv,True,19.09,9.414170383048464
narrower_hallway,nav2,nav2,narrower_hallway,2_towards_robot,,0,narrower_hallway/nav2/metrics_steps_nav2_2_towards_robot_0.csv,True,19.19,9.49063871121511
narrower_hallway,nav2,nav2,narrower_hallway,2_towards_robot,,0,narrower_hallway/nav2/metrics_steps_nav2_2_towards_robot_0.csv,True,19.29,9.568473977413454
narrower_hallway,nav2,nav2,narrower_hallway,2_towards_robot,,0,narrower_hallway/nav2/metrics_steps_nav2_2_towards_robot_0.csv,True,19.39,9.647047578361656
narrower_hallway,nav2,nav2,narrower_hallway,2_towards_robot,,0,narrower_hallway/nav2/metrics_steps_nav2_2_towards_robot_0.csv,True,19.49,9.723594969412607
narrower_hallway,nav2,nav2,narrower_hallway,2_towards_robot,,0,narrower_hallway/nav2/metrics_steps_nav2_2_towards_robot_0.csv,True,19.59,9.800429773834296
narrower_hallway,nav2,nav2,narrower_hallway,2_towards_robot,,0,narrower_hallway/nav2/metrics_steps_nav2_2_towards_robot_0.csv,True,19.69,9.877947321727776
narrower_hallway,nav2,nav2,narrower_hallway,2_towards_robot,,0,narrower_hallway/nav2/metrics_steps_nav2_2_towards_robot_0.csv,True,19.79,9.95682336278863
narrower_hallway,nav2,nav2,narrower_hallway,2_towards_robot,,0,narrower_hallway/nav2/metrics_steps_nav2_2_towards_robot_0.csv,True,19.89,10.032886847023962
narrower_hallway,nav2,nav2,narrower_hallway,2_towards_robot,,0,narrower_hallway/nav2/metrics_steps_nav2_2_towards_robot_0.csv,True,19.99,10.10965815848728
narrower_hallway,nav2,nav2,narrower_hallway,2_towards_robot,,0,narrower_hallway/nav2/metrics_steps_nav2_2_towards_robot_0.csv,True,20.09,10.187523804104542
narrower_hallway,nav2,nav2,narrower_hallway,2_towards_robot,,0,narrower_hallway/nav2/metrics_steps_nav2_2_towards_robot_0.csv,True,20.19,10.26614092747386
narrower_hallway,nav2,nav2,narrower_hallway,2_towards_robot,,0,narrower_hallway/nav2/metrics_steps_nav2_2_towards_robot_0.csv,True,20.29,10.345381823958515
narrower_hallway,nav2,nav2,narrower_hallway,2_towards_robot,,0,narrower_hallway/nav2/metrics_steps_nav2_2_towards_robot_0.csv,True,20.39,10.424652535849251
narrower_hallway,nav2,nav2,narrower_hallway,2_towards_robot,,0,narrower_hallway/nav2/metrics_steps_nav2_2_towards_robot_0.csv,True,20.49,10.503813090097587
narrower_hallway,nav2,nav2,narrower_hallway,2_towards_robot,,0,narrower_hallway/nav2/metrics_steps_nav2_2_towards_robot_0.csv,True,20.59,10.582333835447328
narrower_hallway,nav2,nav2,narrower_hallway,2_towards_robot,,0,narrower_hallway/nav2/metrics_steps_nav2_2_towards_robot_0.csv,True,20.69,10.661176183013223
narrower_hallway,nav2,nav2,narrower_hallway,2_towards_robot,,0,narrower_hallway/nav2/metrics_steps_nav2_2_towards_robot_0.csv,True,20.79,10.74015616231516
narrower_hallway,nav2,nav2,narrower_hallway,2_towards_robot,,0,narrower_hallway/nav2/metrics_steps_nav2_2_towards_robot_0.csv,True,20.89,10.818685652136592
narrower_hallway,nav2,nav2,narrower_hallway,2_towards_robot,,0,narrower_hallway/nav2/metrics_steps_nav2_2_towards_robot_0.csv,True,20.99,10.89700403669552
narrower_hallway,nav2,nav2,narrower_hallway,2_towards_robot,,0,narrower_hallway/nav2/metrics_steps_nav2_2_towards_robot_0.csv,True,21.09,10.97532826247576
narrower_hallway,nav2,nav2,narrower_hallway,2_towards_robot,,0,narrower_hallway/nav2/metrics_steps_nav2_2_towards_robot_0.csv,True,21.19,11.05379255702096
narrower_hallway,nav2,nav2,narrower_hallway,2_towards_robot,,0,narrower_hallway/nav2/metrics_steps_nav2_2_towards_robot_0.csv,True,21.29,11.131883228620604
narrower_hallway,nav2,nav2,narrower_hallway,2_towards_robot,,0,narrower_hallway/nav2/metrics_steps_nav2_2_towards_robot_0.csv,True,21.39,11.211279877341802
narrower_hallway,nav2,nav2,narrower_hallway,2_towards_robot,,0,narrower_hallway/nav2/metrics_steps_nav2_2_towards_robot_0.csv,True,21.49,11.288719904273975
narrower_hallway,nav2,nav2,narrower_hallway,2_towards_robot,,0,narrower_hallway/nav2/metrics_steps_nav2_2_towards_robot_0.csv,True,21.59,11.368044158479412
narrower_hallway,nav2,nav2,narrower_hallway,2_towards_robot,,0,narrower_hallway/nav2/metrics_steps_nav2_2_towards_robot_0.csv,True,21.69,11.445529784842815
narrower_hallway,nav2,nav2,narrower_hallway,2_towards_robot,,0,narrower_hallway/nav2/metrics_steps_nav2_2_towards_robot_0.csv,True,21.79,11.524785863853042
narrower_hallway,nav2,nav2,narrower_hallway,2_towards_robot,,0,narrower_hallway/nav2/metrics_steps_nav2_2_towards_robot_0.csv,True,21.89,11.602912643800156
narrower_hallway,nav2,nav2,narrower_hallway,2_towards_robot,,0,narrower_hallway/nav2/metrics_steps_nav2_2_towards_robot_0.csv,True,21.99,11.681746472593806
narrower_hallway,nav2,nav2,narrower_hallway,2_towards_robot,,0,narrower_hallway/nav2/metrics_steps_nav2_2_towards_robot_0.csv,True,22.09,11.760777794844527
narrower_hallway,nav2,nav2,narrower_hallway,2_towards_robot,,0,narrower_hallway/nav2/metrics_steps_nav2_2_towards_robot_0.csv,True,22.19,11.839476038853102
narrower_hallway,nav2,nav2,narrower_hallway,2_towards_robot,,0,narrower_hallway/nav2/metrics_steps_nav2_2_towards_robot_0.csv,True,22.29,11.918191994603417
narrower_hallway,nav2,nav2,narrower_hallway,2_towards_robot,,0,narrower_hallway/nav2/metrics_steps_nav2_2_towards_robot_0.csv,True,22.39,11.997014981345028
narrower_hallway,nav2,nav2,narrower_hallway,2_towards_robot,,0,narrower_hallway/nav2/metrics_steps_nav2_2_towards_robot_0.csv,True,22.49,12.073625612424134
narrower_hallway,nav2,nav2,narrower_hallway,2_towards_robot,,0,narrower_hallway/nav2/metrics_steps_nav2_2_towards_robot_0.csv,True,22.59,12.151448843635483
narrower_hallway,nav2,nav2,narrower_hallway,2_towards_robot,,0,narrower_hallway/nav2/metrics_steps_nav2_2_towards_robot_0.csv,True,22.69,12.229721464191655
narrower_hallway,nav2,nav2,narrower_hallway,2_towards_robot,,0,narrower_hallway/nav2/metrics_steps_nav2_2_towards_robot_0.csv,True,22.79,12.308754139017424
narrower_hallway,nav2,nav2,narrower_hallway,2_towards_robot,,0,narrower_hallway/nav2/metrics_steps_nav2_2_towards_robot_0.csv,True,22.89,12.38733099900085
narrower_hallway,nav2,nav2,narrower_hallway,2_towards_robot,,0,narrower_hallway/nav2/metrics_steps_nav2_2_towards_robot_0.csv,True,22.99,12.465514772833451
narrower_hallway,nav2,nav2,narrower_hallway,2_towards_robot,,0,narrower_hallway/nav2/metrics_steps_nav2_2_towards_robot_0.csv,True,23.09,12.544584615050754
narrower_hallway,nav2,nav2,narrower_hallway,2_towards_robot,,0,narrower_hallway/nav2/metrics_steps_nav2_2_towards_robot_0.csv,True,23.19,12.621761332011376
narrower_hallway,nav2,nav2,narrower_hallway,2_towards_robot,,0,narrower_hallway/nav2/metrics_steps_nav2_2_towards_robot_0.csv,True,23.29,12.700869941769824
narrower_hallway,nav2,nav2,narrower_hallway,2_towards_robot,,0,narrower_hallway/nav2/metrics_steps_nav2_2_towards_robot_0.csv,True,23.39,12.7802530726481
narrower_hallway,nav2,nav2,narrower_hallway,2_towards_robot,,0,narrower_hallway/nav2/metrics_steps_nav2_2_towards_robot_0.csv,True,23.49,12.85976119792694
narrower_hallway,nav2,nav2,narrower_hallway,2_towards_robot,,0,narrower_hallway/nav2/metrics_steps_nav2_2_towards_robot_0.csv,True,23.59,12.939412553769456
narrower_hallway,nav2,nav2,narrower_hallway,2_towards_robot,,0,narrower_hallway/nav2/metrics_steps_nav2_2_towards_robot_0.csv,True,23.69,13.0173950593299
narrower_hallway,nav2,nav2,narrower_hallway,2_towards_robot,,0,narrower_hallway/nav2/metrics_steps_nav2_2_towards_robot_0.csv,True,23.79,13.097468624345154
narrower_hallway,nav2,nav2,narrower_hallway,2_towards_robot,,0,narrower_hallway/nav2/metrics_steps_nav2_2_towards_robot_0.csv,True,23.89,13.172994097041586
narrower_hallway,nav2,nav2,narrower_hallway,2_towards_robot,,0,narrower_hallway/nav2/metrics_steps_nav2_2_towards_robot_0.csv,True,23.99,13.2483399047791
narrower_hallway,nav2,nav2,narrower_hallway,2_towards_robot,,0,narrower_hallway/nav2/metrics_steps_nav2_2_towards_robot_0.csv,True,24.09,13.319831116977255
narrower_hallway,nav2,nav2,narrower_hallway,2_towards_robot,,0,narrower_hallway/nav2/metrics_steps_nav2_2_towards_robot_0.csv,True,24.19,13.39302110231492
narrower_hallway,nav2,nav2,narrower_hallway,2_towards_robot,,0,narrower_hallway/nav2/metrics_steps_nav2_2_towards_robot_0.csv,True,24.29,13.465132093371995
narrower_hallway,nav2,nav2,narrower_hallway,2_towards_robot,,0,narrower_hallway/nav2/metrics_steps_nav2_2_towards_robot_0.csv,True,24.39,13.538825119914804
narrower_hallway,nav2,nav2,narrower_hallway,2_towards_robot,,0,narrower_hallway/nav2/metrics_steps_nav2_2_towards_robot_0.csv,True,24.49,13.61722994277316
narrower_hallway,nav2,nav2,narrower_hallway,2_towards_robot,,0,narrower_hallway/nav2/metrics_steps_nav2_2_towards_robot_0.csv,True,24.59,13.6946370735203
narrower_hallway,nav2,nav2,narrower_hallway,2_towards_robot,,0,narrower_hallway/nav2/metrics_steps_nav2_2_towards_robot_0.csv,True,24.69,13.768924772178565
narrower_hallway,nav2,nav2,narrower_hallway,2_towards_robot,,0,narrower_hallway/nav2/metrics_steps_nav2_2_towards_robot_0.csv,True,24.79,13.843397081483891
narrower_hallway,nav2,nav2,narrower_hallway,2_towards_robot,,0,narrower_hallway/nav2/metrics_steps_nav2_2_towards_robot_0.csv,True,24.89,13.91802428765056
narrower_hallway,nav2,nav2,narrower_hallway,2_towards_robot,,0,narrower_hallway/nav2/metrics_steps_nav2_2_towards_robot_0.csv,True,24.99,13.987114581390577
narrower_hallway,nav2,nav2,narrower_hallway,2_towards_robot,,0,narrower_hallway/nav2/metrics_steps_nav2_2_towards_robot_0.csv,True,25.09,14.053881969563012
narrower_hallway,nav2,nav2,narrower_hallway,2_towards_robot,,0,narrower_hallway/nav2/metrics_steps_nav2_2_towards_robot_0.csv,True,25.19,14.124313956498924
narrower_hallway,nav2,nav2,narrower_hallway,2_towards_robot,,0,narrower_hallway/nav2/metrics_steps_nav2_2_towards_robot_0.csv,True,25.29,14.196680101813088
narrower_hallway,nav2,nav2,narrower_hallway,2_towards_robot,,0,narrower_hallway/nav2/metrics_steps_nav2_2_towards_robot_0.csv,True,25.39,14.263963073406783
narrower_hallway,nav2,nav2,narrower_hallway,2_towards_robot,,0,narrower_hallway/nav2/metrics_steps_nav2_2_towards_robot_0.csv,True,25.49,14.333571086458022
narrower_hallway,nav2,nav2,narrower_hallway,2_towards_robot,,0,narrower_hallway/nav2/metrics_steps_nav2_2_towards_robot_0.csv,True,25.59,14.395938796334695
narrower_hallway,nav2,nav2,narrower_hallway,2_towards_robot,,0,narrower_hallway/nav2/metrics_steps_nav2_2_towards_robot_0.csv,True,25.69,14.45747188696018
narrower_hallway,nav2,nav2,narrower_hallway,2_towards_robot,,0,narrower_hallway/nav2/metrics_steps_nav2_2_towards_robot_0.csv,True,25.79,14.51469819404151
narrower_hallway,nav2,nav2,narrower_hallway,2_towards_robot,,0,narrower_hallway/nav2/metrics_steps_nav2_2_towards_robot_0.csv,True,25.89,14.573750678798843
narrower_hallway,nav2,nav2,narrower_hallway,2_towards_robot,,0,narrower_hallway/nav2/metrics_steps_nav2_2_towards_robot_0.csv,True,25.99,14.633137354544491
narrower_hallway,nav2,nav2,narrower_hallway,2_towards_robot,,0,narrower_hallway/nav2/metrics_steps_nav2_2_towards_robot_0.csv,True,26.09,14.691848993752162
narrower_hallway,nav2,nav2,narrower_hallway,2_towards_robot,,0,narrower_hallway/nav2/metrics_steps_nav2_2_towards_robot_0.csv,True,26.19,14.744795018262328
narrower_hallway,nav2,nav2,narrower_hallway,2_towards_robot,,0,narrower_hallway/nav2/metrics_steps_nav2_2_towards_robot_0.csv,True,26.29,14.79316791737381
narrower_hallway,nav2,nav2,narrower_hallway,2_towards_robot,,0,narrower_hallway/nav2/metrics_steps_nav2_2_towards_robot_0.csv,True,26.39,14.845492718748703
t_shape_hallway,mcts,mcts,t_shape_hallway,t_shape_hallway,,0,t_shape_hallway/mcts/metrics_steps_t_shape_hallway_0.csv,True,0.0,0.750003058025368
t_shape_hallway,mcts,mcts,t_shape_hallway,t_shape_hallway,,0,t_shape_hallway/mcts/metrics_steps_t_shape_hallway_0.csv,True,0.1,0.7489275644190811
t_shape_hallway,mcts,mcts,t_shape_hallway,t_shape_hallway,,0,t_shape_hallway/mcts/metrics_steps_t_shape_hallway_0.csv,True,0.2,0.7489358474218666
t_shape_hallway,mcts,mcts,t_shape_hallway,t_shape_hallway,,0,t_shape_hallway/mcts/metrics_steps_t_shape_hallway_0.csv,True,0.3,0.753159437922434
t_shape_hallway,mcts,mcts,t_shape_hallway,t_shape_hallway,,0,t_shape_hallway/mcts/metrics_steps_t_shape_hallway_0.csv,True,0.4,0.7631041974867963
t_shape_hallway,mcts,mcts,t_shape_hallway,t_shape_hallway,,0,t_shape_hallway/mcts/metrics_steps_t_shape_hallway_0.csv,True,0.5,0.7790895634337058
t_shape_hallway,mcts,mcts,t_shape_hallway,t_shape_hallway,,0,t_shape_hallway/mcts/metrics_steps_t_shape_hallway_0.csv,True,0.6,0.8010246522043216
t_shape_hallway,mcts,mcts,t_shape_hallway,t_shape_hallway,,0,t_shape_hallway/mcts/metrics_steps_t_shape_hallway_0.csv,True,0.7,0.8272297494706331
t_shape_hallway,mcts,mcts,t_shape_hallway,t_shape_hallway,,0,t_shape_hallway/mcts/metrics_steps_t_shape_hallway_0.csv,True,0.8,0.8540339399962205
t_shape_hallway,mcts,mcts,t_shape_hallway,t_shape_hallway,,0,t_shape_hallway/mcts/metrics_steps_t_shape_hallway_0.csv,True,0.9,0.8792467239130966
t_shape_hallway,mcts,mcts,t_shape_hallway,t_shape_hallway,,0,t_shape_hallway/mcts/metrics_steps_t_shape_hallway_0.csv,True,1.0,0.9009024071033642
t_shape_hallway,mcts,mcts,t_shape_hallway,t_shape_hallway,,0,t_shape_hallway/mcts/metrics_steps_t_shape_hallway_0.csv,True,1.1,0.918490223850724
t_shape_hallway,mcts,mcts,t_shape_hallway,t_shape_hallway,,0,t_shape_hallway/mcts/metrics_steps_t_shape_hallway_0.csv,True,1.2,0.9378064474891876
t_shape_hallway,mcts,mcts,t_shape_hallway,t_shape_hallway,,0,t_shape_hallway/mcts/metrics_steps_t_shape_hallway_0.csv,True,1.3,0.9611912179687064
t_shape_hallway,mcts,mcts,t_shape_hallway,t_shape_hallway,,0,t_shape_hallway/mcts/metrics_steps_t_shape_hallway_0.csv,True,1.4,0.9899542304287988
t_shape_hallway,mcts,mcts,t_shape_hallway,t_shape_hallway,,0,t_shape_hallway/mcts/metrics_steps_t_shape_hallway_0.csv,True,1.5,1.023151609686695
t_shape_hallway,mcts,mcts,t_shape_hallway,t_shape_hallway,,0,t_shape_hallway/mcts/metrics_steps_t_shape_hallway_0.csv,True,1.6,1.0610451125470903
t_shape_hallway,mcts,mcts,t_shape_hallway,t_shape_hallway,,0,t_shape_hallway/mcts/metrics_steps_t_shape_hallway_0.csv,True,1.7,1.103345779875621
t_shape_hallway,mcts,mcts,t_shape_hallway,t_shape_hallway,,0,t_shape_hallway/mcts/metrics_steps_t_shape_hallway_0.csv,True,1.8,1.1498147189994918
t_shape_hallway,mcts,mcts,t_shape_hallway,t_shape_hallway,,0,t_shape_hallway/mcts/metrics_steps_t_shape_hallway_0.csv,True,1.9,1.197868487414387
t_shape_hallway,mcts,mcts,t_shape_hallway,t_shape_hallway,,0,t_shape_hallway/mcts/metrics_steps_t_shape_hallway_0.csv,True,2.0,1.2449260257425934
t_shape_hallway,mcts,mcts,t_shape_hallway,t_shape_hallway,,0,t_shape_hallway/mcts/metrics_steps_t_shape_hallway_0.csv,True,2.1,1.29575641465475
t_shape_hallway,mcts,mcts,t_shape_hallway,t_shape_hallway,,0,t_shape_hallway/mcts/metrics_steps_t_shape_hallway_0.csv,True,2.2,1.3555644266396278
t_shape_hallway,mcts,mcts,t_shape_hallway,t_shape_hallway,,0,t_shape_hallway/mcts/metrics_steps_t_shape_hallway_0.csv,True,2.3,1.4211208899119194
t_shape_hallway,mcts,mcts,t_shape_hallway,t_shape_hallway,,0,t_shape_hallway/mcts/metrics_steps_t_shape_hallway_0.csv,True,2.4,1.483406857665042
t_shape_hallway,mcts,mcts,t_shape_hallway,t_shape_hallway,,0,t_shape_hallway/mcts/metrics_steps_t_shape_hallway_0.csv,True,2.5,1.5407751048303222
t_shape_hallway,mcts,mcts,t_shape_hallway,t_shape_hallway,,0,t_shape_hallway/mcts/metrics_steps_t_shape_hallway_0.csv,True,2.6,1.5945127599767437
t_shape_hallway,mcts,mcts,t_shape_hallway,t_shape_hallway,,0,t_shape_hallway/mcts/metrics_steps_t_shape_hallway_0.csv,True,2.7,1.6470752776376338
t_shape_hallway,mcts,mcts,t_shape_hallway,t_shape_hallway,,0,t_shape_hallway/mcts/metrics_steps_t_shape_hallway_0.csv,True,2.8,1.7000980231223357
t_shape_hallway,mcts,mcts,t_shape_hallway,t_shape_hallway,,0,t_shape_hallway/mcts/metrics_steps_t_shape_hallway_0.csv,True,2.9,1.7552132883165843
t_shape_hallway,mcts,mcts,t_shape_hallway,t_shape_hallway,,0,t_shape_hallway/mcts/metrics_steps_t_shape_hallway_0.csv,True,3.0,1.8113217916157152
t_shape_hallway,mcts,mcts,t_shape_hallway,t_shape_hallway,,0,t_shape_hallway/mcts/metrics_steps_t_shape_hallway_0.csv,True,3.1,1.8637544347279813
t_shape_hallway,mcts,mcts,t_shape_hallway,t_shape_hallway,,0,t_shape_hallway/mcts/metrics_steps_t_shape_hallway_0.csv,True,3.2,1.9127532663840552
t_shape_hallway,mcts,mcts,t_shape_hallway,t_shape_hallway,,0,t_shape_hallway/mcts/metrics_steps_t_shape_hallway_0.csv,True,3.3,1.958804166328867
t_shape_hallway,mcts,mcts,t_shape_hallway,t_shape_hallway,,0,t_shape_hallway/mcts/metrics_steps_t_shape_hallway_0.csv,True,3.4,2.0077155617805054
t_shape_hallway,mcts,mcts,t_shape_hallway,t_shape_hallway,,0,t_shape_hallway/mcts/metrics_steps_t_shape_hallway_0.csv,True,3.5,2.052637565966986
t_shape_hallway,mcts,mcts,t_shape_hallway,t_shape_hallway,,0,t_shape_hallway/mcts/metrics_steps_t_shape_hallway_0.csv,True,3.6,2.0961976924324066
t_shape_hallway,mcts,mcts,t_shape_hallway,t_shape_hallway,,0,t_shape_hallway/mcts/metrics_steps_t_shape_hallway_0.csv,True,3.7,2.1409293934324234
t_shape_hallway,mcts,mcts,t_shape_hallway,t_shape_hallway,,0,t_shape_hallway/mcts/metrics_steps_t_shape_hallway_0.csv,True,3.8,2.188124486759815
t_shape_hallway,mcts,mcts,t_shape_hallway,t_shape_hallway,,0,t_shape_hallway/mcts/metrics_steps_t_shape_hallway_0.csv,True,3.9,2.237090768416848
t_shape_hallway,mcts,mcts,t_shape_hallway,t_shape_hallway,,0,t_shape_hallway/mcts/metrics_steps_t_shape_hallway_0.csv,True,4.0,2.286141250639811
t_shape_hallway,mcts,mcts,t_shape_hallway,t_shape_hallway,,0,t_shape_hallway/mcts/metrics_steps_t_shape_hallway_0.csv,True,4.1,2.3347344781643007
t_shape_hallway,mcts,mcts,t_shape_hallway,t_shape_hallway,,0,t_shape_hallway/mcts/metrics_steps_t_shape_hallway_0.csv,True,4.2,2.3823066774278567
t_shape_hallway,mcts,mcts,t_shape_hallway,t_shape_hallway,,0,t_shape_hallway/mcts/metrics_steps_t_shape_hallway_0.csv,True,4.3,2.4321705960960567
t_shape_hallway,mcts,mcts,t_shape_hallway,t_shape_hallway,,0,t_shape_hallway/mcts/metrics_steps_t_shape_hallway_0.csv,True,4.4,2.486226107973279
t_shape_hallway,mcts,mcts,t_shape_hallway,t_shape_hallway,,0,t_shape_hallway/mcts/metrics_steps_t_shape_hallway_0.csv,True,4.5,2.548519824081446
t_shape_hallway,mcts,mcts,t_shape_hallway,t_shape_hallway,,0,t_shape_hallway/mcts/metrics_steps_t_shape_hallway_0.csv,True,4.6,2.608884343727435
t_shape_hallway,mcts,mcts,t_shape_hallway,t_shape_hallway,,0,t_shape_hallway/mcts/metrics_steps_t_shape_hallway_0.csv,True,4.7,2.668276681823584
t_shape_hallway,mcts,mcts,t_shape_hallway,t_shape_hallway,,0,t_shape_hallway/mcts/metrics_steps_t_shape_hallway_0.csv,True,4.8,2.7269359197402
t_shape_hallway,mcts,mcts,t_shape_hallway,t_shape_hallway,,0,t_shape_hallway/mcts/metrics_steps_t_shape_hallway_0.csv,True,4.9,2.7808791377808904
t_shape_hallway,mcts,mcts,t_shape_hallway,t_shape_hallway,,0,t_shape_hallway/mcts/metrics_steps_t_shape_hallway_0.csv,True,5.0,2.831122968724741
t_shape_hallway,mcts,mcts,t_shape_hallway,t_shape_hallway,,0,t_shape_hallway/mcts/metrics_steps_t_shape_hallway_0.csv,True,5.1,2.879531425760393
t_shape_hallway,mcts,mcts,t_shape_hallway,t_shape_hallway,,0,t_shape_hallway/mcts/metrics_steps_t_shape_hallway_0.csv,True,5.2,2.924958348074174
t_shape_hallway,mcts,mcts,t_shape_hallway,t_shape_hallway,,0,t_shape_hallway/mcts/metrics_steps_t_shape_hallway_0.csv,True,5.3,2.9672411589129584
t_shape_hallway,mcts,mcts,t_shape_hallway,t_shape_hallway,,0,t_shape_hallway/mcts/metrics_steps_t_shape_hallway_0.csv,True,5.4,3.008624108646576
t_shape_hallway,mcts,mcts,t_shape_hallway,t_shape_hallway,,0,t_shape_hallway/mcts/metrics_steps_t_shape_hallway_0.csv,True,5.5,3.0499865532515167
t_shape_hallway,mcts,mcts,t_shape_hallway,t_shape_hallway,,0,t_shape_hallway/mcts/metrics_steps_t_shape_hallway_0.csv,True,5.6,3.0912532830697
t_shape_hallway,mcts,mcts,t_shape_hallway,t_shape_hallway,,0,t_shape_hallway/mcts/metrics_steps_t_shape_hallway_0.csv,True,5.7,3.1345248655806333
t_shape_hallway,mcts,mcts,t_shape_hallway,t_shape_hallway,,0,t_shape_hallway/mcts/metrics_steps_t_shape_hallway_0.csv,True,5.8,3.178821273417453
t_shape_hallway,mcts,mcts,t_shape_hallway,t_shape_hallway,,0,t_shape_hallway/mcts/metrics_steps_t_shape_hallway_0.csv,True,5.9,3.2249606024792774
t_shape_hallway,mcts,mcts,t_shape_hallway,t_shape_hallway,,0,t_shape_hallway/mcts/metrics_steps_t_shape_hallway_0.csv,True,6.0,3.27475135660182
t_shape_hallway,mcts,mcts,t_shape_hallway,t_shape_hallway,,0,t_shape_hallway/mcts/metrics_steps_t_shape_hallway_0.csv,True,6.1,3.3164395100464654
t_shape_hallway,mcts,mcts,t_shape_hallway,t_shape_hallway,,0,t_shape_hallway/mcts/metrics_steps_t_shape_hallway_0.csv,True,6.2,3.357890846416641
t_shape_hallway,mcts,mcts,t_shape_hallway,t_shape_hallway,,0,t_shape_hallway/mcts/metrics_steps_t_shape_hallway_0.csv,True,6.3,3.3995610769745186
t_shape_hallway,mcts,mcts,t_shape_hallway,t_shape_hallway,,0,t_shape_hallway/mcts/metrics_steps_t_shape_hallway_0.csv,True,6.4,3.4350470708649024
t_shape_hallway,mcts,mcts,t_shape_hallway,t_shape_hallway,,0,t_shape_hallway/mcts/metrics_steps_t_shape_hallway_0.csv,True,6.5,3.4649652123562245
t_shape_hallway,mcts,mcts,t_shape_hallway,t_shape_hallway,,0,t_shape_hallway/mcts/metrics_steps_t_shape_hallway_0.csv,True,6.6,3.5105487962761237
t_shape_hallway,mcts,mcts,t_shape_hallway,t_shape_hallway,,0,t_shape_hallway/mcts/metrics_steps_t_shape_hallway_0.csv,True,6.7,3.384067292046331
t_shape_hallway,mcts,mcts,t_shape_hallway,t_shape_hallway,,0,t_shape_hallway/mcts/metrics_steps_t_shape_hallway_0.csv,True,6.8,3.155210711427388
t_shape_hallway,mcts,mcts,t_shape_hallway,t_shape_hallway,,0,t_shape_hallway/mcts/metrics_steps_t_shape_hallway_0.csv,True,6.9,2.9225678392590724
t_shape_hallway,mcts,mcts,t_shape_hallway,t_shape_hallway,,0,t_shape_hallway/mcts/metrics_steps_t_shape_hallway_0.csv,True,7.0,2.685931992894333
t_shape_hallway,mcts,mcts,t_shape_hallway,t_shape_hallway,,0,t_shape_hallway/mcts/metrics_steps_t_shape_hallway_0.csv,True,7.1,2.4458035075879647
t_shape_hallway,mcts,mcts,t_shape_hallway,t_shape_hallway,,0,t_shape_hallway/mcts/metrics_steps_t_shape_hallway_0.csv,True,7.2,2.202304908186364
t_shape_hallway,mcts,mcts,t_shape_hallway,t_shape_hallway,,0,t_shape_hallway/mcts/metrics_steps_t_shape_hallway_0.csv,True,7.3,1.958079900367068
t_shape_hallway,mcts,mcts,t_shape_hallway,t_shape_hallway,,0,t_shape_hallway/mcts/metrics_steps_t_shape_hallway_0.csv,True,7.4,1.7131213510960634
t_shape_hallway,mcts,mcts,t_shape_hallway,t_shape_hallway,,0,t_shape_hallway/mcts/metrics_steps_t_shape_hallway_0.csv,True,7.5,1.472786754468712
t_shape_hallway,mcts,mcts,t_shape_hallway,t_shape_hallway,,0,t_shape_hallway/mcts/metrics_steps_t_shape_hallway_0.csv,True,7.6,1.2393681409034634
t_shape_hallway,mcts,mcts,t_shape_hallway,t_shape_hallway,,0,t_shape_hallway/mcts/metrics_steps_t_shape_hallway_0.csv,True,7.7,1.0173960984105412
t_shape_hallway,mcts,mcts,t_shape_hallway,t_shape_hallway,,0,t_shape_hallway/mcts/metrics_steps_t_shape_hallway_0.csv,True,7.8,0.8026490543357958
t_shape_hallway,mcts,mcts,t_shape_hallway,t_shape_hallway,,0,t_shape_hallway/mcts/metrics_steps_t_shape_hallway_0.csv,True,7.9,0.5955150071874662
t_shape_hallway,mcts,mcts,t_shape_hallway,t_shape_hallway,,0,t_shape_hallway/mcts/metrics_steps_t_shape_hallway_0.csv,True,8.0,0.3959984248130606
t_shape_hallway,mcts,mcts,t_shape_hallway,t_shape_hallway,,0,t_shape_hallway/mcts/metrics_steps_t_shape_hallway_0.csv,True,8.1,0.2137145222480782
t_shape_hallway,mcts,mcts,t_shape_hallway,t_shape_hallway,,0,t_shape_hallway/mcts/metrics_steps_t_shape_hallway_0.csv,True,8.2,0.0740211979639284
t_shape_hallway,mcts,mcts,t_shape_hallway,t_shape_hallway,,0,t_shape_hallway/mcts/metrics_steps_t_shape_hallway_0.csv,True,8.3,0.0215251385658462
t_shape_hallway,mcts,mcts,t_shape_hallway,t_shape_hallway,,0,t_shape_hallway/mcts/metrics_steps_t_shape_hallway_0.csv,True,8.4,0.063234038781753
t_shape_hallway,mcts,mcts,t_shape_hallway,t_shape_hallway,,0,t_shape_hallway/mcts/metrics_steps_t_shape_hallway_0.csv,True,8.5,0.1569149172441118
t_shape_hallway,mcts,mcts,t_shape_hallway,t_shape_hallway,,0,t_shape_hallway/mcts/metrics_steps_t_shape_hallway_0.csv,True,8.6,0.2464332462812819
t_shape_hallway,mcts,mcts,t_shape_hallway,t_shape_hallway,,0,t_shape_hallway/mcts/metrics_steps_t_shape_hallway_0.csv,True,8.7,0.2956299428656921
t_shape_hallway,mcts,mcts,t_shape_hallway,t_shape_hallway,,0,t_shape_hallway/mcts/metrics_steps_t_shape_hallway_0.csv,True,8.8,0.2931588671823582
t_shape_hallway,mcts,mcts,t_shape_hallway,t_shape_hallway,,0,t_shape_hallway/mcts/metrics_steps_t_shape_hallway_0.csv,True,8.9,0.2603541085615086
t_shape_hallway,mcts,mcts,t_shape_hallway,t_shape_hallway,,0,t_shape_hallway/mcts/metrics_steps_t_shape_hallway_0.csv,True,9.0,0.2384568317565947
t_shape_hallway,mcts,mcts,t_shape_hallway,t_shape_hallway,,0,t_shape_hallway/mcts/metrics_steps_t_shape_hallway_0.csv,True,9.1,0.2643898397572233
t_shape_hallway,mcts,mcts,t_shape_hallway,t_shape_hallway,,0,t_shape_hallway/mcts/metrics_steps_t_shape_hallway_0.csv,True,9.2,0.3466877250464231
t_shape_hallway,mcts,mcts,t_shape_hallway,t_shape_hallway,,0,t_shape_hallway/mcts/metrics_steps_t_shape_hallway_0.csv,True,9.3,0.4726844546127513
t_shape_hallway,mcts,mcts,t_shape_hallway,t_shape_hallway,,0,t_shape_hallway/mcts/metrics_steps_t_shape_hallway_0.csv,True,9.4,0.5262558661303567
t_shape_hallway,mcts,mcts,t_shape_hallway,t_shape_hallway,,0,t_shape_hallway/mcts/metrics_steps_t_shape_hallway_0.csv,True,9.5,0.6153742288802402
t_shape_hallway,mcts,mcts,t_shape_hallway,t_shape_hallway,,0,t_shape_hallway/mcts/metrics_steps_t_shape_hallway_0.csv,True,9.6,0.7426077982898744
t_shape_hallway,mcts,mcts,t_shape_hallway,t_shape_hallway,,0,t_shape_hallway/mcts/metrics_steps_t_shape_hallway_0.csv,True,9.7,0.8960849471271923
t_shape_hallway,mcts,mcts,t_shape_hallway,t_shape_hallway,,0,t_shape_hallway/mcts/metrics_steps_t_shape_hallway_0.csv,True,9.8,1.0672062568622551
t_shape_hallway,mcts,mcts,t_shape_hallway,t_shape_hallway,,0,t_shape_hallway/mcts/metrics_steps_t_shape_hallway_0.csv,True,9.9,1.249037372080941
t_shape_hallway,mcts,mcts,t_shape_hallway,t_shape_hallway,,0,t_shape_hallway/mcts/metrics_steps_t_shape_hallway_0.csv,True,10.0,1.43928554246969
t_shape_hallway,mcts,mcts,t_shape_hallway,t_shape_hallway,,0,t_shape_hallway/mcts/metrics_steps_t_shape_hallway_0.csv,True,10.1,1.6380202428376296
t_shape_hallway,mcts,mcts,t_shape_hallway,t_shape_hallway,,0,t_shape_hallway/mcts/metrics_steps_t_shape_hallway_0.csv,True,10.2,1.84388235321727
t_shape_hallway,mcts,mcts,t_shape_hallway,t_shape_hallway,,0,t_shape_hallway/mcts/metrics_steps_t_shape_hallway_0.csv,True,10.3,2.054740079066651
t_shape_hallway,mcts,mcts,t_shape_hallway,t_shape_hallway,,0,t_shape_hallway/mcts/metrics_steps_t_shape_hallway_0.csv,True,10.4,2.268708086009992
t_shape_hallway,mcts,mcts,t_shape_hallway,t_shape_hallway,,0,t_shape_hallway/mcts/metrics_steps_t_shape_hallway_0.csv,True,10.5,2.485001165624684
t_shape_hallway,mcts,mcts,t_shape_hallway,t_shape_hallway,,0,t_shape_hallway/mcts/metrics_steps_t_shape_hallway_0.csv,True,10.6,2.707656992251965
t_shape_hallway,mcts,mcts,t_shape_hallway,t_shape_hallway,,0,t_shape_hallway/mcts/metrics_steps_t_shape_hallway_0.csv,True,10.7,2.935370947825689
t_shape_hallway,mcts,mcts,t_shape_hallway,t_shape_hallway,,0,t_shape_hallway/mcts/metrics_steps_t_shape_hallway_0.csv,True,10.8,3.1651156960821947
t_shape_hallway,mcts,mcts,t_shape_hallway,t_shape_hallway,,0,t_shape_hallway/mcts/metrics_steps_t_shape_hallway_0.csv,True,10.9,3.395003819081456
t_shape_hallway,mcts,mcts,t_shape_hallway,t_shape_hallway,,0,t_shape_hallway/mcts/metrics_steps_t_shape_hallway_0.csv,True,11.0,3.616923778825827
t_shape_hallway,mcts,mcts,t_shape_hallway,t_shape_hallway,,0,t_shape_hallway/mcts/metrics_steps_t_shape_hallway_0.csv,True,11.1,3.8294005133083697
t_shape_hallway,mcts,mcts,t_shape_hallway,t_shape_hallway,,0,t_shape_hallway/mcts/metrics_steps_t_shape_hallway_0.csv,True,11.2,4.032189072216144
t_shape_hallway,mcts,mcts,t_shape_hallway,t_shape_hallway,,0,t_shape_hallway/mcts/metrics_steps_t_shape_hallway_0.csv,True,11.3,4.225290268200602
t_shape_hallway,mcts,mcts,t_shape_hallway,t_shape_hallway,,0,t_shape_hallway/mcts/metrics_steps_t_shape_hallway_0.csv,True,11.4,4.41403801732865
t_shape_hallway,mcts,mcts,t_shape_hallway,t_shape_hallway,,0,t_shape_hallway/mcts/metrics_steps_t_shape_hallway_0.csv,True,11.5,4.612138869087377
t_shape_hallway,mcts,mcts,t_shape_hallway,t_shape_hallway,,0,t_shape_hallway/mcts/metrics_steps_t_shape_hallway_0.csv,True,11.6,4.819467995360012
t_shape_hallway,mcts,mcts,t_shape_hallway,t_shape_hallway,,0,t_shape_hallway/mcts/metrics_steps_t_shape_hallway_0.csv,True,11.7,5.035825515751359
t_shape_hallway,mcts,mcts,t_shape_hallway,t_shape_hallway,,0,t_shape_hallway/mcts/metrics_steps_t_shape_hallway_0.csv,True,11.8,5.258031480154285
t_shape_hallway,mcts,mcts,t_shape_hallway,t_shape_hallway,,0,t_shape_hallway/mcts/metrics_steps_t_shape_hallway_0.csv,True,11.9,5.485238204670615
t_shape_hallway,mcts,mcts,t_shape_hallway,t_shape_hallway,,0,t_shape_hallway/mcts/metrics_steps_t_shape_hallway_0.csv,True,12.0,5.715315461301682
t_shape_hallway,mcts,mcts,t_shape_hallway,t_shape_hallway,,0,t_shape_hallway/mcts/metrics_steps_t_shape_hallway_0.csv,True,12.1,5.945330161171526
t_shape_hallway,mcts,mcts,t_shape_hallway,t_shape_hallway,,0,t_shape_hallway/mcts/metrics_steps_t_shape_hallway_0.csv,True,12.2,6.174314795256976
t_shape_hallway,mcts,mcts,t_shape_hallway,t_shape_hallway,,0,t_shape_hallway/mcts/metrics_steps_t_shape_hallway_0.csv,True,12.3,6.40156237154561
t_shape_hallway,mcts,mcts,t_shape_hallway,t_shape_hallway,,0,t_shape_hallway/mcts/metrics_steps_t_shape_hallway_0.csv,True,12.4,6.62655922789336
t_shape_hallway,mcts,mcts,t_shape_hallway,t_shape_hallway,,0,t_shape_hallway/mcts/metrics_steps_t_shape_hallway_0.csv,True,12.5,6.652996592828118
t_shape_hallway,mcts,mcts,t_shape_hallway,t_shape_hallway,,0,t_shape_hallway/mcts/metrics_steps_t_shape_hallway_0.csv,True,12.6,6.67824699191339
t_shape_hallway,mcts,mcts,t_shape_hallway,t_shape_hallway,,0,t_shape_hallway/mcts/metrics_steps_t_shape_hallway_0.csv,True,12.7,6.703774780656763
t_shape_hallway,mcts,mcts,t_shape_hallway,t_shape_hallway,,0,t_shape_hallway/mcts/metrics_steps_t_shape_hallway_0.csv,True,12.8,6.728856955187126
t_shape_hallway,mcts,mcts,t_shape_hallway,t_shape_hallway,,0,t_shape_hallway/mcts/metrics_steps_t_shape_hallway_0.csv,True,12.9,6.749570765811023
t_shape_hallway,mcts,mcts,t_shape_hallway,t_shape_hallway,,0,t_shape_hallway/mcts/metrics_steps_t_shape_hallway_0.csv,True,13.0,6.765254780472919
t_shape_hallway,mcts,mcts,t_shape_hallway,t_shape_hallway,,0,t_shape_hallway/mcts/metrics_steps_t_shape_hallway_0.csv,True,13.1,6.780713966374637
t_shape_hallway,mcts,mcts,t_shape_hallway,t_shape_hallway,,0,t_shape_hallway/mcts/metrics_steps_t_shape_hallway_0.csv,True,13.2,6.798024039416136
t_shape_hallway,mcts,mcts,t_shape_hallway,t_shape_hallway,,0,t_shape_hallway/mcts/metrics_steps_t_shape_hallway_0.csv,True,13.3,6.815120180569935
t_shape_hallway,mcts,mcts,t_shape_hallway,t_shape_hallway,,0,t_shape_hallway/mcts/metrics_steps_t_shape_hallway_0.csv,True,13.4,6.826871686971268
t_shape_hallway,mcts,mcts,t_shape_hallway,t_shape_hallway,,0,t_shape_hallway/mcts/metrics_steps_t_shape_hallway_0.csv,True,13.5,6.819488771726325
t_shape_hallway,mcts,mcts,t_shape_hallway,t_shape_hallway,,0,t_shape_hallway/mcts/metrics_steps_t_shape_hallway_0.csv,True,13.6,6.796095064487706
t_shape_hallway,mcts,mcts,t_shape_hallway,t_shape_hallway,,0,t_shape_hallway/mcts/metrics_steps_t_shape_hallway_0.csv,True,13.7,6.756683266356867
t_shape_hallway,mcts,mcts,t_shape_hallway,t_shape_hallway,,0,t_shape_hallway/mcts/metrics_steps_t_shape_hallway_0.csv,True,13.8,6.6882888028323055
t_shape_hallway,mcts,mcts,t_shape_hallway,t_shape_hallway,,0,t_shape_hallway/mcts/metrics_steps_t_shape_hallway_0.csv,True,13.9,6.607131176520037
t_shape_hallway,mcts,mcts,t_shape_hallway,t_shape_hallway,,0,t_shape_hallway/mcts/metrics_steps_t_shape_hallway_0.csv,True,14.0,6.523843569770483
t_shape_hallway,mcts,mcts,t_shape_hallway,t_shape_hallway,,0,t_shape_hallway/mcts/metrics_steps_t_shape_hallway_0.csv,True,14.1,6.441408957630519
t_shape_hallway,mcts,mcts,t_shape_hallway,t_shape_hallway,,0,t_shape_hallway/mcts/metrics_steps_t_shape_hallway_0.csv,True,14.2,6.363683763488057
t_shape_hallway,mcts,mcts,t_shape_hallway,t_shape_hallway,,0,t_shape_hallway/mcts/metrics_steps_t_shape_hallway_0.csv,True,14.3,6.287100615138282
t_shape_hallway,mcts,mcts,t_shape_hallway,t_shape_hallway,,0,t_shape_hallway/mcts/metrics_steps_t_shape_hallway_0.csv,True,14.4,6.2120468726706575
t_shape_hallway,mcts,mcts,t_shape_hallway,t_shape_hallway,,0,t_shape_hallway/mcts/metrics_steps_t_shape_hallway_0.csv,True,14.5,6.13028329301224
t_shape_hallway,mcts,mcts,t_shape_hallway,t_shape_hallway,,0,t_shape_hallway/mcts/metrics_steps_t_shape_hallway_0.csv,True,14.6,6.045499566947973
t_shape_hallway,mcts,mcts,t_shape_hallway,t_shape_hallway,,0,t_shape_hallway/mcts/metrics_steps_t_shape_hallway_0.csv,True,14.7,5.962197553715463
t_shape_hallway,mcts,mcts,t_shape_hallway,t_shape_hallway,,0,t_shape_hallway/mcts/metrics_steps_t_shape_hallway_0.csv,True,14.8,5.880579523032981
t_shape_hallway,mcts,mcts,t_shape_hallway,t_shape_hallway,,0,t_shape_hallway/mcts/metrics_steps_t_shape_hallway_0.csv,True,14.9,5.794267581893456
t_shape_hallway,mcts,mcts,t_shape_hallway,t_shape_hallway,,0,t_shape_hallway/mcts/metrics_steps_t_shape_hallway_0.csv,True,15.0,5.701723359326387
t_shape_hallway,mcts,mcts,t_shape_hallway,t_shape_hallway,,0,t_shape_hallway/mcts/metrics_steps_t_shape_hallway_0.csv,True,15.1,5.605371773327375
t_shape_hallway,mcts,mcts,t_shape_hallway,t_shape_hallway,,0,t_shape_hallway/mcts/metrics_steps_t_shape_hallway_0.csv,True,15.2,5.507981886193256
t_shape_hallway,mcts,mcts,t_shape_hallway,t_shape_hallway,,0,t_shape_hallway/mcts/metrics_steps_t_shape_hallway_0.csv,True,15.3,5.41051717816248
t_shape_hallway,mcts,mcts,t_shape_hallway,t_shape_hallway,,0,t_shape_hallway/mcts/metrics_steps_t_shape_hallway_0.csv,True,15.4,5.315170440097264
t_shape_hallway,mcts,mcts,t_shape_hallway,t_shape_hallway,,0,t_shape_hallway/mcts/metrics_steps_t_shape_hallway_0.csv,True,15.5,5.223672060214838
t_shape_hallway,mcts,mcts,t_shape_hallway,t_shape_hallway,,0,t_shape_hallway/mcts/metrics_steps_t_shape_hallway_0.csv,True,15.6,5.132314911056963
t_shape_hallway,mcts,mcts,t_shape_hallway,t_shape_hallway,,0,t_shape_hallway/mcts/metrics_steps_t_shape_hallway_0.csv,True,15.7,5.041407128095236
t_shape_hallway,mcts,mcts,t_shape_hallway,t_shape_hallway,,0,t_shape_hallway/mcts/metrics_steps_t_shape_hallway_0.csv,True,15.8,4.950424908295805
t_shape_hallway,mcts,mcts,t_shape_hallway,t_shape_hallway,,0,t_shape_hallway/mcts/metrics_steps_t_shape_hallway_0.csv,True,15.9,4.854894370438273
t_shape_hallway,mcts,mcts,t_shape_hallway,t_shape_hallway,,0,t_shape_hallway/mcts/metrics_steps_t_shape_hallway_0.csv,True,16.0,4.755422388486744
t_shape_hallway,mcts,mcts,t_shape_hallway,t_shape_hallway,,0,t_shape_hallway/mcts/metrics_steps_t_shape_hallway_0.csv,True,16.1,4.654580708320448
t_shape_hallway,mcts,mcts,t_shape_hallway,t_shape_hallway,,0,t_shape_hallway/mcts/metrics_steps_t_shape_hallway_0.csv,True,16.2,4.553165078301666
t_shape_hallway,mcts,mcts,t_shape_hallway,t_shape_hallway,,0,t_shape_hallway/mcts/metrics_steps_t_shape_hallway_0.csv,True,16.3,4.452403795811182
t_shape_hallway,mcts,mcts,t_shape_hallway,t_shape_hallway,,0,t_shape_hallway/mcts/metrics_steps_t_shape_hallway_0.csv,True,16.4,4.353001548452063
t_shape_hallway,mcts,mcts,t_shape_hallway,t_shape_hallway,,0,t_shape_hallway/mcts/metrics_steps_t_shape_hallway_0.csv,True,16.5,4.258270003372613
t_shape_hallway,mcts,mcts,t_shape_hallway,t_shape_hallway,,0,t_shape_hallway/mcts/metrics_steps_t_shape_hallway_0.csv,True,16.6,4.163965999981205
t_shape_hallway,mcts,mcts,t_shape_hallway,t_shape_hallway,,0,t_shape_hallway/mcts/metrics_steps_t_shape_hallway_0.csv,True,16.7,4.068839778486439
t_shape_hallway,mcts,mcts,t_shape_hallway,t_shape_hallway,,0,t_shape_hallway/mcts/metrics_steps_t_shape_hallway_0.csv,True,16.8,3.975470411567111
t_shape_hallway,mcts,mcts,t_shape_hallway,t_shape_hallway,,0,t_shape_hallway/mcts/metrics_steps_t_shape_hallway_0.csv,True,16.9,3.886667683565092
t_shape_hallway,mcts,mcts,t_shape_hallway,t_shape_hallway,,0,t_shape_hallway/mcts/metrics_steps_t_shape_hallway_0.csv,True,17.0,3.801550434100087
t_shape_hallway,mcts,mcts,t_shape_hallway,t_shape_hallway,,0,t_shape_hallway/mcts/metrics_steps_t_shape_hallway_0.csv,True,17.1,3.7128383068684094
t_shape_hallway,mcts,mcts,t_shape_hallway,t_shape_hallway,,0,t_shape_hallway/mcts/metrics_steps_t_shape_hallway_0.csv,True,17.2,3.62199308474308
t_shape_hallway,mcts,mcts,t_shape_hallway,t_shape_hallway,,0,t_shape_hallway/mcts/metrics_steps_t_shape_hallway_0.csv,True,17.3,3.530924754430135
t_shape_hallway,mcts,mcts,t_shape_hallway,t_shape_hallway,,0,t_shape_hallway/mcts/metrics_steps_t_shape_hallway_0.csv,True,17.4,3.44443955051677
t_shape_hallway,mcts,mcts,t_shape_hallway,t_shape_hallway,,0,t_shape_hallway/mcts/metrics_steps_t_shape_hallway_0.csv,True,17.5,3.3621274814350244
t_shape_hallway,mcts,mcts,t_shape_hallway,t_shape_hallway,,0,t_shape_hallway/mcts/metrics_steps_t_shape_hallway_0.csv,True,17.6,3.276866793436672
t_shape_hallway,mcts,mcts,t_shape_hallway,t_shape_hallway,,0,t_shape_hallway/mcts/metrics_steps_t_shape_hallway_0.csv,True,17.7,3.191220594515684
t_shape_hallway,mcts,mcts,t_shape_hallway,t_shape_hallway,,0,t_shape_hallway/mcts/metrics_steps_t_shape_hallway_0.csv,True,17.8,3.1076189646888683
t_shape_hallway,mcts,mcts,t_shape_hallway,t_shape_hallway,,0,t_shape_hallway/mcts/metrics_steps_t_shape_hallway_0.csv,True,17.9,3.0289440544363804
t_shape_hallway,mcts,mcts,t_shape_hallway,t_shape_hallway,,0,t_shape_hallway/mcts/metrics_steps_t_shape_hallway_0.csv,True,18.0,2.9522890915246376
t_shape_hallway,mcts,mcts,t_shape_hallway,t_shape_hallway,,0,t_shape_hallway/mcts/metrics_steps_t_shape_hallway_0.csv,True,18.1,2.880895825189299
t_shape_hallway,mcts,mcts,t_shape_hallway,t_shape_hallway,,0,t_shape_hallway/mcts/metrics_steps_t_shape_hallway_0.csv,True,18.2,2.81867421161442
t_shape_hallway,mcts,mcts,t_shape_hallway,t_shape_hallway,,0,t_shape_hallway/mcts/metrics_steps_t_shape_hallway_0.csv,True,18.3,2.765193568126395
t_shape_hallway,mcts,mcts,t_shape_hallway,t_shape_hallway,,0,t_shape_hallway/mcts/metrics_steps_t_shape_hallway_0.csv,True,18.4,2.713630768760797
t_shape_hallway,mcts,mcts,t_shape_hallway,t_shape_hallway,,0,t_shape_hallway/mcts/metrics_steps_t_shape_hallway_0.csv,True,18.5,2.65054011324279
t_shape_hallway,mcts,mcts,t_shape_hallway,t_shape_hallway,,0,t_shape_hallway/mcts/metrics_steps_t_shape_hallway_0.csv,True,18.6,2.576837771798472
t_shape_hallway,mcts,mcts,t_shape_hallway,t_shape_hallway,,0,t_shape_hallway/mcts/metrics_steps_t_shape_hallway_0.csv,True,18.7,2.495891368696677
t_shape_hallway,mcts,mcts,t_shape_hallway,t_shape_hallway,,0,t_shape_hallway/mcts/metrics_steps_t_shape_hallway_0.csv,True,18.8,2.4209739485913646
t_shape_hallway,mcts,mcts,t_shape_hallway,t_shape_hallway,,0,t_shape_hallway/mcts/metrics_steps_t_shape_hallway_0.csv,True,18.9,2.3543461151309804
t_shape_hallway,mcts,mcts,t_shape_hallway,t_shape_hallway,,0,t_shape_hallway/mcts/metrics_steps_t_shape_hallway_0.csv,True,19.0,2.2903220624487672
t_shape_hallway,mcts,mcts,t_shape_hallway,t_shape_hallway,,0,t_shape_hallway/mcts/metrics_steps_t_shape_hallway_0.csv,True,19.1,2.2137306665011693
t_shape_hallway,mcts,mcts,t_shape_hallway,t_shape_hallway,,0,t_shape_hallway/mcts/metrics_steps_t_shape_hallway_0.csv,True,19.2,2.1250089301339257
t_shape_hallway,mcts,mcts,t_shape_hallway,t_shape_hallway,,0,t_shape_hallway/mcts/metrics_steps_t_shape_hallway_0.csv,True,19.3,2.031621008107986
t_shape_hallway,mcts,mcts,t_shape_hallway,t_shape_hallway,,0,t_shape_hallway/mcts/metrics_steps_t_shape_hallway_0.csv,True,19.4,1.9371262410500123
t_shape_hallway,mcts,mcts,t_shape_hallway,t_shape_hallway,,0,t_shape_hallway/mcts/metrics_steps_t_shape_hallway_0.csv,True,19.5,1.8386013949122768
t_shape_hallway,mcts,mcts,t_shape_hallway,t_shape_hallway,,0,t_shape_hallway/mcts/metrics_steps_t_shape_hallway_0.csv,True,19.6,1.735985320038932
t_shape_hallway,mcts,mcts,t_shape_hallway,t_shape_hallway,,0,t_shape_hallway/mcts/metrics_steps_t_shape_hallway_0.csv,True,19.7,1.6359549933078616
t_shape_hallway,mcts,mcts,t_shape_hallway,t_shape_hallway,,0,t_shape_hallway/mcts/metrics_steps_t_shape_hallway_0.csv,True,19.8,1.5385002418963225
t_shape_hallway,mcts,mcts,t_shape_hallway,t_shape_hallway,,0,t_shape_hallway/mcts/metrics_steps_t_shape_hallway_0.csv,True,19.9,1.4438585553942214
t_shape_hallway,mcts,mcts,t_shape_hallway,t_shape_hallway,,0,t_shape_hallway/mcts/metrics_steps_t_shape_hallway_0.csv,True,20.0,1.3568879970675685
t_shape_hallway,mcts,mcts,t_shape_hallway,t_shape_hallway,,0,t_shape_hallway/mcts/metrics_steps_t_shape_hallway_0.csv,True,20.1,1.2792154145148444
t_shape_hallway,mcts,mcts,t_shape_hallway,t_shape_hallway,,0,t_shape_hallway/mcts/metrics_steps_t_shape_hallway_0.csv,True,20.2,1.2118521677737886
t_shape_hallway,mcts,mcts,t_shape_hallway,t_shape_hallway,,0,t_shape_hallway/mcts/metrics_steps_t_shape_hallway_0.csv,True,20.3,1.1544058540017288
t_shape_hallway,mcts,mcts,t_shape_hallway,t_shape_hallway,,0,t_shape_hallway/mcts/metrics_steps_t_shape_hallway_0.csv,True,20.4,1.0941259755471584
t_shape_hallway,mcts,mcts,t_shape_hallway,t_shape_hallway,,0,t_shape_hallway/mcts/metrics_steps_t_shape_hallway_0.csv,True,20.5,1.0281762311579317
t_shape_hallway,mcts,mcts,t_shape_hallway,t_shape_hallway,,0,t_shape_hallway/mcts/metrics_steps_t_shape_hallway_0.csv,True,20.6,0.9631859407615082
t_shape_hallway,mcts,mcts,t_shape_hallway,t_shape_hallway,,0,t_shape_hallway/mcts/metrics_steps_t_shape_hallway_0.csv,True,20.7,0.9104629434516538
t_shape_hallway,mcts,mcts,t_shape_hallway,t_shape_hallway,,0,t_shape_hallway/mcts/metrics_steps_t_shape_hallway_0.csv,True,20.8,0.8691206199280423
t_shape_hallway,mcts,mcts,t_shape_hallway,t_shape_hallway,,0,t_shape_hallway/mcts/metrics_steps_t_shape_hallway_0.csv,True,20.9,0.8269413609387675
t_shape_hallway,mcts,mcts,t_shape_hallway,t_shape_hallway,,0,t_shape_hallway/mcts/metrics_steps_t_shape_hallway_0.csv,True,21.0,0.7793751383320937
t_shape_hallway,mcts,mcts,t_shape_hallway,t_shape_hallway,,0,t_shape_hallway/mcts/metrics_steps_t_shape_hallway_0.csv,True,21.1,0.7329930831624256
t_shape_hallway,mcts,mcts,t_shape_hallway,t_shape_hallway,,0,t_shape_hallway/mcts/metrics_steps_t_shape_hallway_0.csv,True,21.2,0.6928907424617647
t_shape_hallway,mcts,mcts,t_shape_hallway,t_shape_hallway,,0,t_shape_hallway/mcts/metrics_steps_t_shape_hallway_0.csv,True,21.3,0.6592610133072532
t_shape_hallway,mcts,mcts,t_shape_hallway,t_shape_hallway,,0,t_shape_hallway/mcts/metrics_steps_t_shape_hallway_0.csv,True,21.4,0.6266595806871291
t_shape_hallway,mcts,mcts,t_shape_hallway,t_shape_hallway,,0,t_shape_hallway/mcts/metrics_steps_t_shape_hallway_0.csv,True,21.5,0.5915306427762537
t_shape_hallway,mcts,mcts,t_shape_hallway,t_shape_hallway,,0,t_shape_hallway/mcts/metrics_steps_t_shape_hallway_0.csv,True,21.6,0.5530815821562867
t_shape_hallway,mcts,mcts,t_shape_hallway,t_shape_hallway,,0,t_shape_hallway/mcts/metrics_steps_t_shape_hallway_0.csv,True,21.7,0.5099918597134845
t_shape_hallway,mcts,mcts,t_shape_hallway,t_shape_hallway,,0,t_shape_hallway/mcts/metrics_steps_t_shape_hallway_0.csv,True,21.8,0.4634083283846162
t_shape_hallway,mcts,mcts,t_shape_hallway,t_shape_hallway,,0,t_shape_hallway/mcts/metrics_steps_t_shape_hallway_0.csv,True,21.9,0.4274648287571991
t_shape_hallway,mcts,mcts,t_shape_hallway,t_shape_hallway,,0,t_shape_hallway/mcts/metrics_steps_t_shape_hallway_0.csv,True,22.0,0.392714734406526
t_shape_hallway,mcts,mcts,t_shape_hallway,t_shape_hallway,,0,t_shape_hallway/mcts/metrics_steps_t_shape_hallway_0.csv,True,22.1,0.3542857616831871
t_shape_hallway,mcts,mcts,t_shape_hallway,t_shape_hallway,,0,t_shape_hallway/mcts/metrics_steps_t_shape_hallway_0.csv,True,22.2,0.3166545009324326
t_shape_hallway,mcts,mcts,t_shape_hallway,t_shape_hallway,,0,t_shape_hallway/mcts/metrics_steps_t_shape_hallway_0.csv,True,22.3,0.2883249687582601
t_shape_hallway,mcts,mcts,t_shape_hallway,t_shape_hallway,,0,t_shape_hallway/mcts/metrics_steps_t_shape_hallway_0.csv,True,22.4,0.2727443904896101
t_shape_hallway,mcts,mcts,t_shape_hallway,t_shape_hallway,,0,t_shape_hallway/mcts/metrics_steps_t_shape_hallway_0.csv,True,22.5,0.2714550457379092
t_shape_hallway,mcts,mcts,t_shape_hallway,t_shape_hallway,,0,t_shape_hallway/mcts/metrics_steps_t_shape_hallway_0.csv,True,22.6,0.2811586683086946
t_shape_hallway,mcts,mcts,t_shape_hallway,t_shape_hallway,,0,t_shape_hallway/mcts/metrics_steps_t_shape_hallway_0.csv,True,22.7,0.2944439915650902
t_shape_hallway,mcts,mcts,t_shape_hallway,t_shape_hallway,,0,t_shape_hallway/mcts/metrics_steps_t_shape_hallway_0.csv,True,22.8,0.3078813443563466
t_shape_hallway,mcts,mcts,t_shape_hallway,t_shape_hallway,,0,t_shape_hallway/mcts/metrics_steps_t_shape_hallway_0.csv,True,22.9,0.3197554232447872
t_shape_hallway,mcts,mcts,t_shape_hallway,t_shape_hallway,,0,t_shape_hallway/mcts/metrics_steps_t_shape_hallway_0.csv,True,23.0,0.3304930218253421
t_shape_hallway,mcts,mcts,t_shape_hallway,t_shape_hallway,,0,t_shape_hallway/mcts/metrics_steps_t_shape_hallway_0.csv,True,23.1,0.342942225145866
t_shape_hallway,mcts,mcts,t_shape_hallway,t_shape_hallway,,0,t_shape_hallway/mcts/metrics_steps_t_shape_hallway_0.csv,True,23.2,0.3526406323465885
t_shape_hallway,mcts,mcts,t_shape_hallway,t_shape_hallway,,0,t_shape_hallway/mcts/metrics_steps_t_shape_hallway_0.csv,True,23.3,0.3584793714480485
t_shape_hallway,mcts,mcts,t_shape_hallway,t_shape_hallway,,0,t_shape_hallway/mcts/metrics_steps_t_shape_hallway_0.csv,True,23.4,0.3612365963127042
t_shape_hallway,mcts,mcts,t_shape_hallway,t_shape_hallway,,0,t_shape_hallway/mcts/metrics_steps_t_shape_hallway_0.csv,True,23.5,0.3603654617974217
t_shape_hallway,mcts,mcts,t_shape_hallway,t_shape_hallway,,0,t_shape_hallway/mcts/metrics_steps_t_shape_hallway_0.csv,True,23.6,0.3547886938835951
t_shape_hallway,nav2,nav2,t_shape_hallway,t_shape_hallway,,0,t_shape_hallway/nav2/metrics_steps_nav2_t_shape_hallway_0.csv,True,0.0,0.7494457617476045
t_shape_hallway,nav2,nav2,t_shape_hallway,t_shape_hallway,,0,t_shape_hallway/nav2/metrics_steps_nav2_t_shape_hallway_0.csv,True,0.1,0.7478943053927674
t_shape_hallway,nav2,nav2,t_shape_hallway,t_shape_hallway,,0,t_shape_hallway/nav2/metrics_steps_nav2_t_shape_hallway_0.csv,True,0.2,0.7478539004992772
t_shape_hallway,nav2,nav2,t_shape_hallway,t_shape_hallway,,0,t_shape_hallway/nav2/metrics_steps_nav2_t_shape_hallway_0.csv,True,0.3,0.7508267633041885
t_shape_hallway,nav2,nav2,t_shape_hallway,t_shape_hallway,,0,t_shape_hallway/nav2/metrics_steps_nav2_t_shape_hallway_0.csv,True,0.4,0.7572479765237801
t_shape_hallway,nav2,nav2,t_shape_hallway,t_shape_hallway,,0,t_shape_hallway/nav2/metrics_steps_nav2_t_shape_hallway_0.csv,True,0.5,0.7666763629728768
t_shape_hallway,nav2,nav2,t_shape_hallway,t_shape_hallway,,0,t_shape_hallway/nav2/metrics_steps_nav2_t_shape_hallway_0.csv,True,0.6,0.7781273832832312
t_shape_hallway,nav2,nav2,t_shape_hallway,t_shape_hallway,,0,t_shape_hallway/nav2/metrics_steps_nav2_t_shape_hallway_0.csv,True,0.7,0.7912945663146724
t_shape_hallway,nav2,nav2,t_shape_hallway,t_shape_hallway,,0,t_shape_hallway/nav2/metrics_steps_nav2_t_shape_hallway_0.csv,True,0.8,0.8071779297922423
t_shape_hallway,nav2,nav2,t_shape_hallway,t_shape_hallway,,0,t_shape_hallway/nav2/metrics_steps_nav2_t_shape_hallway_0.csv,True,0.9,0.8273566267064809
t_shape_hallway,nav2,nav2,t_shape_hallway,t_shape_hallway,,0,t_shape_hallway/nav2/metrics_steps_nav2_t_shape_hallway_0.csv,True,1.0,0.8537003441122566
t_shape_hallway,nav2,nav2,t_shape_hallway,t_shape_hallway,,0,t_shape_hallway/nav2/metrics_steps_nav2_t_shape_hallway_0.csv,True,1.1,0.8862072604779769
t_shape_hallway,nav2,nav2,t_shape_hallway,t_shape_hallway,,0,t_shape_hallway/nav2/metrics_steps_nav2_t_shape_hallway_0.csv,True,1.2,0.9225771947032216
t_shape_hallway,nav2,nav2,t_shape_hallway,t_shape_hallway,,0,t_shape_hallway/nav2/metrics_steps_nav2_t_shape_hallway_0.csv,True,1.3,0.962157082882942
t_shape_hallway,nav2,nav2,t_shape_hallway,t_shape_hallway,,0,t_shape_hallway/nav2/metrics_steps_nav2_t_shape_hallway_0.csv,True,1.4,1.0046834871934518
t_shape_hallway,nav2,nav2,t_shape_hallway,t_shape_hallway,,0,t_shape_hallway/nav2/metrics_steps_nav2_t_shape_hallway_0.csv,True,1.5,1.0509562103672296
t_shape_hallway,nav2,nav2,t_shape_hallway,t_shape_hallway,,0,t_shape_hallway/nav2/metrics_steps_nav2_t_shape_hallway_0.csv,True,1.6,1.099650620847584
t_shape_hallway,nav2,nav2,t_shape_hallway,t_shape_hallway,,0,t_shape_hallway/nav2/metrics_steps_nav2_t_shape_hallway_0.csv,True,1.7,1.1503876082802036
t_shape_hallway,nav2,nav2,t_shape_hallway,t_shape_hallway,,0,t_shape_hallway/nav2/metrics_steps_nav2_t_shape_hallway_0.csv,True,1.8,1.20336971230542
t_shape_hallway,nav2,nav2,t_shape_hallway,t_shape_hallway,,0,t_shape_hallway/nav2/metrics_steps_nav2_t_shape_hallway_0.csv,True,1.9,1.258438011255619
t_shape_hallway,nav2,nav2,t_shape_hallway,t_shape_hallway,,0,t_shape_hallway/nav2/metrics_steps_nav2_t_shape_hallway_0.csv,True,2.0,1.3167307246734477
t_shape_hallway,nav2,nav2,t_shape_hallway,t_shape_hallway,,0,t_shape_hallway/nav2/metrics_steps_nav2_t_shape_hallway_0.csv,True,2.1,1.3767785770141212
t_shape_hallway,nav2,nav2,t_shape_hallway,t_shape_hallway,,0,t_shape_hallway/nav2/metrics_steps_nav2_t_shape_hallway_0.csv,True,2.2,1.436953555946455
t_shape_hallway,nav2,nav2,t_shape_hallway,t_shape_hallway,,0,t_shape_hallway/nav2/metrics_steps_nav2_t_shape_hallway_0.csv,True,2.3,1.502549580232636
t_shape_hallway,nav2,nav2,t_shape_hallway,t_shape_hallway,,0,t_shape_hallway/nav2/metrics_steps_nav2_t_shape_hallway_0.csv,True,2.4,1.569673075232337
t_shape_hallway,nav2,nav2,t_shape_hallway,t_shape_hallway,,0,t_shape_hallway/nav2/metrics_steps_nav2_t_shape_hallway_0.csv,True,2.5,1.6338552452879278
t_shape_hallway,nav2,nav2,t_shape_hallway,t_shape_hallway,,0,t_shape_hallway/nav2/metrics_steps_nav2_t_shape_hallway_0.csv,True,2.6,1.7001476635128083
t_shape_hallway,nav2,nav2,t_shape_hallway,t_shape_hallway,,0,t_shape_hallway/nav2/metrics_steps_nav2_t_shape_hallway_0.csv,True,2.7,1.7719883067544155
t_shape_hallway,nav2,nav2,t_shape_hallway,t_shape_hallway,,0,t_shape_hallway/nav2/metrics_steps_nav2_t_shape_hallway_0.csv,True,2.8,1.8480696043752405
t_shape_hallway,nav2,nav2,t_shape_hallway,t_shape_hallway,,0,t_shape_hallway/nav2/metrics_steps_nav2_t_shape_hallway_0.csv,True,2.9,1.9248301200093287
t_shape_hallway,nav2,nav2,t_shape_hallway,t_shape_hallway,,0,t_shape_hallway/nav2/metrics_steps_nav2_t_shape_hallway_0.csv,True,3.0,2.0029815626835763
t_shape_hallway,nav2,nav2,t_shape_hallway,t_shape_hallway,,0,t_shape_hallway/nav2/metrics_steps_nav2_t_shape_hallway_0.csv,True,3.1,2.0804887673180525
t_shape_hallway,nav2,nav2,t_shape_hallway,t_shape_hallway,,0,t_shape_hallway/nav2/metrics_steps_nav2_t_shape_hallway_0.csv,True,3.2,2.1545506514645374
t_shape_hallway,nav2,nav2,t_shape_hallway,t_shape_hallway,,0,t_shape_hallway/nav2/metrics_steps_nav2_t_shape_hallway_0.csv,True,3.3,2.227135605483712
t_shape_hallway,nav2,nav2,t_shape_hallway,t_shape_hallway,,0,t_shape_hallway/nav2/metrics_steps_nav2_t_shape_hallway_0.csv,True,3.4,2.2997390942160068
t_shape_hallway,nav2,nav2,t_shape_hallway,t_shape_hallway,,0,t_shape_hallway/nav2/metrics_steps_nav2_t_shape_hallway_0.csv,True,3.5,2.372683993259134
t_shape_hallway,nav2,nav2,t_shape_hallway,t_shape_hallway,,0,t_shape_hallway/nav2/metrics_steps_nav2_t_shape_hallway_0.csv,True,3.6,2.447175424237608
t_shape_hallway,nav2,nav2,t_shape_hallway,t_shape_hallway,,0,t_shape_hallway/nav2/metrics_steps_nav2_t_shape_hallway_0.csv,True,3.7,2.518744208848093
t_shape_hallway,nav2,nav2,t_shape_hallway,t_shape_hallway,,0,t_shape_hallway/nav2/metrics_steps_nav2_t_shape_hallway_0.csv,True,3.8,2.58437169582636
t_shape_hallway,nav2,nav2,t_shape_hallway,t_shape_hallway,,0,t_shape_hallway/nav2/metrics_steps_nav2_t_shape_hallway_0.csv,True,3.9,2.6453147736970184
t_shape_hallway,nav2,nav2,t_shape_hallway,t_shape_hallway,,0,t_shape_hallway/nav2/metrics_steps_nav2_t_shape_hallway_0.csv,True,4.0,2.7057389103810143
t_shape_hallway,nav2,nav2,t_shape_hallway,t_shape_hallway,,0,t_shape_hallway/nav2/metrics_steps_nav2_t_shape_hallway_0.csv,True,4.1,2.7655232936807463
t_shape_hallway,nav2,nav2,t_shape_hallway,t_shape_hallway,,0,t_shape_hallway/nav2/metrics_steps_nav2_t_shape_hallway_0.csv,True,4.2,2.824617410507264
t_shape_hallway,nav2,nav2,t_shape_hallway,t_shape_hallway,,0,t_shape_hallway/nav2/metrics_steps_nav2_t_shape_hallway_0.csv,True,4.3,2.8828911660002423
t_shape_hallway,nav2,nav2,t_shape_hallway,t_shape_hallway,,0,t_shape_hallway/nav2/metrics_steps_nav2_t_shape_hallway_0.csv,True,4.4,2.9405512885932152
t_shape_hallway,nav2,nav2,t_shape_hallway,t_shape_hallway,,0,t_shape_hallway/nav2/metrics_steps_nav2_t_shape_hallway_0.csv,True,4.5,2.998837736829063
t_shape_hallway,nav2,nav2,t_shape_hallway,t_shape_hallway,,0,t_shape_hallway/nav2/metrics_steps_nav2_t_shape_hallway_0.csv,True,4.6,3.055754974844202
t_shape_hallway,nav2,nav2,t_shape_hallway,t_shape_hallway,,0,t_shape_hallway/nav2/metrics_steps_nav2_t_shape_hallway_0.csv,True,4.7,3.1140596307985824
t_shape_hallway,nav2,nav2,t_shape_hallway,t_shape_hallway,,0,t_shape_hallway/nav2/metrics_steps_nav2_t_shape_hallway_0.csv,True,4.8,3.1731290387810387
t_shape_hallway,nav2,nav2,t_shape_hallway,t_shape_hallway,,0,t_shape_hallway/nav2/metrics_steps_nav2_t_shape_hallway_0.csv,True,4.9,3.2332840561654903
t_shape_hallway,nav2,nav2,t_shape_hallway,t_shape_hallway,,0,t_shape_hallway/nav2/metrics_steps_nav2_t_shape_hallway_0.csv,True,5.0,3.290725669078877
t_shape_hallway,nav2,nav2,t_shape_hallway,t_shape_hallway,,0,t_shape_hallway/nav2/metrics_steps_nav2_t_shape_hallway_0.csv,True,5.1,3.3486179937029625
t_shape_hallway,nav2,nav2,t_shape_hallway,t_shape_hallway,,0,t_shape_hallway/nav2/metrics_steps_nav2_t_shape_hallway_0.csv,True,5.2,3.4067280501136663
t_shape_hallway,nav2,nav2,t_shape_hallway,t_shape_hallway,,0,t_shape_hallway/nav2/metrics_steps_nav2_t_shape_hallway_0.csv,True,5.3,3.4646649856061016
t_shape_hallway,nav2,nav2,t_shape_hallway,t_shape_hallway,,0,t_shape_hallway/nav2/metrics_steps_nav2_t_shape_hallway_0.csv,True,5.4,3.5233167034502886
t_shape_hallway,nav2,nav2,t_shape_hallway,t_shape_hallway,,0,t_shape_hallway/nav2/metrics_steps_nav2_t_shape_hallway_0.csv,True,5.5,3.5823328825997223
t_shape_hallway,nav2,nav2,t_shape_hallway,t_shape_hallway,,0,t_shape_hallway/nav2/metrics_steps_nav2_t_shape_hallway_0.csv,True,5.6,3.643059198223953
t_shape_hallway,nav2,nav2,t_shape_hallway,t_shape_hallway,,0,t_shape_hallway/nav2/metrics_steps_nav2_t_shape_hallway_0.csv,True,5.7,3.702312798587407
t_shape_hallway,nav2,nav2,t_shape_hallway,t_shape_hallway,,0,t_shape_hallway/nav2/metrics_steps_nav2_t_shape_hallway_0.csv,True,5.8,3.761783594847497
t_shape_hallway,nav2,nav2,t_shape_hallway,t_shape_hallway,,0,t_shape_hallway/nav2/metrics_steps_nav2_t_shape_hallway_0.csv,True,5.9,3.819878829254882
t_shape_hallway,nav2,nav2,t_shape_hallway,t_shape_hallway,,0,t_shape_hallway/nav2/metrics_steps_nav2_t_shape_hallway_0.csv,True,6.0,3.878321805717005
t_shape_hallway,nav2,nav2,t_shape_hallway,t_shape_hallway,,0,t_shape_hallway/nav2/metrics_steps_nav2_t_shape_hallway_0.csv,True,6.1,3.938004231898908
t_shape_hallway,nav2,nav2,t_shape_hallway,t_shape_hallway,,0,t_shape_hallway/nav2/metrics_steps_nav2_t_shape_hallway_0.csv,True,6.2,3.9954528826731055
t_shape_hallway,nav2,nav2,t_shape_hallway,t_shape_hallway,,0,t_shape_hallway/nav2/metrics_steps_nav2_t_shape_hallway_0.csv,True,6.3,4.049958276622022
t_shape_hallway,nav2,nav2,t_shape_hallway,t_shape_hallway,,0,t_shape_hallway/nav2/metrics_steps_nav2_t_shape_hallway_0.csv,True,6.4,4.097885844202672
t_shape_hallway,nav2,nav2,t_shape_hallway,t_shape_hallway,,0,t_shape_hallway/nav2/metrics_steps_nav2_t_shape_hallway_0.csv,True,6.5,4.156557470059656
t_shape_hallway,nav2,nav2,t_shape_hallway,t_shape_hallway,,0,t_shape_hallway/nav2/metrics_steps_nav2_t_shape_hallway_0.csv,True,6.6,4.1231406162589455
t_shape_hallway,nav2,nav2,t_shape_hallway,t_shape_hallway,,0,t_shape_hallway/nav2/metrics_steps_nav2_t_shape_hallway_0.csv,True,6.7,3.9126191348330233
t_shape_hallway,nav2,nav2,t_shape_hallway,t_shape_hallway,,0,t_shape_hallway/nav2/metrics_steps_nav2_t_shape_hallway_0.csv,True,6.8,3.699259283761237
t_shape_hallway,nav2,nav2,t_shape_hallway,t_shape_hallway,,0,t_shape_hallway/nav2/metrics_steps_nav2_t_shape_hallway_0.csv,True,6.9,3.4803965331197384
t_shape_hallway,nav2,nav2,t_shape_hallway,t_shape_hallway,,0,t_shape_hallway/nav2/metrics_steps_nav2_t_shape_hallway_0.csv,True,7.0,3.258070561535595
t_shape_hallway,nav2,nav2,t_shape_hallway,t_shape_hallway,,0,t_shape_hallway/nav2/metrics_steps_nav2_t_shape_hallway_0.csv,True,7.1,3.0325253886270462
t_shape_hallway,nav2,nav2,t_shape_hallway,t_shape_hallway,,0,t_shape_hallway/nav2/metrics_steps_nav2_t_shape_hallway_0.csv,True,7.2,2.80563969782932
t_shape_hallway,nav2,nav2,t_shape_hallway,t_shape_hallway,,0,t_shape_hallway/nav2/metrics_steps_nav2_t_shape_hallway_0.csv,True,7.3,2.582214493079768
t_shape_hallway,nav2,nav2,t_shape_hallway,t_shape_hallway,,0,t_shape_hallway/nav2/metrics_steps_nav2_t_shape_hallway_0.csv,True,7.4,2.359306710799996
t_shape_hallway,nav2,nav2,t_shape_hallway,t_shape_hallway,,0,t_shape_hallway/nav2/metrics_steps_nav2_t_shape_hallway_0.csv,True,7.5,2.1406018514276943
t_shape_hallway,nav2,nav2,t_shape_hallway,t_shape_hallway,,0,t_shape_hallway/nav2/metrics_steps_nav2_t_shape_hallway_0.csv,True,7.6,1.923473643370296
t_shape_hallway,nav2,nav2,t_shape_hallway,t_shape_hallway,,0,t_shape_hallway/nav2/metrics_steps_nav2_t_shape_hallway_0.csv,True,7.7,1.7078396994415206
t_shape_hallway,nav2,nav2,t_shape_hallway,t_shape_hallway,,0,t_shape_hallway/nav2/metrics_steps_nav2_t_shape_hallway_0.csv,True,7.8,1.4934728252690848
t_shape_hallway,nav2,nav2,t_shape_hallway,t_shape_hallway,,0,t_shape_hallway/nav2/metrics_steps_nav2_t_shape_hallway_0.csv,True,7.9,1.2809392306276377
t_shape_hallway,nav2,nav2,t_shape_hallway,t_shape_hallway,,0,t_shape_hallway/nav2/metrics_steps_nav2_t_shape_hallway_0.csv,True,8.0,1.0668673017349666
t_shape_hallway,nav2,nav2,t_shape_hallway,t_shape_hallway,,0,t_shape_hallway/nav2/metrics_steps_nav2_t_shape_hallway_0.csv,True,8.1,0.8559433335597038
t_shape_hallway,nav2,nav2,t_shape_hallway,t_shape_hallway,,0,t_shape_hallway/nav2/metrics_steps_nav2_t_shape_hallway_0.csv,True,8.2,0.6568715216225558
t_shape_hallway,nav2,nav2,t_shape_hallway,t_shape_hallway,,0,t_shape_hallway/nav2/metrics_steps_nav2_t_shape_hallway_0.csv,True,8.3,0.4724051838390974
t_shape_hallway,nav2,nav2,t_shape_hallway,t_shape_hallway,,0,t_shape_hallway/nav2/metrics_steps_nav2_t_shape_hallway_0.csv,True,8.4,0.3077245839955249
t_shape_hallway,nav2,nav2,t_shape_hallway,t_shape_hallway,,0,t_shape_hallway/nav2/metrics_steps_nav2_t_shape_hallway_0.csv,True,8.5,0.1721380400614558
t_shape_hallway,nav2,nav2,t_shape_hallway,t_shape_hallway,,0,t_shape_hallway/nav2/metrics_steps_nav2_t_shape_hallway_0.csv,True,8.6,0.0901898403036215
t_shape_hallway,nav2,nav2,t_shape_hallway,t_shape_hallway,,0,t_shape_hallway/nav2/metrics_steps_nav2_t_shape_hallway_0.csv,True,8.7,0.0727830620385509
t_shape_hallway,nav2,nav2,t_shape_hallway,t_shape_hallway,,0,t_shape_hallway/nav2/metrics_steps_nav2_t_shape_hallway_0.csv,True,8.8,0.1060424191846007
t_shape_hallway,nav2,nav2,t_shape_hallway,t_shape_hallway,,0,t_shape_hallway/nav2/metrics_steps_nav2_t_shape_hallway_0.csv,True,8.9,0.1613283927780114
t_shape_hallway,nav2,nav2,t_shape_hallway,t_shape_hallway,,0,t_shape_hallway/nav2/metrics_steps_nav2_t_shape_hallway_0.csv,True,9.0,0.2150457799635607
t_shape_hallway,nav2,nav2,t_shape_hallway,t_shape_hallway,,0,t_shape_hallway/nav2/metrics_steps_nav2_t_shape_hallway_0.csv,True,9.1,0.2524508819659832
t_shape_hallway,nav2,nav2,t_shape_hallway,t_shape_hallway,,0,t_shape_hallway/nav2/metrics_steps_nav2_t_shape_hallway_0.csv,True,9.2,0.2652379284165052
t_shape_hallway,nav2,nav2,t_shape_hallway,t_shape_hallway,,0,t_shape_hallway/nav2/metrics_steps_nav2_t_shape_hallway_0.csv,True,9.3,0.2564765360623968
t_shape_hallway,nav2,nav2,t_shape_hallway,t_shape_hallway,,0,t_shape_hallway/nav2/metrics_steps_nav2_t_shape_hallway_0.csv,True,9.4,0.236893416668669
t_shape_hallway,nav2,nav2,t_shape_hallway,t_shape_hallway,,0,t_shape_hallway/nav2/metrics_steps_nav2_t_shape_hallway_0.csv,True,9.5,0.2162386411640489
t_shape_hallway,nav2,nav2,t_shape_hallway,t_shape_hallway,,0,t_shape_hallway/nav2/metrics_steps_nav2_t_shape_hallway_0.csv,True,9.6,0.2012012045518609
t_shape_hallway,nav2,nav2,t_shape_hallway,t_shape_hallway,,0,t_shape_hallway/nav2/metrics_steps_nav2_t_shape_hallway_0.csv,True,9.7,0.1958551582339646
t_shape_hallway,nav2,nav2,t_shape_hallway,t_shape_hallway,,0,t_shape_hallway/nav2/metrics_steps_nav2_t_shape_hallway_0.csv,True,9.8,0.2015226586951404
t_shape_hallway,nav2,nav2,t_shape_hallway,t_shape_hallway,,0,t_shape_hallway/nav2/metrics_steps_nav2_t_shape_hallway_0.csv,True,9.9,0.2183564968156931
t_shape_hallway,nav2,nav2,t_shape_hallway,t_shape_hallway,,0,t_shape_hallway/nav2/metrics_steps_nav2_t_shape_hallway_0.csv,True,10.0,0.2391721460943965
t_shape_hallway,nav2,nav2,t_shape_hallway,t_shape_hallway,,0,t_shape_hallway/nav2/metrics_steps_nav2_t_shape_hallway_0.csv,True,10.1,0.2566643730319315
t_shape_hallway,nav2,nav2,t_shape_hallway,t_shape_hallway,,0,t_shape_hallway/nav2/metrics_steps_nav2_t_shape_hallway_0.csv,True,10.2,0.2684221712749681
t_shape_hallway,nav2,nav2,t_shape_hallway,t_shape_hallway,,0,t_shape_hallway/nav2/metrics_steps_nav2_t_shape_hallway_0.csv,True,10.3,0.2745108807538665
t_shape_hallway,nav2,nav2,t_shape_hallway,t_shape_hallway,,0,t_shape_hallway/nav2/metrics_steps_nav2_t_shape_hallway_0.csv,True,10.4,0.2750006808317728
t_shape_hallway,nav2,nav2,t_shape_hallway,t_shape_hallway,,0,t_shape_hallway/nav2/metrics_steps_nav2_t_shape_hallway_0.csv,True,10.5,0.2720723938475271
t_shape_hallway,nav2,nav2,t_shape_hallway,t_shape_hallway,,0,t_shape_hallway/nav2/metrics_steps_nav2_t_shape_hallway_0.csv,True,10.6,0.2710961782718042
t_shape_hallway,nav2,nav2,t_shape_hallway,t_shape_hallway,,0,t_shape_hallway/nav2/metrics_steps_nav2_t_shape_hallway_0.csv,True,10.7,0.2783435568609131
t_shape_hallway,nav2,nav2,t_shape_hallway,t_shape_hallway,,0,t_shape_hallway/nav2/metrics_steps_nav2_t_shape_hallway_0.csv,True,10.8,0.2992167185918877
t_shape_hallway,nav2,nav2,t_shape_hallway,t_shape_hallway,,0,t_shape_hallway/nav2/metrics_steps_nav2_t_shape_hallway_0.csv,True,10.9,0.338979890583742
t_shape_hallway,nav2,nav2,t_shape_hallway,t_shape_hallway,,0,t_shape_hallway/nav2/metrics_steps_nav2_t_shape_hallway_0.csv,True,11.0,0.3991762324550181
t_shape_hallway,nav2,nav2,t_shape_hallway,t_shape_hallway,,0,t_shape_hallway/nav2/metrics_steps_nav2_t_shape_hallway_0.csv,True,11.1,0.4852619463501548
t_shape_hallway,nav2,nav2,t_shape_hallway,t_shape_hallway,,0,t_shape_hallway/nav2/metrics_steps_nav2_t_shape_hallway_0.csv,True,11.2,0.5938417791580843
t_shape_hallway,nav2,nav2,t_shape_hallway,t_shape_hallway,,0,t_shape_hallway/nav2/metrics_steps_nav2_t_shape_hallway_0.csv,True,11.3,0.7227443253092978
t_shape_hallway,nav2,nav2,t_shape_hallway,t_shape_hallway,,0,t_shape_hallway/nav2/metrics_steps_nav2_t_shape_hallway_0.csv,True,11.4,0.8677980765014004
t_shape_hallway,nav2,nav2,t_shape_hallway,t_shape_hallway,,0,t_shape_hallway/nav2/metrics_steps_nav2_t_shape_hallway_0.csv,True,11.5,1.0286186412600602
t_shape_hallway,nav2,nav2,t_shape_hallway,t_shape_hallway,,0,t_shape_hallway/nav2/metrics_steps_nav2_t_shape_hallway_0.csv,True,11.6,1.20142395474534
t_shape_hallway,nav2,nav2,t_shape_hallway,t_shape_hallway,,0,t_shape_hallway/nav2/metrics_steps_nav2_t_shape_hallway_0.csv,True,11.7,1.3879183172609917
t_shape_hallway,nav2,nav2,t_shape_hallway,t_shape_hallway,,0,t_shape_hallway/nav2/metrics_steps_nav2_t_shape_hallway_0.csv,True,11.8,1.5777917289854084
t_shape_hallway,nav2,nav2,t_shape_hallway,t_shape_hallway,,0,t_shape_hallway/nav2/metrics_steps_nav2_t_shape_hallway_0.csv,True,11.9,1.770193347193448
t_shape_hallway,nav2,nav2,t_shape_hallway,t_shape_hallway,,0,t_shape_hallway/nav2/metrics_steps_nav2_t_shape_hallway_0.csv,True,12.0,1.9672650846975728
t_shape_hallway,nav2,nav2,t_shape_hallway,t_shape_hallway,,0,t_shape_hallway/nav2/metrics_steps_nav2_t_shape_hallway_0.csv,True,12.1,2.16741556518818
t_shape_hallway,nav2,nav2,t_shape_hallway,t_shape_hallway,,0,t_shape_hallway/nav2/metrics_steps_nav2_t_shape_hallway_0.csv,True,12.2,2.3702823327958606
t_shape_hallway,nav2,nav2,t_shape_hallway,t_shape_hallway,,0,t_shape_hallway/nav2/metrics_steps_nav2_t_shape_hallway_0.csv,True,12.3,2.581855712420924
t_shape_hallway,nav2,nav2,t_shape_hallway,t_shape_hallway,,0,t_shape_hallway/nav2/metrics_steps_nav2_t_shape_hallway_0.csv,True,12.4,2.794219060342513
t_shape_hallway,nav2,nav2,t_shape_hallway,t_shape_hallway,,0,t_shape_hallway/nav2/metrics_steps_nav2_t_shape_hallway_0.csv,True,12.5,3.0105001795029134
t_shape_hallway,nav2,nav2,t_shape_hallway,t_shape_hallway,,0,t_shape_hallway/nav2/metrics_steps_nav2_t_shape_hallway_0.csv,True,12.6,3.2251937912851933
t_shape_hallway,nav2,nav2,t_shape_hallway,t_shape_hallway,,0,t_shape_hallway/nav2/metrics_steps_nav2_t_shape_hallway_0.csv,True,12.7,3.4405815847283776
t_shape_hallway,nav2,nav2,t_shape_hallway,t_shape_hallway,,0,t_shape_hallway/nav2/metrics_steps_nav2_t_shape_hallway_0.csv,True,12.8,3.653543056219823
t_shape_hallway,nav2,nav2,t_shape_hallway,t_shape_hallway,,0,t_shape_hallway/nav2/metrics_steps_nav2_t_shape_hallway_0.csv,True,12.9,3.868125764517859
t_shape_hallway,nav2,nav2,t_shape_hallway,t_shape_hallway,,0,t_shape_hallway/nav2/metrics_steps_nav2_t_shape_hallway_0.csv,True,13.0,4.081028257249884
t_shape_hallway,nav2,nav2,t_shape_hallway,t_shape_hallway,,0,t_shape_hallway/nav2/metrics_steps_nav2_t_shape_hallway_0.csv,True,13.1,4.297962265673148
t_shape_hallway,nav2,nav2,t_shape_hallway,t_shape_hallway,,0,t_shape_hallway/nav2/metrics_steps_nav2_t_shape_hallway_0.csv,True,13.2,4.507191955436484
t_shape_hallway,nav2,nav2,t_shape_hallway,t_shape_hallway,,0,t_shape_hallway/nav2/metrics_steps_nav2_t_shape_hallway_0.csv,True,13.3,4.716691889168547
t_shape_hallway,nav2,nav2,t_shape_hallway,t_shape_hallway,,0,t_shape_hallway/nav2/metrics_steps_nav2_t_shape_hallway_0.csv,True,13.4,4.920889185567266
t_shape_hallway,nav2,nav2,t_shape_hallway,t_shape_hallway,,0,t_shape_hallway/nav2/metrics_steps_nav2_t_shape_hallway_0.csv,True,13.5,5.128228316611919
t_shape_hallway,nav2,nav2,t_shape_hallway,t_shape_hallway,,0,t_shape_hallway/nav2/metrics_steps_nav2_t_shape_hallway_0.csv,True,13.6,5.335833476548088
t_shape_hallway,nav2,nav2,t_shape_hallway,t_shape_hallway,,0,t_shape_hallway/nav2/metrics_steps_nav2_t_shape_hallway_0.csv,True,13.7,5.543809469288466
t_shape_hallway,nav2,nav2,t_shape_hallway,t_shape_hallway,,0,t_shape_hallway/nav2/metrics_steps_nav2_t_shape_hallway_0.csv,True,13.8,5.752209502928167
t_shape_hallway,nav2,nav2,t_shape_hallway,t_shape_hallway,,0,t_shape_hallway/nav2/metrics_steps_nav2_t_shape_hallway_0.csv,True,13.9,5.960745544120214
t_shape_hallway,nav2,nav2,t_shape_hallway,t_shape_hallway,,0,t_shape_hallway/nav2/metrics_steps_nav2_t_shape_hallway_0.csv,True,14.0,6.170916881951019
t_shape_hallway,nav2,nav2,t_shape_hallway,t_shape_hallway,,0,t_shape_hallway/nav2/metrics_steps_nav2_t_shape_hallway_0.csv,True,14.1,6.386295536360951
t_shape_hallway,nav2,nav2,t_shape_hallway,t_shape_hallway,,0,t_shape_hallway/nav2/metrics_steps_nav2_t_shape_hallway_0.csv,True,14.2,6.600672219329924
t_shape_hallway,nav2,nav2,t_shape_hallway,t_shape_hallway,,0,t_shape_hallway/nav2/metrics_steps_nav2_t_shape_hallway_0.csv,True,14.3,6.810583042665782
t_shape_hallway,nav2,nav2,t_shape_hallway,t_shape_hallway,,0,t_shape_hallway/nav2/metrics_steps_nav2_t_shape_hallway_0.csv,True,14.4,7.019056667811614
t_shape_hallway,nav2,nav2,t_shape_hallway,t_shape_hallway,,0,t_shape_hallway/nav2/metrics_steps_nav2_t_shape_hallway_0.csv,True,14.5,7.22419462574038
t_shape_hallway,nav2,nav2,t_shape_hallway,t_shape_hallway,,0,t_shape_hallway/nav2/metrics_steps_nav2_t_shape_hallway_0.csv,True,14.6,7.4263583657832
t_shape_hallway,nav2,nav2,t_shape_hallway,t_shape_hallway,,0,t_shape_hallway/nav2/metrics_steps_nav2_t_shape_hallway_0.csv,True,14.7,7.61936463935035
t_shape_hallway,nav2,nav2,t_shape_hallway,t_shape_hallway,,0,t_shape_hallway/nav2/metrics_steps_nav2_t_shape_hallway_0.csv,True,14.8,7.800379310667429
t_shape_hallway,nav2,nav2,t_shape_hallway,t_shape_hallway,,0,t_shape_hallway/nav2/metrics_steps_nav2_t_shape_hallway_0.csv,True,14.9,7.9808118397006655
t_shape_hallway,nav2,nav2,t_shape_hallway,t_shape_hallway,,0,t_shape_hallway/nav2/metrics_steps_nav2_t_shape_hallway_0.csv,True,15.0,8.159768106992855
t_shape_hallway,nav2,nav2,t_shape_hallway,t_shape_hallway,,0,t_shape_hallway/nav2/metrics_steps_nav2_t_shape_hallway_0.csv,True,15.1,8.323298292937023
t_shape_hallway,nav2,nav2,t_shape_hallway,t_shape_hallway,,0,t_shape_hallway/nav2/metrics_steps_nav2_t_shape_hallway_0.csv,True,15.2,8.257726219325342
t_shape_hallway,nav2,nav2,t_shape_hallway,t_shape_hallway,,0,t_shape_hallway/nav2/metrics_steps_nav2_t_shape_hallway_0.csv,True,15.3,8.185998284954566
t_shape_hallway,nav2,nav2,t_shape_hallway,t_shape_hallway,,0,t_shape_hallway/nav2/metrics_steps_nav2_t_shape_hallway_0.csv,True,15.4,8.115074966651829
t_shape_hallway,nav2,nav2,t_shape_hallway,t_shape_hallway,,0,t_shape_hallway/nav2/metrics_steps_nav2_t_shape_hallway_0.csv,True,15.5,8.043670775178898
t_shape_hallway,nav2,nav2,t_shape_hallway,t_shape_hallway,,0,t_shape_hallway/nav2/metrics_steps_nav2_t_shape_hallway_0.csv,True,15.6,7.972797461091133
t_shape_hallway,nav2,nav2,t_shape_hallway,t_shape_hallway,,0,t_shape_hallway/nav2/metrics_steps_nav2_t_shape_hallway_0.csv,True,15.7,7.90428407475861
t_shape_hallway,nav2,nav2,t_shape_hallway,t_shape_hallway,,0,t_shape_hallway/nav2/metrics_steps_nav2_t_shape_hallway_0.csv,True,15.8,7.835770508314933
t_shape_hallway,nav2,nav2,t_shape_hallway,t_shape_hallway,,0,t_shape_hallway/nav2/metrics_steps_nav2_t_shape_hallway_0.csv,True,15.9,7.766885390453751
t_shape_hallway,nav2,nav2,t_shape_hallway,t_shape_hallway,,0,t_shape_hallway/nav2/metrics_steps_nav2_t_shape_hallway_0.csv,True,16.0,7.696556897656787
t_shape_hallway,nav2,nav2,t_shape_hallway,t_shape_hallway,,0,t_shape_hallway/nav2/metrics_steps_nav2_t_shape_hallway_0.csv,True,16.1,7.6266993224908735
t_shape_hallway,nav2,nav2,t_shape_hallway,t_shape_hallway,,0,t_shape_hallway/nav2/metrics_steps_nav2_t_shape_hallway_0.csv,True,16.2,7.558475623885332
t_shape_hallway,nav2,nav2,t_shape_hallway,t_shape_hallway,,0,t_shape_hallway/nav2/metrics_steps_nav2_t_shape_hallway_0.csv,True,16.3,7.484702052173512
t_shape_hallway,nav2,nav2,t_shape_hallway,t_shape_hallway,,0,t_shape_hallway/nav2/metrics_steps_nav2_t_shape_hallway_0.csv,True,16.4,7.414679726528378
t_shape_hallway,nav2,nav2,t_shape_hallway,t_shape_hallway,,0,t_shape_hallway/nav2/metrics_steps_nav2_t_shape_hallway_0.csv,True,16.5,7.348365309539519
t_shape_hallway,nav2,nav2,t_shape_hallway,t_shape_hallway,,0,t_shape_hallway/nav2/metrics_steps_nav2_t_shape_hallway_0.csv,True,16.6,7.28262966386699
t_shape_hallway,nav2,nav2,t_shape_hallway,t_shape_hallway,,0,t_shape_hallway/nav2/metrics_steps_nav2_t_shape_hallway_0.csv,True,16.7,7.214827667863694
t_shape_hallway,nav2,nav2,t_shape_hallway,t_shape_hallway,,0,t_shape_hallway/nav2/metrics_steps_nav2_t_shape_hallway_0.csv,True,16.8,7.1445413934593045
t_shape_hallway,nav2,nav2,t_shape_hallway,t_shape_hallway,,0,t_shape_hallway/nav2/metrics_steps_nav2_t_shape_hallway_0.csv,True,16.9,7.07356787892465
t_shape_hallway,nav2,nav2,t_shape_hallway,t_shape_hallway,,0,t_shape_hallway/nav2/metrics_steps_nav2_t_shape_hallway_0.csv,True,17.0,7.007797887138862
t_shape_hallway,nav2,nav2,t_shape_hallway,t_shape_hallway,,0,t_shape_hallway/nav2/metrics_steps_nav2_t_shape_hallway_0.csv,True,17.1,6.945245278353544
t_shape_hallway,nav2,nav2,t_shape_hallway,t_shape_hallway,,0,t_shape_hallway/nav2/metrics_steps_nav2_t_shape_hallway_0.csv,True,17.2,6.888785938668785
t_shape_hallway,nav2,nav2,t_shape_hallway,t_shape_hallway,,0,t_shape_hallway/nav2/metrics_steps_nav2_t_shape_hallway_0.csv,True,17.3,6.83520002330005
t_shape_hallway,nav2,nav2,t_shape_hallway,t_shape_hallway,,0,t_shape_hallway/nav2/metrics_steps_nav2_t_shape_hallway_0.csv,True,17.4,6.782422400007742
t_shape_hallway,nav2,nav2,t_shape_hallway,t_shape_hallway,,0,t_shape_hallway/nav2/metrics_steps_nav2_t_shape_hallway_0.csv,True,17.5,6.727061848124349
t_shape_hallway,nav2,nav2,t_shape_hallway,t_shape_hallway,,0,t_shape_hallway/nav2/metrics_steps_nav2_t_shape_hallway_0.csv,True,17.6,6.669228665015352
t_shape_hallway,nav2,nav2,t_shape_hallway,t_shape_hallway,,0,t_shape_hallway/nav2/metrics_steps_nav2_t_shape_hallway_0.csv,True,17.7,6.602009565251615
t_shape_hallway,nav2,nav2,t_shape_hallway,t_shape_hallway,,0,t_shape_hallway/nav2/metrics_steps_nav2_t_shape_hallway_0.csv,True,17.8,6.531969160519905
t_shape_hallway,nav2,nav2,t_shape_hallway,t_shape_hallway,,0,t_shape_hallway/nav2/metrics_steps_nav2_t_shape_hallway_0.csv,True,17.9,6.463869380768304
t_shape_hallway,nav2,nav2,t_shape_hallway,t_shape_hallway,,0,t_shape_hallway/nav2/metrics_steps_nav2_t_shape_hallway_0.csv,True,18.0,6.3975828169623
t_shape_hallway,nav2,nav2,t_shape_hallway,t_shape_hallway,,0,t_shape_hallway/nav2/metrics_steps_nav2_t_shape_hallway_0.csv,True,18.1,6.330872664687992
t_shape_hallway,nav2,nav2,t_shape_hallway,t_shape_hallway,,0,t_shape_hallway/nav2/metrics_steps_nav2_t_shape_hallway_0.csv,True,18.2,6.258296654290975
t_shape_hallway,nav2,nav2,t_shape_hallway,t_shape_hallway,,0,t_shape_hallway/nav2/metrics_steps_nav2_t_shape_hallway_0.csv,True,18.3,6.185045005293506
t_shape_hallway,nav2,nav2,t_shape_hallway,t_shape_hallway,,0,t_shape_hallway/nav2/metrics_steps_nav2_t_shape_hallway_0.csv,True,18.4,6.110692015681708
t_shape_hallway,nav2,nav2,t_shape_hallway,t_shape_hallway,,0,t_shape_hallway/nav2/metrics_steps_nav2_t_shape_hallway_0.csv,True,18.5,6.0351143200047535
t_shape_hallway,nav2,nav2,t_shape_hallway,t_shape_hallway,,0,t_shape_hallway/nav2/metrics_steps_nav2_t_shape_hallway_0.csv,True,18.6,5.96447180845276
t_shape_hallway,nav2,nav2,t_shape_hallway,t_shape_hallway,,0,t_shape_hallway/nav2/metrics_steps_nav2_t_shape_hallway_0.csv,True,18.7,5.89516466150944
t_shape_hallway,nav2,nav2,t_shape_hallway,t_shape_hallway,,0,t_shape_hallway/nav2/metrics_steps_nav2_t_shape_hallway_0.csv,True,18.8,5.822986974403928
t_shape_hallway,nav2,nav2,t_shape_hallway,t_shape_hallway,,0,t_shape_hallway/nav2/metrics_steps_nav2_t_shape_hallway_0.csv,True,18.9,5.751563293154971
t_shape_hallway,nav2,nav2,t_shape_hallway,t_shape_hallway,,0,t_shape_hallway/nav2/metrics_steps_nav2_t_shape_hallway_0.csv,True,19.0,5.683122316257443
t_shape_hallway,nav2,nav2,t_shape_hallway,t_shape_hallway,,0,t_shape_hallway/nav2/metrics_steps_nav2_t_shape_hallway_0.csv,True,19.1,5.613820825745552
t_shape_hallway,nav2,nav2,t_shape_hallway,t_shape_hallway,,0,t_shape_hallway/nav2/metrics_steps_nav2_t_shape_hallway_0.csv,True,19.2,5.550832180161742
t_shape_hallway,nav2,nav2,t_shape_hallway,t_shape_hallway,,0,t_shape_hallway/nav2/metrics_steps_nav2_t_shape_hallway_0.csv,True,19.3,5.486155002822671
t_shape_hallway,nav2,nav2,t_shape_hallway,t_shape_hallway,,0,t_shape_hallway/nav2/metrics_steps_nav2_t_shape_hallway_0.csv,True,19.4,5.426504667580479
t_shape_hallway,nav2,nav2,t_shape_hallway,t_shape_hallway,,0,t_shape_hallway/nav2/metrics_steps_nav2_t_shape_hallway_0.csv,True,19.5,5.367939977617193
t_shape_hallway,nav2,nav2,t_shape_hallway,t_shape_hallway,,0,t_shape_hallway/nav2/metrics_steps_nav2_t_shape_hallway_0.csv,True,19.6,5.312726098635015
t_shape_hallway,nav2,nav2,t_shape_hallway,t_shape_hallway,,0,t_shape_hallway/nav2/metrics_steps_nav2_t_shape_hallway_0.csv,True,19.7,5.258520184133346
t_shape_hallway,nav2,nav2,t_shape_hallway,t_shape_hallway,,0,t_shape_hallway/nav2/metrics_steps_nav2_t_shape_hallway_0.csv,True,19.8,5.204842380806271
t_shape_hallway,nav2,nav2,t_shape_hallway,t_shape_hallway,,0,t_shape_hallway/nav2/metrics_steps_nav2_t_shape_hallway_0.csv,True,19.9,5.146605761849332
t_shape_hallway,nav2,nav2,t_shape_hallway,t_shape_hallway,,0,t_shape_hallway/nav2/metrics_steps_nav2_t_shape_hallway_0.csv,True,20.0,5.083008157410487
t_shape_hallway,nav2,nav2,t_shape_hallway,t_shape_hallway,,0,t_shape_hallway/nav2/metrics_steps_nav2_t_shape_hallway_0.csv,True,20.1,5.013702195075212
t_shape_hallway,nav2,nav2,t_shape_hallway,t_shape_hallway,,0,t_shape_hallway/nav2/metrics_steps_nav2_t_shape_hallway_0.csv,True,20.2,4.945186985311301
t_shape_hallway,nav2,nav2,t_shape_hallway,t_shape_hallway,,0,t_shape_hallway/nav2/metrics_steps_nav2_t_shape_hallway_0.csv,True,20.3,4.874322425616093
t_shape_hallway,nav2,nav2,t_shape_hallway,t_shape_hallway,,0,t_shape_hallway/nav2/metrics_steps_nav2_t_shape_hallway_0.csv,True,20.4,4.801608961647338
t_shape_hallway,nav2,nav2,t_shape_hallway,t_shape_hallway,,0,t_shape_hallway/nav2/metrics_steps_nav2_t_shape_hallway_0.csv,True,20.5,4.720405878490668
t_shape_hallway,nav2,nav2,t_shape_hallway,t_shape_hallway,,0,t_shape_hallway/nav2/metrics_steps_nav2_t_shape_hallway_0.csv,True,20.6,4.639396101256144
t_shape_hallway,nav2,nav2,t_shape_hallway,t_shape_hallway,,0,t_shape_hallway/nav2/metrics_steps_nav2_t_shape_hallway_0.csv,True,20.7,4.566881500930777
t_shape_hallway,nav2,nav2,t_shape_hallway,t_shape_hallway,,0,t_shape_hallway/nav2/metrics_steps_nav2_t_shape_hallway_0.csv,True,20.8,4.499160809066376
t_shape_hallway,nav2,nav2,t_shape_hallway,t_shape_hallway,,0,t_shape_hallway/nav2/metrics_steps_nav2_t_shape_hallway_0.csv,True,20.9,4.431014436152089
t_shape_hallway,nav2,nav2,t_shape_hallway,t_shape_hallway,,0,t_shape_hallway/nav2/metrics_steps_nav2_t_shape_hallway_0.csv,True,21.0,4.362594128259152
t_shape_hallway,nav2,nav2,t_shape_hallway,t_shape_hallway,,0,t_shape_hallway/nav2/metrics_steps_nav2_t_shape_hallway_0.csv,True,21.1,4.294673198463657
t_shape_hallway,nav2,nav2,t_shape_hallway,t_shape_hallway,,0,t_shape_hallway/nav2/metrics_steps_nav2_t_shape_hallway_0.csv,True,21.2,4.226602212644648
t_shape_hallway,nav2,nav2,t_shape_hallway,t_shape_hallway,,0,t_shape_hallway/nav2/metrics_steps_nav2_t_shape_hallway_0.csv,True,21.3,4.160185886258136
t_shape_hallway,nav2,nav2,t_shape_hallway,t_shape_hallway,,0,t_shape_hallway/nav2/metrics_steps_nav2_t_shape_hallway_0.csv,True,21.4,4.088147546509204
t_shape_hallway,nav2,nav2,t_shape_hallway,t_shape_hallway,,0,t_shape_hallway/nav2/metrics_steps_nav2_t_shape_hallway_0.csv,True,21.5,4.018431668426601
t_shape_hallway,nav2,nav2,t_shape_hallway,t_shape_hallway,,0,t_shape_hallway/nav2/metrics_steps_nav2_t_shape_hallway_0.csv,True,21.6,3.9514238853348287
t_shape_hallway,nav2,nav2,t_shape_hallway,t_shape_hallway,,0,t_shape_hallway/nav2/metrics_steps_nav2_t_shape_hallway_0.csv,True,21.7,3.8811523233869383
t_shape_hallway,nav2,nav2,t_shape_hallway,t_shape_hallway,,0,t_shape_hallway/nav2/metrics_steps_nav2_t_shape_hallway_0.csv,True,21.8,3.812492618505586
t_shape_hallway,nav2,nav2,t_shape_hallway,t_shape_hallway,,0,t_shape_hallway/nav2/metrics_steps_nav2_t_shape_hallway_0.csv,True,21.9,3.745914032396538
t_shape_hallway,nav2,nav2,t_shape_hallway,t_shape_hallway,,0,t_shape_hallway/nav2/metrics_steps_nav2_t_shape_hallway_0.csv,True,22.0,3.683716924053231
t_shape_hallway,nav2,nav2,t_shape_hallway,t_shape_hallway,,0,t_shape_hallway/nav2/metrics_steps_nav2_t_shape_hallway_0.csv,True,22.1,3.62384923758866
t_shape_hallway,nav2,nav2,t_shape_hallway,t_shape_hallway,,0,t_shape_hallway/nav2/metrics_steps_nav2_t_shape_hallway_0.csv,True,22.2,3.5639972040116925
t_shape_hallway,nav2,nav2,t_shape_hallway,t_shape_hallway,,0,t_shape_hallway/nav2/metrics_steps_nav2_t_shape_hallway_0.csv,True,22.3,3.5043291474974048
t_shape_hallway,nav2,nav2,t_shape_hallway,t_shape_hallway,,0,t_shape_hallway/nav2/metrics_steps_nav2_t_shape_hallway_0.csv,True,22.4,3.4425686517844616
t_shape_hallway,nav2,nav2,t_shape_hallway,t_shape_hallway,,0,t_shape_hallway/nav2/metrics_steps_nav2_t_shape_hallway_0.csv,True,22.5,3.3806928657882143
t_shape_hallway,nav2,nav2,t_shape_hallway,t_shape_hallway,,0,t_shape_hallway/nav2/metrics_steps_nav2_t_shape_hallway_0.csv,True,22.6,3.320380227435061
t_shape_hallway,nav2,nav2,t_shape_hallway,t_shape_hallway,,0,t_shape_hallway/nav2/metrics_steps_nav2_t_shape_hallway_0.csv,True,22.7,3.24619856819841
t_shape_hallway,nav2,nav2,t_shape_hallway,t_shape_hallway,,0,t_shape_hallway/nav2/metrics_steps_nav2_t_shape_hallway_0.csv,True,22.8,3.176126409365029
t_shape_hallway,nav2,nav2,t_shape_hallway,t_shape_hallway,,0,t_shape_hallway/nav2/metrics_steps_nav2_t_shape_hallway_0.csv,True,22.9,3.1069315998599425
t_shape_hallway,nav2,nav2,t_shape_hallway,t_shape_hallway,,0,t_shape_hallway/nav2/metrics_steps_nav2_t_shape_hallway_0.csv,True,23.0,3.039711272155649
t_shape_hallway,nav2,nav2,t_shape_hallway,t_shape_hallway,,0,t_shape_hallway/nav2/metrics_steps_nav2_t_shape_hallway_0.csv,True,23.1,2.970369230734553
t_shape_hallway,nav2,nav2,t_shape_hallway,t_shape_hallway,,0,t_shape_hallway/nav2/metrics_steps_nav2_t_shape_hallway_0.csv,True,23.2,2.9000844361138367
t_shape_hallway,nav2,nav2,t_shape_hallway,t_shape_hallway,,0,t_shape_hallway/nav2/metrics_steps_nav2_t_shape_hallway_0.csv,True,23.3,2.830082503158199
t_shape_hallway,nav2,nav2,t_shape_hallway,t_shape_hallway,,0,t_shape_hallway/nav2/metrics_steps_nav2_t_shape_hallway_0.csv,True,23.4,2.7595461187425108
t_shape_hallway,nav2,nav2,t_shape_hallway,t_shape_hallway,,0,t_shape_hallway/nav2/metrics_steps_nav2_t_shape_hallway_0.csv,True,23.5,2.6886135372227766
t_shape_hallway,nav2,nav2,t_shape_hallway,t_shape_hallway,,0,t_shape_hallway/nav2/metrics_steps_nav2_t_shape_hallway_0.csv,True,23.6,2.6150113863384803
t_shape_hallway,nav2,nav2,t_shape_hallway,t_shape_hallway,,0,t_shape_hallway/nav2/metrics_steps_nav2_t_shape_hallway_0.csv,True,23.7,2.5447441295195
t_shape_hallway,nav2,nav2,t_shape_hallway,t_shape_hallway,,0,t_shape_hallway/nav2/metrics_steps_nav2_t_shape_hallway_0.csv,True,23.8,2.4785720445430077
t_shape_hallway,nav2,nav2,t_shape_hallway,t_shape_hallway,,0,t_shape_hallway/nav2/metrics_steps_nav2_t_shape_hallway_0.csv,True,23.9,2.414895389864333
t_shape_hallway,nav2,nav2,t_shape_hallway,t_shape_hallway,,0,t_shape_hallway/nav2/metrics_steps_nav2_t_shape_hallway_0.csv,True,24.0,2.3585163381646232
t_shape_hallway,nav2,nav2,t_shape_hallway,t_shape_hallway,,0,t_shape_hallway/nav2/metrics_steps_nav2_t_shape_hallway_0.csv,True,24.1,2.307863936616801
t_shape_hallway,nav2,nav2,t_shape_hallway,t_shape_hallway,,0,t_shape_hallway/nav2/metrics_steps_nav2_t_shape_hallway_0.csv,True,24.2,2.2604853922691244
t_shape_hallway,nav2,nav2,t_shape_hallway,t_shape_hallway,,0,t_shape_hallway/nav2/metrics_steps_nav2_t_shape_hallway_0.csv,True,24.3,2.2123237439600025
t_shape_hallway,nav2,nav2,t_shape_hallway,t_shape_hallway,,0,t_shape_hallway/nav2/metrics_steps_nav2_t_shape_hallway_0.csv,True,24.4,2.15472212475611
t_shape_hallway,nav2,nav2,t_shape_hallway,t_shape_hallway,,0,t_shape_hallway/nav2/metrics_steps_nav2_t_shape_hallway_0.csv,True,24.5,2.0998825398572927
t_shape_hallway,nav2,nav2,t_shape_hallway,t_shape_hallway,,0,t_shape_hallway/nav2/metrics_steps_nav2_t_shape_hallway_0.csv,True,24.6,2.040250267719074
t_shape_hallway,nav2,nav2,t_shape_hallway,t_shape_hallway,,0,t_shape_hallway/nav2/metrics_steps_nav2_t_shape_hallway_0.csv,True,24.7,1.973110425783767
t_shape_hallway,nav2,nav2,t_shape_hallway,t_shape_hallway,,0,t_shape_hallway/nav2/metrics_steps_nav2_t_shape_hallway_0.csv,True,24.8,1.903160633601669
t_shape_hallway,nav2,nav2,t_shape_hallway,t_shape_hallway,,0,t_shape_hallway/nav2/metrics_steps_nav2_t_shape_hallway_0.csv,True,24.9,1.838488318082068
t_shape_hallway,nav2,nav2,t_shape_hallway,t_shape_hallway,,0,t_shape_hallway/nav2/metrics_steps_nav2_t_shape_hallway_0.csv,True,25.0,1.77207938842973
t_shape_hallway,nav2,nav2,t_shape_hallway,t_shape_hallway,,0,t_shape_hallway/nav2/metrics_steps_nav2_t_shape_hallway_0.csv,True,25.1,1.7024238139108665
t_shape_hallway,nav2,nav2,t_shape_hallway,t_shape_hallway,,0,t_shape_hallway/nav2/metrics_steps_nav2_t_shape_hallway_0.csv,True,25.2,1.6405465823778411
t_shape_hallway,nav2,nav2,t_shape_hallway,t_shape_hallway,,0,t_shape_hallway/nav2/metrics_steps_nav2_t_shape_hallway_0.csv,True,25.3,1.5859097837252567
t_shape_hallway,nav2,nav2,t_shape_hallway,t_shape_hallway,,0,t_shape_hallway/nav2/metrics_steps_nav2_t_shape_hallway_0.csv,True,25.4,1.5337400390727702
t_shape_hallway,nav2,nav2,t_shape_hallway,t_shape_hallway,,0,t_shape_hallway/nav2/metrics_steps_nav2_t_shape_hallway_0.csv,True,25.5,1.4859524139336338
t_shape_hallway,nav2,nav2,t_shape_hallway,t_shape_hallway,,0,t_shape_hallway/nav2/metrics_steps_nav2_t_shape_hallway_0.csv,True,25.6,1.4440806044782706
t_shape_hallway,nav2,nav2,t_shape_hallway,t_shape_hallway,,0,t_shape_hallway/nav2/metrics_steps_nav2_t_shape_hallway_0.csv,True,25.7,1.4044456189408503
t_shape_hallway,nav2,nav2,t_shape_hallway,t_shape_hallway,,0,t_shape_hallway/nav2/metrics_steps_nav2_t_shape_hallway_0.csv,True,25.8,1.3627641800582415
t_shape_hallway,nav2,nav2,t_shape_hallway,t_shape_hallway,,0,t_shape_hallway/nav2/metrics_steps_nav2_t_shape_hallway_0.csv,True,25.9,1.3192921160504496
t_shape_hallway,nav2,nav2,t_shape_hallway,t_shape_hallway,,0,t_shape_hallway/nav2/metrics_steps_nav2_t_shape_hallway_0.csv,True,26.0,1.2849811742973165
t_shape_hallway,nav2,nav2,t_shape_hallway,t_shape_hallway,,0,t_shape_hallway/nav2/metrics_steps_nav2_t_shape_hallway_0.csv,True,26.1,1.255461958964286
t_shape_hallway,nav2,nav2,t_shape_hallway,t_shape_hallway,,0,t_shape_hallway/nav2/metrics_steps_nav2_t_shape_hallway_0.csv,True,26.2,1.2314011258781643
t_shape_hallway,nav2,nav2,t_shape_hallway,t_shape_hallway,,0,t_shape_hallway/nav2/metrics_steps_nav2_t_shape_hallway_0.csv,True,26.3,1.1965197294171024
t_shape_hallway,nav2,nav2,t_shape_hallway,t_shape_hallway,,0,t_shape_hallway/nav2/metrics_steps_nav2_t_shape_hallway_0.csv,True,26.4,1.1595373158296431
t_shape_hallway,nav2,nav2,t_shape_hallway,t_shape_hallway,,0,t_shape_hallway/nav2/metrics_steps_nav2_t_shape_hallway_0.csv,True,26.5,1.1215437633129806
t_shape_hallway,nav2,nav2,t_shape_hallway,t_shape_hallway,,0,t_shape_hallway/nav2/metrics_steps_nav2_t_shape_hallway_0.csv,True,26.6,1.090236543460422
t_shape_hallway,nav2,nav2,t_shape_hallway,t_shape_hallway,,0,t_shape_hallway/nav2/metrics_steps_nav2_t_shape_hallway_0.csv,True,26.7,1.0623922299507058
t_shape_hallway,nav2,nav2,t_shape_hallway,t_shape_hallway,,0,t_shape_hallway/nav2/metrics_steps_nav2_t_shape_hallway_0.csv,True,26.8,1.0325136298434914
t_shape_hallway,nav2,nav2,t_shape_hallway,t_shape_hallway,,0,t_shape_hallway/nav2/metrics_steps_nav2_t_shape_hallway_0.csv,True,26.9,0.9974348265272948
t_shape_hallway,nav2,nav2,t_shape_hallway,t_shape_hallway,,0,t_shape_hallway/nav2/metrics_steps_nav2_t_shape_hallway_0.csv,True,27.0,0.961798003897128
t_shape_hallway,nav2,nav2,t_shape_hallway,t_shape_hallway,,0,t_shape_hallway/nav2/metrics_steps_nav2_t_shape_hallway_0.csv,True,27.1,0.9294346779058846
t_shape_hallway,nav2,nav2,t_shape_hallway,t_shape_hallway,,0,t_shape_hallway/nav2/metrics_steps_nav2_t_shape_hallway_0.csv,True,27.2,0.896616621726738
t_shape_hallway,nav2,nav2,t_shape_hallway,t_shape_hallway,,0,t_shape_hallway/nav2/metrics_steps_nav2_t_shape_hallway_0.csv,True,27.3,0.8713574641408723
t_shape_hallway,nav2,nav2,t_shape_hallway,t_shape_hallway,,0,t_shape_hallway/nav2/metrics_steps_nav2_t_shape_hallway_0.csv,True,27.4,0.8519037262267539
t_shape_hallway,nav2,nav2,t_shape_hallway,t_shape_hallway,,0,t_shape_hallway/nav2/metrics_steps_nav2_t_shape_hallway_0.csv,True,27.5,0.8402185544785237
t_shape_hallway,nav2,nav2,t_shape_hallway,t_shape_hallway,,0,t_shape_hallway/nav2/metrics_steps_nav2_t_shape_hallway_0.csv,True,27.6,0.8291568386579815
t_shape_hallway,nav2,nav2,t_shape_hallway,t_shape_hallway,,0,t_shape_hallway/nav2/metrics_steps_nav2_t_shape_hallway_0.csv,True,27.7,0.8156229420568499
t_shape_hallway,nav2,nav2,t_shape_hallway,t_shape_hallway,,0,t_shape_hallway/nav2/metrics_steps_nav2_t_shape_hallway_0.csv,True,27.8,0.7998502587288954
t_shape_hallway,nav2,nav2,t_shape_hallway,t_shape_hallway,,0,t_shape_hallway/nav2/metrics_steps_nav2_t_shape_hallway_0.csv,True,27.9,0.7893640859994389
t_shape_hallway,nav2,nav2,t_shape_hallway,t_shape_hallway,,0,t_shape_hallway/nav2/metrics_steps_nav2_t_shape_hallway_0.csv,True,28.0,0.7223483315027501
t_shape_hallway,nav2,nav2,t_shape_hallway,t_shape_hallway,,0,t_shape_hallway/nav2/metrics_steps_nav2_t_shape_hallway_0.csv,True,28.1,0.634723597228281
t_shape_hallway,nav2,nav2,t_shape_hallway,t_shape_hallway,,0,t_shape_hallway/nav2/metrics_steps_nav2_t_shape_hallway_0.csv,True,28.2,0.5504771357478684
t_shape_hallway,nav2,nav2,t_shape_hallway,t_shape_hallway,,0,t_shape_hallway/nav2/metrics_steps_nav2_t_shape_hallway_0.csv,True,28.3,0.4709702760828438
t_shape_hallway,nav2,nav2,t_shape_hallway,t_shape_hallway,,0,t_shape_hallway/nav2/metrics_steps_nav2_t_shape_hallway_0.csv,True,28.4,0.399383279957711
t_shape_hallway,nav2,nav2,t_shape_hallway,t_shape_hallway,,0,t_shape_hallway/nav2/metrics_steps_nav2_t_shape_hallway_0.csv,True,28.5,0.3421254772710991
t_shape_hallway,nav2,nav2,t_shape_hallway,t_shape_hallway,,0,t_shape_hallway/nav2/metrics_steps_nav2_t_shape_hallway_0.csv,True,28.6,0.3019101881868238
t_shape_hallway,nav2,nav2,t_shape_hallway,t_shape_hallway,,0,t_shape_hallway/nav2/metrics_steps_nav2_t_shape_hallway_0.csv,True,28.7,0.2782964309822555
t_shape_hallway,nav2,nav2,t_shape_hallway,t_shape_hallway,,0,t_shape_hallway/nav2/metrics_steps_nav2_t_shape_hallway_0.csv,True,28.8,0.2673848445709832
t_shape_hallway,nav2,nav2,t_shape_hallway,t_shape_hallway,,0,t_shape_hallway/nav2/metrics_steps_nav2_t_shape_hallway_0.csv,True,28.9,0.2663589406054845
t_shape_hallway,nav2,nav2,t_shape_hallway,t_shape_hallway,,0,t_shape_hallway/nav2/metrics_steps_nav2_t_shape_hallway_0.csv,True,29.0,0.2710542697589109
t_shape_hallway,nav2,nav2,t_shape_hallway,t_shape_hallway,,0,t_shape_hallway/nav2/metrics_steps_nav2_t_shape_hallway_0.csv,True,29.1,0.2777969717853483
t_shape_hallway,nav2,nav2,t_shape_hallway,t_shape_hallway,,0,t_shape_hallway/nav2/metrics_steps_nav2_t_shape_hallway_0.csv,True,29.2,0.2842874835125668
t_shape_hallway,nav2,nav2,t_shape_hallway,t_shape_hallway,,0,t_shape_hallway/nav2/metrics_steps_nav2_t_shape_hallway_0.csv,True,29.3,0.2892146362019954
t_shape_hallway,nav2,nav2,t_shape_hallway,t_shape_hallway,,0,t_shape_hallway/nav2/metrics_steps_nav2_t_shape_hallway_0.csv,True,29.4,0.2917218322274293
t_shape_hallway,nav2,nav2,t_shape_hallway,t_shape_hallway,,0,t_shape_hallway/nav2/metrics_steps_nav2_t_shape_hallway_0.csv,True,29.5,0.2923939983255896
t_shape_hallway,nav2,nav2,t_shape_hallway,t_shape_hallway,,0,t_shape_hallway/nav2/metrics_steps_nav2_t_shape_hallway_0.csv,True,29.6,0.2918188342052259
t_shape_hallway,nav2,nav2,t_shape_hallway,t_shape_hallway,,0,t_shape_hallway/nav2/metrics_steps_nav2_t_shape_hallway_0.csv,True,29.7,0.290215905629176
t_shape_hallway,nav2,nav2,t_shape_hallway,t_shape_hallway,,0,t_shape_hallway/nav2/metrics_steps_nav2_t_shape_hallway_0.csv,True,29.8,0.2877856959973586
t_shape_hallway,nav2,nav2,t_shape_hallway,t_shape_hallway,,0,t_shape_hallway/nav2/metrics_steps_nav2_t_shape_hallway_0.csv,True,29.9,0.2857937070694083
t_shape_hallway,nav2,nav2,t_shape_hallway,t_shape_hallway,,0,t_shape_hallway/nav2/metrics_steps_nav2_t_shape_hallway_0.csv,True,30.0,0.2854445580436793
t_shape_hallway,nav2,nav2,t_shape_hallway,t_shape_hallway,,0,t_shape_hallway/nav2/metrics_steps_nav2_t_shape_hallway_0.csv,True,30.1,0.2867162234630278
t_shape_hallway,nav2,nav2,t_shape_hallway,t_shape_hallway,,0,t_shape_hallway/nav2/metrics_steps_nav2_t_shape_hallway_0.csv,True,30.2,0.2890131440479364
t_shape_hallway,nav2,nav2,t_shape_hallway,t_shape_hallway,,0,t_shape_hallway/nav2/metrics_steps_nav2_t_shape_hallway_0.csv,True,30.3,0.2917121398458875
t_shape_hallway,nav2,nav2,t_shape_hallway,t_shape_hallway,,0,t_shape_hallway/nav2/metrics_steps_nav2_t_shape_hallway_0.csv,True,30.4,0.2942198285268704
t_shape_hallway,nav2,nav2,t_shape_hallway,t_shape_hallway,,0,t_shape_hallway/nav2/metrics_steps_nav2_t_shape_hallway_0.csv,True,30.5,0.2958621912973176
t_shape_hallway,nav2,nav2,t_shape_hallway,t_shape_hallway,,0,t_shape_hallway/nav2/metrics_steps_nav2_t_shape_hallway_0.csv,True,30.6,0.2962601762505747
t_shape_hallway,nav2,nav2,t_shape_hallway,t_shape_hallway,,0,t_shape_hallway/nav2/metrics_steps_nav2_t_shape_hallway_0.csv,True,30.7,0.2956101618330451
t_shape_hallway,nav2,nav2,t_shape_hallway,t_shape_hallway,,0,t_shape_hallway/nav2/metrics_steps_nav2_t_shape_hallway_0.csv,True,30.8,0.2940408094549032
t_shape_hallway,nav2,nav2,t_shape_hallway,t_shape_hallway,,0,t_shape_hallway/nav2/metrics_steps_nav2_t_shape_hallway_0.csv,True,30.9,0.2929188195275076
t_shape_hallway,nav2,nav2,t_shape_hallway,t_shape_hallway,,0,t_shape_hallway/nav2/metrics_steps_nav2_t_shape_hallway_0.csv,True,31.0,0.2955781113681286
t_shape_hallway,nav2,nav2,t_shape_hallway,t_shape_hallway,,0,t_shape_hallway/nav2/metrics_steps_nav2_t_shape_hallway_0.csv,True,31.1,0.2959697535537844
t_shape_hallway,nav2,nav2,t_shape_hallway,t_shape_hallway,,0,t_shape_hallway/nav2/metrics_steps_nav2_t_shape_hallway_0.csv,True,31.2,0.3011183111135445
t_shape_hallway,nav2,nav2,t_shape_hallway,t_shape_hallway,,0,t_shape_hallway/nav2/metrics_steps_nav2_t_shape_hallway_0.csv,True,31.3,0.3042348471993295
t_shape_hallway,nav2,nav2,t_shape_hallway,t_shape_hallway,,0,t_shape_hallway/nav2/metrics_steps_nav2_t_shape_hallway_0.csv,True,31.4,0.3109131137236962
t_shape_hallway,nav2,nav2,t_shape_hallway,t_shape_hallway,,0,t_shape_hallway/nav2/metrics_steps_nav2_t_shape_hallway_0.csv,True,31.5,0.3106488416084247
t_shape_hallway,nav2,nav2,t_shape_hallway,t_shape_hallway,,0,t_shape_hallway/nav2/metrics_steps_nav2_t_shape_hallway_0.csv,True,31.6,0.3106224523437066
t_shape_hallway,nav2,nav2,t_shape_hallway,t_shape_hallway,,0,t_shape_hallway/nav2/metrics_steps_nav2_t_shape_hallway_0.csv,True,31.7,0.3137686625566562
t_shape_hallway,nav2,nav2,t_shape_hallway,t_shape_hallway,,0,t_shape_hallway/nav2/metrics_steps_nav2_t_shape_hallway_0.csv,True,31.8,0.3212657253242705
t_shape_hallway,nav2,nav2,t_shape_hallway,t_shape_hallway,,0,t_shape_hallway/nav2/metrics_steps_nav2_t_shape_hallway_0.csv,True,31.9,0.3212336060805201
t_shape_hallway,nav2,nav2,t_shape_hallway,t_shape_hallway,,0,t_shape_hallway/nav2/metrics_steps_nav2_t_shape_hallway_0.csv,True,32.0,0.314227033789676
t_shape_hallway,nav2,nav2,t_shape_hallway,t_shape_hallway,,0,t_shape_hallway/nav2/metrics_steps_nav2_t_shape_hallway_0.csv,True,32.1,0.3101266731947827
t_shape_hallway,nav2,nav2,t_shape_hallway,t_shape_hallway,,0,t_shape_hallway/nav2/metrics_steps_nav2_t_shape_hallway_0.csv,True,32.2,0.3085857323704435
t_shape_hallway,nav2,nav2,t_shape_hallway,t_shape_hallway,,0,t_shape_hallway/nav2/metrics_steps_nav2_t_shape_hallway_0.csv,True,32.3,0.3105828475669021
t_shape_hallway,nav2,nav2,t_shape_hallway,t_shape_hallway,,0,t_shape_hallway/nav2/metrics_steps_nav2_t_shape_hallway_0.csv,True,32.4,0.3123521613837714
t_shape_hallway,nav2,nav2,t_shape_hallway,t_shape_hallway,,0,t_shape_hallway/nav2/metrics_steps_nav2_t_shape_hallway_0.csv,True,32.5,0.3136185636101811
t_shape_hallway,nav2,nav2,t_shape_hallway,t_shape_hallway,,0,t_shape_hallway/nav2/metrics_steps_nav2_t_shape_hallway_0.csv,True,32.6,0.3178784146830702
t_shape_hallway,nav2,nav2,t_shape_hallway,t_shape_hallway,,0,t_shape_hallway/nav2/metrics_steps_nav2_t_shape_hallway_0.csv,True,32.7,0.3178893696279694
t_shape_hallway,nav2,nav2,t_shape_hallway,t_shape_hallway,,0,t_shape_hallway/nav2/metrics_steps_nav2_t_shape_hallway_0.csv,True,32.8,0.3190000306494367
t_shape_hallway,nav2,nav2,t_shape_hallway,t_shape_hallway,,0,t_shape_hallway/nav2/metrics_steps_nav2_t_shape_hallway_0.csv,True,32.9,0.3149910671558154
t_shape_hallway,nav2,nav2,t_shape_hallway,t_shape_hallway,,0,t_shape_hallway/nav2/metrics_steps_nav2_t_shape_hallway_0.csv,True,33.0,0.3060824786601548
t_shape_hallway,nav2,nav2,t_shape_hallway,t_shape_hallway,,0,t_shape_hallway/nav2/metrics_steps_nav2_t_shape_hallway_0.csv,True,33.1,0.2948599392798197
t_shape_hallway,nav2,nav2,t_shape_hallway,t_shape_hallway,,0,t_shape_hallway/nav2/metrics_steps_nav2_t_shape_hallway_0.csv,True,33.2,0.2837512905713253
t_shape_hallway,nav2,nav2,t_shape_hallway,t_shape_hallway,,0,t_shape_hallway/nav2/metrics_steps_nav2_t_shape_hallway_0.csv,True,33.3,0.2753156383987325
t_shape_hallway,nav2,nav2,t_shape_hallway,t_shape_hallway,,0,t_shape_hallway/nav2/metrics_steps_nav2_t_shape_hallway_0.csv,True,33.4,0.2705441949981051
t_shape_hallway,nav2,nav2,t_shape_hallway,t_shape_hallway,,0,t_shape_hallway/nav2/metrics_steps_nav2_t_shape_hallway_0.csv,True,33.5,0.2694600648908152
t_shape_hallway,nav2,nav2,t_shape_hallway,t_shape_hallway,,0,t_shape_hallway/nav2/metrics_steps_nav2_t_shape_hallway_0.csv,True,33.6,0.2705623203420995
t_shape_hallway,nav2,nav2,t_shape_hallway,t_shape_hallway,,0,t_shape_hallway/nav2/metrics_steps_nav2_t_shape_hallway_0.csv,True,33.7,0.2726681359256646
t_shape_hallway,nav2,nav2,t_shape_hallway,t_shape_hallway,,0,t_shape_hallway/nav2/metrics_steps_nav2_t_shape_hallway_0.csv,True,33.8,0.2747370738112034
t_shape_hallway,nav2,nav2,t_shape_hallway,t_shape_hallway,,0,t_shape_hallway/nav2/metrics_steps_nav2_t_shape_hallway_0.csv,True,33.9,0.2763881755966131
t_shape_hallway,nav2,nav2,t_shape_hallway,t_shape_hallway,,0,t_shape_hallway/nav2/metrics_steps_nav2_t_shape_hallway_0.csv,True,34.0,0.277424405717168
t_shape_hallway,nav2,nav2,t_shape_hallway,t_shape_hallway,,0,t_shape_hallway/nav2/metrics_steps_nav2_t_shape_hallway_0.csv,True,34.1,0.2779237340873264
t_shape_hallway,nav2,nav2,t_shape_hallway,t_shape_hallway,,0,t_shape_hallway/nav2/metrics_steps_nav2_t_shape_hallway_0.csv,True,34.2,0.2779459445019268
t_shape_hallway,nav2,nav2,t_shape_hallway,t_shape_hallway,,0,t_shape_hallway/nav2/metrics_steps_nav2_t_shape_hallway_0.csv,True,34.3,0.2777654445103457
t_shape_hallway,nav2,nav2,t_shape_hallway,t_shape_hallway,,0,t_shape_hallway/nav2/metrics_steps_nav2_t_shape_hallway_0.csv,True,34.4,0.27752540722553
t_shape_hallway,nav2,nav2,t_shape_hallway,t_shape_hallway,,0,t_shape_hallway/nav2/metrics_steps_nav2_t_shape_hallway_0.csv,True,34.5,0.277135954155048
t_shape_hallway,nav2,nav2,t_shape_hallway,t_shape_hallway,,0,t_shape_hallway/nav2/metrics_steps_nav2_t_shape_hallway_0.csv,True,34.6,0.2766830828148887
t_shape_hallway,nav2,nav2,t_shape_hallway,t_shape_hallway,,0,t_shape_hallway/nav2/metrics_steps_nav2_t_shape_hallway_0.csv,True,34.7,0.2762937995114947
t_shape_hallway,nav2,nav2,t_shape_hallway,t_shape_hallway,,0,t_shape_hallway/nav2/metrics_steps_nav2_t_shape_hallway_0.csv,True,34.8,0.2760239156383108
t_shape_hallway,nav2,nav2,t_shape_hallway,t_shape_hallway,,0,t_shape_hallway/nav2/metrics_steps_nav2_t_shape_hallway_0.csv,True,34.9,0.2758712660101445
t_shape_hallway,nav2,nav2,t_shape_hallway,t_shape_hallway,,0,t_shape_hallway/nav2/metrics_steps_nav2_t_shape_hallway_0.csv,True,35.0,0.2757945200138094
t_shape_hallway,nav2,nav2,t_shape_hallway,t_shape_hallway,,0,t_shape_hallway/nav2/metrics_steps_nav2_t_shape_hallway_0.csv,True,35.1,0.2757050455897409
t_shape_hallway,nav2,nav2,t_shape_hallway,t_shape_hallway,,0,t_shape_hallway/nav2/metrics_steps_nav2_t_shape_hallway_0.csv,True,35.2,0.2756172153645364
t_shape_hallway,nav2,nav2,t_shape_hallway,t_shape_hallway,,0,t_shape_hallway/nav2/metrics_steps_nav2_t_shape_hallway_0.csv,True,35.3,0.2755342156001754
t_shape_hallway,nav2,nav2,t_shape_hallway,t_shape_hallway,,0,t_shape_hallway/nav2/metrics_steps_nav2_t_shape_hallway_0.csv,True,35.4,0.2755067883784512
t_shape_hallway,nav2,nav2,t_shape_hallway,t_shape_hallway,,0,t_shape_hallway/nav2/metrics_steps_nav2_t_shape_hallway_0.csv,True,35.5,0.2755584016105765
t_shape_hallway,nav2,nav2,t_shape_hallway,t_shape_hallway,,0,t_shape_hallway/nav2/metrics_steps_nav2_t_shape_hallway_0.csv,True,35.6,0.275637924940346
t_shape_hallway,nav2,nav2,t_shape_hallway,t_shape_hallway,,0,t_shape_hallway/nav2/metrics_steps_nav2_t_shape_hallway_0.csv,True,35.7,0.2757361483992107
t_shape_hallway,nav2,nav2,t_shape_hallway,t_shape_hallway,,0,t_shape_hallway/nav2/metrics_steps_nav2_t_shape_hallway_0.csv,True,35.8,0.2757939420244959
t_shape_hallway,nav2,nav2,t_shape_hallway,t_shape_hallway,,0,t_shape_hallway/nav2/metrics_steps_nav2_t_shape_hallway_0.csv,True,35.9,0.2758440020927266
t_shape_hallway,nav2,nav2,t_shape_hallway,t_shape_hallway,,0,t_shape_hallway/nav2/metrics_steps_nav2_t_shape_hallway_0.csv,True,36.0,0.275780190554969
t_shape_hallway,nav2,nav2,t_shape_hallway,t_shape_hallway,,0,t_shape_hallway/nav2/metrics_steps_nav2_t_shape_hallway_0.csv,True,36.1,0.2756860281982192
t_shape_hallway,nav2,nav2,t_shape_hallway,t_shape_hallway,,0,t_shape_hallway/nav2/metrics_steps_nav2_t_shape_hallway_0.csv,True,36.2,0.2756205585098947
t_shape_hallway,nav2,nav2,t_shape_hallway,t_shape_hallway,,0,t_shape_hallway/nav2/metrics_steps_nav2_t_shape_hallway_0.csv,True,36.3,0.2756158623862412
t_shape_hallway,nav2,nav2,t_shape_hallway,t_shape_hallway,,0,t_shape_hallway/nav2/metrics_steps_nav2_t_shape_hallway_0.csv,True,36.4,0.2757039754178529
t_shape_hallway,nav2,nav2,t_shape_hallway,t_shape_hallway,,0,t_shape_hallway/nav2/metrics_steps_nav2_t_shape_hallway_0.csv,True,36.5,0.2759440026299511
t_shape_hallway,nav2,nav2,t_shape_hallway,t_shape_hallway,,0,t_shape_hallway/nav2/metrics_steps_nav2_t_shape_hallway_0.csv,True,36.6,0.2762565209774543
t_shape_hallway,nav2,nav2,t_shape_hallway,t_shape_hallway,,0,t_shape_hallway/nav2/metrics_steps_nav2_t_shape_hallway_0.csv,True,36.7,0.2763985432552351
t_shape_hallway,nav2,nav2,t_shape_hallway,t_shape_hallway,,0,t_shape_hallway/nav2/metrics_steps_nav2_t_shape_hallway_0.csv,True,36.8,0.2763264397765934
t_shape_hallway,nav2,nav2,t_shape_hallway,t_shape_hallway,,0,t_shape_hallway/nav2/metrics_steps_nav2_t_shape_hallway_0.csv,True,36.9,0.276217076702453
t_shape_hallway,nav2,nav2,t_shape_hallway,t_shape_hallway,,0,t_shape_hallway/nav2/metrics_steps_nav2_t_shape_hallway_0.csv,True,37.0,0.2761717375537156
t_shape_hallway,nav2,nav2,t_shape_hallway,t_shape_hallway,,0,t_shape_hallway/nav2/metrics_steps_nav2_t_shape_hallway_0.csv,True,37.1,0.2761048304688658
t_shape_hallway,nav2,nav2,t_shape_hallway,t_shape_hallway,,0,t_shape_hallway/nav2/metrics_steps_nav2_t_shape_hallway_0.csv,True,37.2,0.2760357695274953
t_shape_hallway,nav2,nav2,t_shape_hallway,t_shape_hallway,,0,t_shape_hallway/nav2/metrics_steps_nav2_t_shape_hallway_0.csv,True,37.3,0.2760434794831137
t_shape_hallway,nav2,nav2,t_shape_hallway,t_shape_hallway,,0,t_shape_hallway/nav2/metrics_steps_nav2_t_shape_hallway_0.csv,True,37.4,0.2761559281164365
t_shape_hallway,nav2,nav2,t_shape_hallway,t_shape_hallway,,0,t_shape_hallway/nav2/metrics_steps_nav2_t_shape_hallway_0.csv,True,37.5,0.2762208799333123
t_shape_hallway,nav2,nav2,t_shape_hallway,t_shape_hallway,,0,t_shape_hallway/nav2/metrics_steps_nav2_t_shape_hallway_0.csv,True,37.6,0.2762196150413434
t_shape_hallway,nav2,nav2,t_shape_hallway,t_shape_hallway,,0,t_shape_hallway/nav2/metrics_steps_nav2_t_shape_hallway_0.csv,True,37.69,0.2761284480932435
t_shape_hallway,nav2,nav2,t_shape_hallway,t_shape_hallway,,0,t_shape_hallway/nav2/metrics_steps_nav2_t_shape_hallway_0.csv,True,37.8,0.2768622403252567
t_shape_hallway,nav2,nav2,t_shape_hallway,t_shape_hallway,,0,t_shape_hallway/nav2/metrics_steps_nav2_t_shape_hallway_0.csv,True,37.9,0.2823256629205475
t_shape_hallway,nav2,nav2,t_shape_hallway,t_shape_hallway,,0,t_shape_hallway/nav2/metrics_steps_nav2_t_shape_hallway_0.csv,True,37.99,0.2922651877628097
t_shape_hallway,nav2,nav2,t_shape_hallway,t_shape_hallway,,0,t_shape_hallway/nav2/metrics_steps_nav2_t_shape_hallway_0.csv,True,38.09,0.3051981904723766
t_shape_hallway,nav2,nav2,t_shape_hallway,t_shape_hallway,,0,t_shape_hallway/nav2/metrics_steps_nav2_t_shape_hallway_0.csv,True,38.19,0.3193646784359234
t_shape_hallway,nav2,nav2,t_shape_hallway,t_shape_hallway,,0,t_shape_hallway/nav2/metrics_steps_nav2_t_shape_hallway_0.csv,True,38.29,0.326183298120108
t_shape_hallway,nav2,nav2,t_shape_hallway,t_shape_hallway,,0,t_shape_hallway/nav2/metrics_steps_nav2_t_shape_hallway_0.csv,True,38.39,0.3238116524922374
t_shape_hallway,nav2,nav2,t_shape_hallway,t_shape_hallway,,0,t_shape_hallway/nav2/metrics_steps_nav2_t_shape_hallway_0.csv,True,38.49,0.3155957827209414
t_shape_hallway,nav2,nav2,t_shape_hallway,t_shape_hallway,,0,t_shape_hallway/nav2/metrics_steps_nav2_t_shape_hallway_0.csv,True,38.59,0.3085892114578461
t_shape_hallway,nav2,nav2,t_shape_hallway,t_shape_hallway,,0,t_shape_hallway/nav2/metrics_steps_nav2_t_shape_hallway_0.csv,True,38.69,0.3101111529869205
t_shape_hallway,nav2,nav2,t_shape_hallway,t_shape_hallway,,0,t_shape_hallway/nav2/metrics_steps_nav2_t_shape_hallway_0.csv,True,38.79,0.3142592514957452
t_shape_hallway,nav2,nav2,t_shape_hallway,t_shape_hallway,,0,t_shape_hallway/nav2/metrics_steps_nav2_t_shape_hallway_0.csv,True,38.89,0.3136959371687771
t_shape_hallway,nav2,nav2,t_shape_hallway,t_shape_hallway,,0,t_shape_hallway/nav2/metrics_steps_nav2_t_shape_hallway_0.csv,True,38.99,0.3081158372844548
t_shape_hallway,nav2,nav2,t_shape_hallway,t_shape_hallway,,0,t_shape_hallway/nav2/metrics_steps_nav2_t_shape_hallway_0.csv,True,39.09,0.3005276978740308
t_shape_hallway,nav2,nav2,t_shape_hallway,t_shape_hallway,,0,t_shape_hallway/nav2/metrics_steps_nav2_t_shape_hallway_0.csv,True,39.19,0.297291529222381
t_shape_hallway,nav2,nav2,t_shape_hallway,t_shape_hallway,,0,t_shape_hallway/nav2/metrics_steps_nav2_t_shape_hallway_0.csv,True,39.29,0.297361628297524
t_shape_hallway,nav2,nav2,t_shape_hallway,t_shape_hallway,,0,t_shape_hallway/nav2/metrics_steps_nav2_t_shape_hallway_0.csv,True,39.39,0.3004114343281596
t_shape_hallway,nav2,nav2,t_shape_hallway,t_shape_hallway,,0,t_shape_hallway/nav2/metrics_steps_nav2_t_shape_hallway_0.csv,True,39.49,0.3046154855917704
t_shape_hallway,nav2,nav2,t_shape_hallway,t_shape_hallway,,0,t_shape_hallway/nav2/metrics_steps_nav2_t_shape_hallway_0.csv,True,39.59,0.3091030583615748
t_shape_hallway,nav2,nav2,t_shape_hallway,t_shape_hallway,,0,t_shape_hallway/nav2/metrics_steps_nav2_t_shape_hallway_0.csv,True,39.69,0.3133378854293083
t_shape_hallway,nav2,nav2,t_shape_hallway,t_shape_hallway,,0,t_shape_hallway/nav2/metrics_steps_nav2_t_shape_hallway_0.csv,True,39.79,0.3143944162119918
t_shape_hallway,nav2,nav2,t_shape_hallway,t_shape_hallway,,0,t_shape_hallway/nav2/metrics_steps_nav2_t_shape_hallway_0.csv,True,39.89,0.3150031204668246
t_shape_hallway,nav2,nav2,t_shape_hallway,t_shape_hallway,,0,t_shape_hallway/nav2/metrics_steps_nav2_t_shape_hallway_0.csv,True,39.99,0.3163605507176474
t_shape_hallway,nav2,nav2,t_shape_hallway,t_shape_hallway,,0,t_shape_hallway/nav2/metrics_steps_nav2_t_shape_hallway_0.csv,True,40.09,0.3185453558750033
t_shape_hallway,nav2,nav2,t_shape_hallway,t_shape_hallway,,0,t_shape_hallway/nav2/metrics_steps_nav2_t_shape_hallway_0.csv,True,40.19,0.321029721279217
t_shape_hallway,nav2,nav2,t_shape_hallway,t_shape_hallway,,0,t_shape_hallway/nav2/metrics_steps_nav2_t_shape_hallway_0.csv,True,40.29,0.3231525184293085
t_shape_hallway,nav2,nav2,t_shape_hallway,t_shape_hallway,,0,t_shape_hallway/nav2/metrics_steps_nav2_t_shape_hallway_0.csv,True,40.39,0.3251079778604104
t_shape_hallway,nav2,nav2,t_shape_hallway,t_shape_hallway,,0,t_shape_hallway/nav2/metrics_steps_nav2_t_shape_hallway_0.csv,True,40.49,0.3271119827937976
t_shape_hallway,nav2,nav2,t_shape_hallway,t_shape_hallway,,0,t_shape_hallway/nav2/metrics_steps_nav2_t_shape_hallway_0.csv,True,40.59,0.3292576783830545
t_shape_hallway,nav2,nav2,t_shape_hallway,t_shape_hallway,,0,t_shape_hallway/nav2/metrics_steps_nav2_t_shape_hallway_0.csv,True,40.69,0.331689718008725
t_shape_hallway,nav2,nav2,t_shape_hallway,t_shape_hallway,,0,t_shape_hallway/nav2/metrics_steps_nav2_t_shape_hallway_0.csv,True,40.79,0.3342073560720471
t_shape_hallway,nav2,nav2,t_shape_hallway,t_shape_hallway,,0,t_shape_hallway/nav2/metrics_steps_nav2_t_shape_hallway_0.csv,True,40.89,0.3370000066228575
t_shape_hallway,nav2,nav2,t_shape_hallway,t_shape_hallway,,0,t_shape_hallway/nav2/metrics_steps_nav2_t_shape_hallway_0.csv,True,40.99,0.3400161870734803
t_shape_hallway,nav2,nav2,t_shape_hallway,t_shape_hallway,,0,t_shape_hallway/nav2/metrics_steps_nav2_t_shape_hallway_0.csv,True,41.09,0.3432632981233525
t_shape_hallway,nav2,nav2,t_shape_hallway,t_shape_hallway,,0,t_shape_hallway/nav2/metrics_steps_nav2_t_shape_hallway_0.csv,True,41.19,0.3464643095040234
t_shape_hallway,nav2,nav2,t_shape_hallway,t_shape_hallway,,0,t_shape_hallway/nav2/metrics_steps_nav2_t_shape_hallway_0.csv,True,41.29,0.3492294384396088
t_shape_hallway,nav2,nav2,t_shape_hallway,t_shape_hallway,,0,t_shape_hallway/nav2/metrics_steps_nav2_t_shape_hallway_0.csv,True,41.39,0.3519990298274069
t_shape_hallway,nav2,nav2,t_shape_hallway,t_shape_hallway,,0,t_shape_hallway/nav2/metrics_steps_nav2_t_shape_hallway_0.csv,True,41.49,0.3551161852641717
t_shape_hallway,nav2,nav2,t_shape_hallway,t_shape_hallway,,0,t_shape_hallway/nav2/metrics_steps_nav2_t_shape_hallway_0.csv,True,41.59,0.3583193075828159
t_shape_hallway,nav2,nav2,t_shape_hallway,t_shape_hallway,,0,t_shape_hallway/nav2/metrics_steps_nav2_t_shape_hallway_0.csv,True,41.69,0.3613517457680881
t_shape_hallway,nav2,nav2,t_shape_hallway,t_shape_hallway,,0,t_shape_hallway/nav2/metrics_steps_nav2_t_shape_hallway_0.csv,True,41.79,0.3638209480615924
t_shape_hallway,nav2,nav2,t_shape_hallway,t_shape_hallway,,0,t_shape_hallway/nav2/metrics_steps_nav2_t_shape_hallway_0.csv,True,41.89,0.3663056735838124
t_shape_hallway,nav2,nav2,t_shape_hallway,t_shape_hallway,,0,t_shape_hallway/nav2/metrics_steps_nav2_t_shape_hallway_0.csv,True,41.99,0.368805594846064
t_shape_hallway,nav2,nav2,t_shape_hallway,t_shape_hallway,,0,t_shape_hallway/nav2/metrics_steps_nav2_t_shape_hallway_0.csv,True,42.09,0.37073459909606
t_shape_hallway,nav2,nav2,t_shape_hallway,t_shape_hallway,,0,t_shape_hallway/nav2/metrics_steps_nav2_t_shape_hallway_0.csv,True,42.19,0.3725376505906197
t_shape_hallway,nav2,nav2,t_shape_hallway,t_shape_hallway,,0,t_shape_hallway/nav2/metrics_steps_nav2_t_shape_hallway_0.csv,True,42.29,0.3750039720760798
t_shape_hallway,nav2,nav2,t_shape_hallway,t_shape_hallway,,0,t_shape_hallway/nav2/metrics_steps_nav2_t_shape_hallway_0.csv,True,42.39,0.3759265640417097
t_shape_hallway,nav2,nav2,t_shape_hallway,t_shape_hallway,,0,t_shape_hallway/nav2/metrics_steps_nav2_t_shape_hallway_0.csv,True,42.49,0.3756163055013819
t_shape_hallway,nav2,nav2,t_shape_hallway,t_shape_hallway,,0,t_shape_hallway/nav2/metrics_steps_nav2_t_shape_hallway_0.csv,True,42.59,0.3757154240758031
t_shape_hallway,nav2,nav2,t_shape_hallway,t_shape_hallway,,0,t_shape_hallway/nav2/metrics_steps_nav2_t_shape_hallway_0.csv,True,42.69,0.3750383130481063
t_shape_hallway,nav2,nav2,t_shape_hallway,t_shape_hallway,,0,t_shape_hallway/nav2/metrics_steps_nav2_t_shape_hallway_0.csv,True,42.79,0.3730085111927297
t_shape_hallway,nav2,nav2,t_shape_hallway,t_shape_hallway,,0,t_shape_hallway/nav2/metrics_steps_nav2_t_shape_hallway_0.csv,True,42.89,0.3693494331428388
t_shape_hallway,nav2,nav2,t_shape_hallway,t_shape_hallway,,0,t_shape_hallway/nav2/metrics_steps_nav2_t_shape_hallway_0.csv,True,42.99,0.3673850467186312
t_shape_hallway,nav2,nav2,t_shape_hallway,t_shape_hallway,,0,t_shape_hallway/nav2/metrics_steps_nav2_t_shape_hallway_0.csv,True,43.09,0.3653255749641282
t_shape_hallway,nav2,nav2,t_shape_hallway,t_shape_hallway,,0,t_shape_hallway/nav2/metrics_steps_nav2_t_shape_hallway_0.csv,True,43.19,0.3616044351820515
t_shape_hallway,nav2,nav2,t_shape_hallway,t_shape_hallway,,0,t_shape_hallway/nav2/metrics_steps_nav2_t_shape_hallway_0.csv,True,43.29,0.3561226985083043
t_shape_hallway,nav2,nav2,t_shape_hallway,t_shape_hallway,,0,t_shape_hallway/nav2/metrics_steps_nav2_t_shape_hallway_0.csv,True,43.39,0.3499998614409316
t_shape_hallway,nav2,nav2,t_shape_hallway,t_shape_hallway,,0,t_shape_hallway/nav2/metrics_steps_nav2_t_shape_hallway_0.csv,True,43.49,0.3438865911992632
t_shape_hallway,nav2,nav2,t_shape_hallway,t_shape_hallway,,0,t_shape_hallway/nav2/metrics_steps_nav2_t_shape_hallway_0.csv,True,43.59,0.3392704259755403
t_shape_hallway,nav2,nav2,t_shape_hallway,t_shape_hallway,,0,t_shape_hallway/nav2/metrics_steps_nav2_t_shape_hallway_0.csv,True,43.69,0.3348847499762051
t_shape_hallway,nav2,nav2,t_shape_hallway,t_shape_hallway,,0,t_shape_hallway/nav2/metrics_steps_nav2_t_shape_hallway_0.csv,True,43.79,0.3327186078915789
t_shape_hallway,nav2,nav2,t_shape_hallway,t_shape_hallway,,0,t_shape_hallway/nav2/metrics_steps_nav2_t_shape_hallway_0.csv,True,43.89,0.3325577376359152
t_shape_hallway,nav2,nav2,t_shape_hallway,t_shape_hallway,,0,t_shape_hallway/nav2/metrics_steps_nav2_t_shape_hallway_0.csv,True,43.99,0.3331489032575088
t_shape_hallway,nav2,nav2,t_shape_hallway,t_shape_hallway,,0,t_shape_hallway/nav2/metrics_steps_nav2_t_shape_hallway_0.csv,True,44.09,0.334056995899137
t_shape_hallway,nav2,nav2,t_shape_hallway,t_shape_hallway,,0,t_shape_hallway/nav2/metrics_steps_nav2_t_shape_hallway_0.csv,True,44.19,0.3353417255051119
t_shape_hallway,nav2,nav2,t_shape_hallway,t_shape_hallway,,0,t_shape_hallway/nav2/metrics_steps_nav2_t_shape_hallway_0.csv,True,44.29,0.3367572362575972
t_shape_hallway,nav2,nav2,t_shape_hallway,t_shape_hallway,,0,t_shape_hallway/nav2/metrics_steps_nav2_t_shape_hallway_0.csv,True,44.39,0.3383439105774053
t_shape_hallway,nav2,nav2,t_shape_hallway,t_shape_hallway,,0,t_shape_hallway/nav2/metrics_steps_nav2_t_shape_hallway_0.csv,True,44.49,0.3399704860283383
t_shape_hallway,nav2,nav2,t_shape_hallway,t_shape_hallway,,0,t_shape_hallway/nav2/metrics_steps_nav2_t_shape_hallway_0.csv,True,44.59,0.3408397786269352
t_shape_hallway,nav2,nav2,t_shape_hallway,t_shape_hallway,,0,t_shape_hallway/nav2/metrics_steps_nav2_t_shape_hallway_0.csv,True,44.69,0.3405490295532121
t_shape_hallway,nav2,nav2,t_shape_hallway,t_shape_hallway,,0,t_shape_hallway/nav2/metrics_steps_nav2_t_shape_hallway_0.csv,True,44.79,0.3401205903080031
t_shape_hallway,nav2,nav2,t_shape_hallway,t_shape_hallway,,0,t_shape_hallway/nav2/metrics_steps_nav2_t_shape_hallway_0.csv,True,44.89,0.341521511762852
t_shape_hallway,nav2,nav2,t_shape_hallway,t_shape_hallway,,0,t_shape_hallway/nav2/metrics_steps_nav2_t_shape_hallway_0.csv,True,44.99,0.3427002504117933
t_shape_hallway,nav2,nav2,t_shape_hallway,t_shape_hallway,,0,t_shape_hallway/nav2/metrics_steps_nav2_t_shape_hallway_0.csv,True,45.09,0.3431018168564466
t_shape_hallway,nav2,nav2,t_shape_hallway,t_shape_hallway,,0,t_shape_hallway/nav2/metrics_steps_nav2_t_shape_hallway_0.csv,True,45.19,0.3450399435133822
t_shape_hallway,nav2,nav2,t_shape_hallway,t_shape_hallway,,0,t_shape_hallway/nav2/metrics_steps_nav2_t_shape_hallway_0.csv,True,45.29,0.347904680869604
t_shape_hallway,nav2,nav2,t_shape_hallway,t_shape_hallway,,0,t_shape_hallway/nav2/metrics_steps_nav2_t_shape_hallway_0.csv,True,45.39,0.3499547870645796
t_shape_hallway,nav2,nav2,t_shape_hallway,t_shape_hallway,,0,t_shape_hallway/nav2/metrics_steps_nav2_t_shape_hallway_0.csv,True,45.49,0.3527345292490329
t_shape_hallway,nav2,nav2,t_shape_hallway,t_shape_hallway,,0,t_shape_hallway/nav2/metrics_steps_nav2_t_shape_hallway_0.csv,True,45.59,0.3559379252896095
t_shape_hallway,nav2,nav2,t_shape_hallway,t_shape_hallway,,0,t_shape_hallway/nav2/metrics_steps_nav2_t_shape_hallway_0.csv,True,45.69,0.357913938223936
t_shape_hallway,nav2,nav2,t_shape_hallway,t_shape_hallway,,0,t_shape_hallway/nav2/metrics_steps_nav2_t_shape_hallway_0.csv,True,45.79,0.3608357794759225
t_shape_hallway,nav2,nav2,t_shape_hallway,t_shape_hallway,,0,t_shape_hallway/nav2/metrics_steps_nav2_t_shape_hallway_0.csv,True,45.89,0.3623558885145099
t_shape_hallway,nav2,nav2,t_shape_hallway,t_shape_hallway,,0,t_shape_hallway/nav2/metrics_steps_nav2_t_shape_hallway_0.csv,True,45.99,0.3636533039176572
t_shape_hallway,nav2,nav2,t_shape_hallway,t_shape_hallway,,0,t_shape_hallway/nav2/metrics_steps_nav2_t_shape_hallway_0.csv,True,46.09,0.3662702816048542
t_shape_hallway,nav2,nav2,t_shape_hallway,t_shape_hallway,,0,t_shape_hallway/nav2/metrics_steps_nav2_t_shape_hallway_0.csv,True,46.19,0.3629588106056665
t_shape_hallway,nav2,nav2,t_shape_hallway,t_shape_hallway,,0,t_shape_hallway/nav2/metrics_steps_nav2_t_shape_hallway_0.csv,True,46.29,0.3576784383433646
t_shape_hallway,nav2,nav2,t_shape_hallway,t_shape_hallway,,0,t_shape_hallway/nav2/metrics_steps_nav2_t_shape_hallway_0.csv,True,46.39,0.352186451281347
t_shape_hallway,nav2,nav2,t_shape_hallway,t_shape_hallway,,0,t_shape_hallway/nav2/metrics_steps_nav2_t_shape_hallway_0.csv,True,46.49,0.3473278411063605
t_shape_hallway,nav2,nav2,t_shape_hallway,t_shape_hallway,,0,t_shape_hallway/nav2/metrics_steps_nav2_t_shape_hallway_0.csv,True,46.59,0.3438080060694808
t_shape_hallway,nav2,nav2,t_shape_hallway,t_shape_hallway,,0,t_shape_hallway/nav2/metrics_steps_nav2_t_shape_hallway_0.csv,True,46.69,0.3420797491832013
t_shape_hallway,nav2,nav2,t_shape_hallway,t_shape_hallway,,0,t_shape_hallway/nav2/metrics_steps_nav2_t_shape_hallway_0.csv,True,46.79,0.3427790313772967
t_shape_hallway,nav2,nav2,t_shape_hallway,t_shape_hallway,,0,t_shape_hallway/nav2/metrics_steps_nav2_t_shape_hallway_0.csv,True,46.89,0.3457796609975103
t_shape_hallway,nav2,nav2,t_shape_hallway,t_shape_hallway,,0,t_shape_hallway/nav2/metrics_steps_nav2_t_shape_hallway_0.csv,True,46.99,0.3471273533575771
t_shape_hallway,nav2,nav2,t_shape_hallway,t_shape_hallway,,0,t_shape_hallway/nav2/metrics_steps_nav2_t_shape_hallway_0.csv,True,47.09,0.3440287150189094
t_shape_hallway,nav2,nav2,t_shape_hallway,t_shape_hallway,,0,t_shape_hallway/nav2/metrics_steps_nav2_t_shape_hallway_0.csv,True,47.19,0.3360900088672203
t_shape_hallway,nav2,nav2,t_shape_hallway,t_shape_hallway,,0,t_shape_hallway/nav2/metrics_steps_nav2_t_shape_hallway_0.csv,True,47.29,0.3264744766464662
t_shape_hallway,nav2,nav2,t_shape_hallway,t_shape_hallway,,0,t_shape_hallway/nav2/metrics_steps_nav2_t_shape_hallway_0.csv,True,47.39,0.3185617646178615
t_shape_hallway,nav2,nav2,t_shape_hallway,t_shape_hallway,,0,t_shape_hallway/nav2/metrics_steps_nav2_t_shape_hallway_0.csv,True,47.49,0.3110401956103532
t_shape_hallway,nav2,nav2,t_shape_hallway,t_shape_hallway,,0,t_shape_hallway/nav2/metrics_steps_nav2_t_shape_hallway_0.csv,True,47.59,0.3085632046149142
t_shape_hallway,nav2,nav2,t_shape_hallway,t_shape_hallway,,0,t_shape_hallway/nav2/metrics_steps_nav2_t_shape_hallway_0.csv,True,47.69,0.3062629238882428
t_shape_hallway,nav2,nav2,t_shape_hallway,t_shape_hallway,,0,t_shape_hallway/nav2/metrics_steps_nav2_t_shape_hallway_0.csv,True,47.79,0.3101381427119332
t_shape_hallway,nav2,nav2,t_shape_hallway,t_shape_hallway,,0,t_shape_hallway/nav2/metrics_steps_nav2_t_shape_hallway_0.csv,True,47.89,0.3132951679172528
t_shape_hallway,nav2,nav2,t_shape_hallway,t_shape_hallway,,0,t_shape_hallway/nav2/metrics_steps_nav2_t_shape_hallway_0.csv,True,47.99,0.3095146679464986
t_shape_hallway,nav2,nav2,t_shape_hallway,t_shape_hallway,,0,t_shape_hallway/nav2/metrics_steps_nav2_t_shape_hallway_0.csv,True,48.09,0.3096951315944225
t_shape_hallway,nav2,nav2,t_shape_hallway,t_shape_hallway,,0,t_shape_hallway/nav2/metrics_steps_nav2_t_shape_hallway_0.csv,True,48.19,0.3135734395327541
t_shape_hallway,nav2,nav2,t_shape_hallway,t_shape_hallway,,0,t_shape_hallway/nav2/metrics_steps_nav2_t_shape_hallway_0.csv,True,48.29,0.3162109221438964
t_shape_hallway,nav2,nav2,t_shape_hallway,t_shape_hallway,,0,t_shape_hallway/nav2/metrics_steps_nav2_t_shape_hallway_0.csv,True,48.39,0.3147577395589769
t_shape_hallway,nav2,nav2,t_shape_hallway,t_shape_hallway,,0,t_shape_hallway/nav2/metrics_steps_nav2_t_shape_hallway_0.csv,True,48.49,0.3245110652928162
t_shape_hallway,nav2,nav2,t_shape_hallway,t_shape_hallway,,0,t_shape_hallway/nav2/metrics_steps_nav2_t_shape_hallway_0.csv,True,48.59,0.3388224443961041
t_shape_hallway,nav2,nav2,t_shape_hallway,t_shape_hallway,,0,t_shape_hallway/nav2/metrics_steps_nav2_t_shape_hallway_0.csv,True,48.69,0.346432909943918
t_shape_hallway,nav2,nav2,t_shape_hallway,t_shape_hallway,,0,t_shape_hallway/nav2/metrics_steps_nav2_t_shape_hallway_0.csv,True,48.79,0.3445119533247798
t_shape_hallway,nav2,nav2,t_shape_hallway,t_shape_hallway,,0,t_shape_hallway/nav2/metrics_steps_nav2_t_shape_hallway_0.csv,True,48.89,0.3397594782733755
t_shape_hallway,nav2,nav2,t_shape_hallway,t_shape_hallway,,0,t_shape_hallway/nav2/metrics_steps_nav2_t_shape_hallway_0.csv,True,48.99,0.3423579270227224
t_shape_hallway,nav2,nav2,t_shape_hallway,t_shape_hallway,,0,t_shape_hallway/nav2/metrics_steps_nav2_t_shape_hallway_0.csv,True,49.09,0.3473662052688575
t_shape_hallway,nav2,nav2,t_shape_hallway,t_shape_hallway,,0,t_shape_hallway/nav2/metrics_steps_nav2_t_shape_hallway_0.csv,True,49.19,0.3495216713677975
t_shape_hallway,nav2,nav2,t_shape_hallway,t_shape_hallway,,0,t_shape_hallway/nav2/metrics_steps_nav2_t_shape_hallway_0.csv,True,49.29,0.3499173910213602
t_shape_hallway,nav2,nav2,t_shape_hallway,t_shape_hallway,,0,t_shape_hallway/nav2/metrics_steps_nav2_t_shape_hallway_0.csv,True,49.39,0.3519676853718325
t_shape_hallway,nav2,nav2,t_shape_hallway,t_shape_hallway,,0,t_shape_hallway/nav2/metrics_steps_nav2_t_shape_hallway_0.csv,True,49.49,0.3520843522153902
t_shape_hallway,nav2,nav2,t_shape_hallway,t_shape_hallway,,0,t_shape_hallway/nav2/metrics_steps_nav2_t_shape_hallway_0.csv,True,49.59,0.3521264630859304
t_shape_hallway,nav2,nav2,t_shape_hallway,t_shape_hallway,,0,t_shape_hallway/nav2/metrics_steps_nav2_t_shape_hallway_0.csv,True,49.69,0.3530740829378316
t_shape_hallway,nav2,nav2,t_shape_hallway,t_shape_hallway,,0,t_shape_hallway/nav2/metrics_steps_nav2_t_shape_hallway_0.csv,True,49.79,0.3552771546470592
t_shape_hallway,nav2,nav2,t_shape_hallway,t_shape_hallway,,0,t_shape_hallway/nav2/metrics_steps_nav2_t_shape_hallway_0.csv,True,49.89,0.3612911463572685
t_shape_hallway,nav2,nav2,t_shape_hallway,t_shape_hallway,,0,t_shape_hallway/nav2/metrics_steps_nav2_t_shape_hallway_0.csv,True,49.99,0.3680375419748312
t_shape_hallway,nav2,nav2,t_shape_hallway,t_shape_hallway,,0,t_shape_hallway/nav2/metrics_steps_nav2_t_shape_hallway_0.csv,True,50.09,0.3734817999983124
t_shape_hallway,nav2,nav2,t_shape_hallway,t_shape_hallway,,0,t_shape_hallway/nav2/metrics_steps_nav2_t_shape_hallway_0.csv,True,50.19,0.3787840534793187
t_shape_hallway,nav2,nav2,t_shape_hallway,t_shape_hallway,,0,t_shape_hallway/nav2/metrics_steps_nav2_t_shape_hallway_0.csv,True,50.29,0.3751445323816076
t_shape_hallway,nav2,nav2,t_shape_hallway,t_shape_hallway,,0,t_shape_hallway/nav2/metrics_steps_nav2_t_shape_hallway_0.csv,True,50.39,0.3603412523936844
t_shape_hallway,nav2,nav2,t_shape_hallway,t_shape_hallway,,0,t_shape_hallway/nav2/metrics_steps_nav2_t_shape_hallway_0.csv,True,50.49,0.3531291435382087
t_shape_hallway,nav2,nav2,t_shape_hallway,t_shape_hallway,,0,t_shape_hallway/nav2/metrics_steps_nav2_t_shape_hallway_0.csv,True,50.59,0.3516082826890352
t_shape_hallway,nav2,nav2,t_shape_hallway,t_shape_hallway,,0,t_shape_hallway/nav2/metrics_steps_nav2_t_shape_hallway_0.csv,True,50.69,0.3482454002250228
t_shape_hallway,nav2,nav2,t_shape_hallway,t_shape_hallway,,0,t_shape_hallway/nav2/metrics_steps_nav2_t_shape_hallway_0.csv,True,50.79,0.3424274518107
t_shape_hallway,nav2,nav2,t_shape_hallway,t_shape_hallway,,0,t_shape_hallway/nav2/metrics_steps_nav2_t_shape_hallway_0.csv,True,50.89,0.3445818137716741
t_shape_hallway,nav2,nav2,t_shape_hallway,t_shape_hallway,,0,t_shape_hallway/nav2/metrics_steps_nav2_t_shape_hallway_0.csv,True,50.99,0.3434617720989215
t_shape_hallway,nav2,nav2,t_shape_hallway,t_shape_hallway,,0,t_shape_hallway/nav2/metrics_steps_nav2_t_shape_hallway_0.csv,True,51.09,0.3444762323568044
t_shape_hallway,nav2,nav2,t_shape_hallway,t_shape_hallway,,0,t_shape_hallway/nav2/metrics_steps_nav2_t_shape_hallway_0.csv,True,51.19,0.3490899373868781
t_shape_hallway,nav2,nav2,t_shape_hallway,t_shape_hallway,,0,t_shape_hallway/nav2/metrics_steps_nav2_t_shape_hallway_0.csv,True,51.29,0.3555592425374798
t_shape_hallway,nav2,nav2,t_shape_hallway,t_shape_hallway,,0,t_shape_hallway/nav2/metrics_steps_nav2_t_shape_hallway_0.csv,True,51.39,0.3590767671532373
t_shape_hallway,nav2,nav2,t_shape_hallway,t_shape_hallway,,0,t_shape_hallway/nav2/metrics_steps_nav2_t_shape_hallway_0.csv,True,51.49,0.3513219274540737
t_shape_hallway,nav2,nav2,t_shape_hallway,t_shape_hallway,,0,t_shape_hallway/nav2/metrics_steps_nav2_t_shape_hallway_0.csv,True,51.59,0.3272789727465608
t_shape_hallway,nav2,nav2,t_shape_hallway,t_shape_hallway,,0,t_shape_hallway/nav2/metrics_steps_nav2_t_shape_hallway_0.csv,True,51.69,0.2995746173089646
t_shape_hallway,nav2,nav2,t_shape_hallway,t_shape_hallway,,0,t_shape_hallway/nav2/metrics_steps_nav2_t_shape_hallway_0.csv,True,51.79,0.2791619650367749
t_shape_hallway,nav2,nav2,t_shape_hallway,t_shape_hallway,,0,t_shape_hallway/nav2/metrics_steps_nav2_t_shape_hallway_0.csv,True,51.89,0.2600697894178927
t_shape_hallway,nav2,nav2,t_shape_hallway,t_shape_hallway,,0,t_shape_hallway/nav2/metrics_steps_nav2_t_shape_hallway_0.csv,True,51.99,0.248670228062014
t_shape_hallway,nav2,nav2,t_shape_hallway,t_shape_hallway,,0,t_shape_hallway/nav2/metrics_steps_nav2_t_shape_hallway_0.csv,True,52.09,0.2490714389608354
t_shape_hallway,nav2,nav2,t_shape_hallway,t_shape_hallway,,0,t_shape_hallway/nav2/metrics_steps_nav2_t_shape_hallway_0.csv,True,52.19,0.2525316769158356
t_shape_hallway,nav2,nav2,t_shape_hallway,t_shape_hallway,,0,t_shape_hallway/nav2/metrics_steps_nav2_t_shape_hallway_0.csv,True,52.29,0.2442504188382329
t_shape_hallway,nav2,nav2,t_shape_hallway,t_shape_hallway,,0,t_shape_hallway/nav2/metrics_steps_nav2_t_shape_hallway_0.csv,True,52.39,0.231663834990673
t_shape_hallway,nav2,nav2,t_shape_hallway,t_shape_hallway,,0,t_shape_hallway/nav2/metrics_steps_nav2_t_shape_hallway_0.csv,True,52.49,0.2308485963622908
t_shape_hallway,nav2,nav2,t_shape_hallway,t_shape_hallway,,0,t_shape_hallway/nav2/metrics_steps_nav2_t_shape_hallway_0.csv,True,52.59,0.2348862468995867
t_shape_hallway,nav2,nav2,t_shape_hallway,t_shape_hallway,,0,t_shape_hallway/nav2/metrics_steps_nav2_t_shape_hallway_0.csv,True,52.69,0.2529676923207207
t_shape_hallway,nav2,nav2,t_shape_hallway,t_shape_hallway,,0,t_shape_hallway/nav2/metrics_steps_nav2_t_shape_hallway_0.csv,True,52.79,0.2724020673711973
t_shape_hallway,nav2,nav2,t_shape_hallway,t_shape_hallway,,0,t_shape_hallway/nav2/metrics_steps_nav2_t_shape_hallway_0.csv,True,52.89,0.2708363286061164
t_shape_hallway,nav2,nav2,t_shape_hallway,t_shape_hallway,,0,t_shape_hallway/nav2/metrics_steps_nav2_t_shape_hallway_0.csv,True,52.99,0.2751185289445639
t_shape_hallway,nav2,nav2,t_shape_hallway,t_shape_hallway,,0,t_shape_hallway/nav2/metrics_steps_nav2_t_shape_hallway_0.csv,True,53.09,0.279986848850978
t_shape_hallway,nav2,nav2,t_shape_hallway,t_shape_hallway,,0,t_shape_hallway/nav2/metrics_steps_nav2_t_shape_hallway_0.csv,True,53.19,0.2799724644128083
t_shape_hallway,nav2,nav2,t_shape_hallway,t_shape_hallway,,0,t_shape_hallway/nav2/metrics_steps_nav2_t_shape_hallway_0.csv,True,53.29,0.2881878827258493
t_shape_hallway,nav2,nav2,t_shape_hallway,t_shape_hallway,,0,t_shape_hallway/nav2/metrics_steps_nav2_t_shape_hallway_0.csv,True,53.39,0.3160261580621741
t_shape_hallway,nav2,nav2,t_shape_hallway,t_shape_hallway,,0,t_shape_hallway/nav2/metrics_steps_nav2_t_shape_hallway_0.csv,True,53.49,0.3572003507195431
t_shape_hallway,nav2,nav2,t_shape_hallway,t_shape_hallway,,0,t_shape_hallway/nav2/metrics_steps_nav2_t_shape_hallway_0.csv,True,53.59,0.3993435077764162
t_shape_hallway,nav2,nav2,t_shape_hallway,t_shape_hallway,,0,t_shape_hallway/nav2/metrics_steps_nav2_t_shape_hallway_0.csv,True,53.69,0.4505468801534629
t_shape_hallway,nav2,nav2,t_shape_hallway,t_shape_hallway,,0,t_shape_hallway/nav2/metrics_steps_nav2_t_shape_hallway_0.csv,True,53.79,0.5126627903625094
t_shape_hallway,nav2,nav2,t_shape_hallway,t_shape_hallway,,0,t_shape_hallway/nav2/metrics_steps_nav2_t_shape_hallway_0.csv,True,53.89,0.5782763725459534
t_shape_hallway,nav2,nav2,t_shape_hallway,t_shape_hallway,,0,t_shape_hallway/nav2/metrics_steps_nav2_t_shape_hallway_0.csv,True,53.99,0.5534136642814869
t_shape_hallway,nav2,nav2,t_shape_hallway,t_shape_hallway,,0,t_shape_hallway/nav2/metrics_steps_nav2_t_shape_hallway_0.csv,True,54.09,0.4890967559806853
t_shape_hallway,nav2,nav2,t_shape_hallway,t_shape_hallway,,0,t_shape_hallway/nav2/metrics_steps_nav2_t_shape_hallway_0.csv,True,54.19,0.4078696286951422
t_shape_hallway,nav2,nav2,t_shape_hallway,t_shape_hallway,,0,t_shape_hallway/nav2/metrics_steps_nav2_t_shape_hallway_0.csv,True,54.29,0.3239134913637762
t_shape_hallway,nav2,nav2,t_shape_hallway,t_shape_hallway,,0,t_shape_hallway/nav2/metrics_steps_nav2_t_shape_hallway_0.csv,True,54.39,0.2544232362933516
t_shape_hallway,nav2,nav2,t_shape_hallway,t_shape_hallway,,0,t_shape_hallway/nav2/metrics_steps_nav2_t_shape_hallway_0.csv,True,54.49,0.2041528406988021
t_shape_hallway,nav2,nav2,t_shape_hallway,t_shape_hallway,,0,t_shape_hallway/nav2/metrics_steps_nav2_t_shape_hallway_0.csv,True,54.59,0.1596571745889403
t_shape_hallway,nav2,nav2,t_shape_hallway,t_shape_hallway,,0,t_shape_hallway/nav2/metrics_steps_nav2_t_shape_hallway_0.csv,True,54.69,0.1102252925083154
t_shape_hallway,nav2,nav2,t_shape_hallway,t_shape_hallway,,0,t_shape_hallway/nav2/metrics_steps_nav2_t_shape_hallway_0.csv,True,54.79,0.0670193717812756
t_shape_hallway,nav2,nav2,t_shape_hallway,t_shape_hallway,,0,t_shape_hallway/nav2/metrics_steps_nav2_t_shape_hallway_0.csv,True,54.89,0.0802924334978764
t_shape_hallway,nav2,nav2,t_shape_hallway,t_shape_hallway,,0,t_shape_hallway/nav2/metrics_steps_nav2_t_shape_hallway_0.csv,True,54.99,0.1532181055993244
t_shape_hallway,nav2,nav2,t_shape_hallway,t_shape_hallway,,0,t_shape_hallway/nav2/metrics_steps_nav2_t_shape_hallway_0.csv,True,55.09,0.2540970892431886
t_shape_hallway,nav2,nav2,t_shape_hallway,t_shape_hallway,,0,t_shape_hallway/nav2/metrics_steps_nav2_t_shape_hallway_0.csv,True,55.19,0.3642236097545206
t_shape_hallway,nav2,nav2,t_shape_hallway,t_shape_hallway,,0,t_shape_hallway/nav2/metrics_steps_nav2_t_shape_hallway_0.csv,True,55.29,0.4752431228720819
t_shape_hallway,nav2,nav2,t_shape_hallway,t_shape_hallway,,0,t_shape_hallway/nav2/metrics_steps_nav2_t_shape_hallway_0.csv,True,55.39,0.5837872036832259
t_shape_hallway,nav2,nav2,t_shape_hallway,t_shape_hallway,,0,t_shape_hallway/nav2/metrics_steps_nav2_t_shape_hallway_0.csv,True,55.49,0.6893660542496529
t_shape_hallway,nav2,nav2,t_shape_hallway,t_shape_hallway,,0,t_shape_hallway/nav2/metrics_steps_nav2_t_shape_hallway_0.csv,True,55.59,0.7444738630684795
t_shape_hallway,nav2,nav2,t_shape_hallway,t_shape_hallway,,0,t_shape_hallway/nav2/metrics_steps_nav2_t_shape_hallway_0.csv,True,55.69,0.7005667046226729
t_shape_hallway,nav2,nav2,t_shape_hallway,t_shape_hallway,,0,t_shape_hallway/nav2/metrics_steps_nav2_t_shape_hallway_0.csv,True,55.79,0.6635450332033457
t_shape_hallway,nav2,nav2,t_shape_hallway,t_shape_hallway,,0,t_shape_hallway/nav2/metrics_steps_nav2_t_shape_hallway_0.csv,True,55.89,0.6324155111298497
t_shape_hallway,nav2,nav2,t_shape_hallway,t_shape_hallway,,0,t_shape_hallway/nav2/metrics_steps_nav2_t_shape_hallway_0.csv,True,55.99,0.6020389787347864
t_shape_hallway,nav2,nav2,t_shape_hallway,t_shape_hallway,,0,t_shape_hallway/nav2/metrics_steps_nav2_t_shape_hallway_0.csv,True,56.09,0.5745939720933724
t_shape_hallway,nav2,nav2,t_shape_hallway,t_shape_hallway,,0,t_shape_hallway/nav2/metrics_steps_nav2_t_shape_hallway_0.csv,True,56.19,0.5526815718572768
t_shape_hallway,nav2,nav2,t_shape_hallway,t_shape_hallway,,0,t_shape_hallway/nav2/metrics_steps_nav2_t_shape_hallway_0.csv,True,56.29,0.5349854719116676
t_shape_hallway,nav2,nav2,t_shape_hallway,t_shape_hallway,,0,t_shape_hallway/nav2/metrics_steps_nav2_t_shape_hallway_0.csv,True,56.39,0.5210180808900968
t_shape_hallway,nav2,nav2,t_shape_hallway,t_shape_hallway,,0,t_shape_hallway/nav2/metrics_steps_nav2_t_shape_hallway_0.csv,True,56.49,0.5110796427127808
t_shape_hallway,nav2,nav2,t_shape_hallway,t_shape_hallway,,0,t_shape_hallway/nav2/metrics_steps_nav2_t_shape_hallway_0.csv,True,56.59,0.5018614416594762
t_shape_hallway,nav2,nav2,t_shape_hallway,t_shape_hallway,,0,t_shape_hallway/nav2/metrics_steps_nav2_t_shape_hallway_0.csv,True,56.69,0.495243898716422
t_shape_hallway,nav2,nav2,t_shape_hallway,t_shape_hallway,,0,t_shape_hallway/nav2/metrics_steps_nav2_t_shape_hallway_0.csv,True,56.79,0.4955170271771196
t_shape_hallway,nav2,nav2,t_shape_hallway,t_shape_hallway,,0,t_shape_hallway/nav2/metrics_steps_nav2_t_shape_hallway_0.csv,True,56.89,0.5032350314867868
t_shape_hallway,nav2,nav2,t_shape_hallway,t_shape_hallway,,0,t_shape_hallway/nav2/metrics_steps_nav2_t_shape_hallway_0.csv,True,56.99,0.516264074612053
t_shape_hallway,nav2,nav2,t_shape_hallway,t_shape_hallway,,0,t_shape_hallway/nav2/metrics_steps_nav2_t_shape_hallway_0.csv,True,57.09,0.5290528781622801
t_shape_hallway,nav2,nav2,t_shape_hallway,t_shape_hallway,,0,t_shape_hallway/nav2/metrics_steps_nav2_t_shape_hallway_0.csv,True,57.19,0.5338471327603211
t_shape_hallway,nav2,nav2,t_shape_hallway,t_shape_hallway,,0,t_shape_hallway/nav2/metrics_steps_nav2_t_shape_hallway_0.csv,True,57.29,0.5342738646329603
t_shape_hallway,nav2,nav2,t_shape_hallway,t_shape_hallway,,0,t_shape_hallway/nav2/metrics_steps_nav2_t_shape_hallway_0.csv,True,57.39,0.5333970881051513
wide_hallway,mcts,mcts,wide_hallway,3_agents_group,,0,wide_hallway/mcts/metrics_steps_3_agents_group_0.csv,True,0.0,12.050675001680782
wide_hallway,mcts,mcts,wide_hallway,3_agents_group,,0,wide_hallway/mcts/metrics_steps_3_agents_group_0.csv,True,0.1,11.99444732590799
wide_hallway,mcts,mcts,wide_hallway,3_agents_group,,0,wide_hallway/mcts/metrics_steps_3_agents_group_0.csv,True,0.2,11.909071391217324
wide_hallway,mcts,mcts,wide_hallway,3_agents_group,,0,wide_hallway/mcts/metrics_steps_3_agents_group_0.csv,True,0.3,11.79696830682761
wide_hallway,mcts,mcts,wide_hallway,3_agents_group,,0,wide_hallway/mcts/metrics_steps_3_agents_group_0.csv,True,0.4,11.666108919656455
wide_hallway,mcts,mcts,wide_hallway,3_agents_group,,0,wide_hallway/mcts/metrics_steps_3_agents_group_0.csv,True,0.5,11.51794134789061
wide_hallway,mcts,mcts,wide_hallway,3_agents_group,,0,wide_hallway/mcts/metrics_steps_3_agents_group_0.csv,True,0.6,11.355889331082333
wide_hallway,mcts,mcts,wide_hallway,3_agents_group,,0,wide_hallway/mcts/metrics_steps_3_agents_group_0.csv,True,0.7,11.184192660815304
wide_hallway,mcts,mcts,wide_hallway,3_agents_group,,0,wide_hallway/mcts/metrics_steps_3_agents_group_0.csv,True,0.8,11.001553008019776
wide_hallway,mcts,mcts,wide_hallway,3_agents_group,,0,wide_hallway/mcts/metrics_steps_3_agents_group_0.csv,True,0.9,10.809097163424898
wide_hallway,mcts,mcts,wide_hallway,3_agents_group,,0,wide_hallway/mcts/metrics_steps_3_agents_group_0.csv,True,1.0,10.611075094738425
wide_hallway,mcts,mcts,wide_hallway,3_agents_group,,0,wide_hallway/mcts/metrics_steps_3_agents_group_0.csv,True,1.1,10.40816527927951
wide_hallway,mcts,mcts,wide_hallway,3_agents_group,,0,wide_hallway/mcts/metrics_steps_3_agents_group_0.csv,True,1.2,10.19585628229371
wide_hallway,mcts,mcts,wide_hallway,3_agents_group,,0,wide_hallway/mcts/metrics_steps_3_agents_group_0.csv,True,1.3,9.9775974650895
wide_hallway,mcts,mcts,wide_hallway,3_agents_group,,0,wide_hallway/mcts/metrics_steps_3_agents_group_0.csv,True,1.4,9.758197280037471
wide_hallway,mcts,mcts,wide_hallway,3_agents_group,,0,wide_hallway/mcts/metrics_steps_3_agents_group_0.csv,True,1.5,9.5361834362766
wide_hallway,mcts,mcts,wide_hallway,3_agents_group,,0,wide_hallway/mcts/metrics_steps_3_agents_group_0.csv,True,1.6,9.313126326626298
wide_hallway,mcts,mcts,wide_hallway,3_agents_group,,0,wide_hallway/mcts/metrics_steps_3_agents_group_0.csv,True,1.7,9.09138120192355
wide_hallway,mcts,mcts,wide_hallway,3_agents_group,,0,wide_hallway/mcts/metrics_steps_3_agents_group_0.csv,True,1.8,8.870699629415006
wide_hallway,mcts,mcts,wide_hallway,3_agents_group,,0,wide_hallway/mcts/metrics_steps_3_agents_group_0.csv,True,1.9,8.647958063303792
wide_hallway,mcts,mcts,wide_hallway,3_agents_group,,0,wide_hallway/mcts/metrics_steps_3_agents_group_0.csv,True,2.0,8.423043754178437
wide_hallway,mcts,mcts,wide_hallway,3_agents_group,,0,wide_hallway/mcts/metrics_steps_3_agents_group_0.csv,True,2.1,8.197470173399799
wide_hallway,mcts,mcts,wide_hallway,3_agents_group,,0,wide_hallway/mcts/metrics_steps_3_agents_group_0.csv,True,2.2,7.971386698994221
wide_hallway,mcts,mcts,wide_hallway,3_agents_group,,0,wide_hallway/mcts/metrics_steps_3_agents_group_0.csv,True,2.3,7.745816044656115
wide_hallway,mcts,mcts,wide_hallway,3_agents_group,,0,wide_hallway/mcts/metrics_steps_3_agents_group_0.csv,True,2.4,7.519074549673023
wide_hallway,mcts,mcts,wide_hallway,3_agents_group,,0,wide_hallway/mcts/metrics_steps_3_agents_group_0.csv,True,2.5,7.294011276558086
wide_hallway,mcts,mcts,wide_hallway,3_agents_group,,0,wide_hallway/mcts/metrics_steps_3_agents_group_0.csv,True,2.6,7.0724111527146
wide_hallway,mcts,mcts,wide_hallway,3_agents_group,,0,wide_hallway/mcts/metrics_steps_3_agents_group_0.csv,True,2.7,6.851107341397915
wide_hallway,mcts,mcts,wide_hallway,3_agents_group,,0,wide_hallway/mcts/metrics_steps_3_agents_group_0.csv,True,2.8,6.631875518161925
wide_hallway,mcts,mcts,wide_hallway,3_agents_group,,0,wide_hallway/mcts/metrics_steps_3_agents_group_0.csv,True,2.9,6.419672915876749
wide_hallway,mcts,mcts,wide_hallway,3_agents_group,,0,wide_hallway/mcts/metrics_steps_3_agents_group_0.csv,True,3.0,6.203199628589371
wide_hallway,mcts,mcts,wide_hallway,3_agents_group,,0,wide_hallway/mcts/metrics_steps_3_agents_group_0.csv,True,3.1,5.978129192832295
wide_hallway,mcts,mcts,wide_hallway,3_agents_group,,0,wide_hallway/mcts/metrics_steps_3_agents_group_0.csv,True,3.2,5.751837988925647
wide_hallway,mcts,mcts,wide_hallway,3_agents_group,,0,wide_hallway/mcts/metrics_steps_3_agents_group_0.csv,True,3.3,5.526561318708139
wide_hallway,mcts,mcts,wide_hallway,3_agents_group,,0,wide_hallway/mcts/metrics_steps_3_agents_group_0.csv,True,3.4,5.306608452728895
wide_hallway,mcts,mcts,wide_hallway,3_agents_group,,0,wide_hallway/mcts/metrics_steps_3_agents_group_0.csv,True,3.5,5.09202094960114
wide_hallway,mcts,mcts,wide_hallway,3_agents_group,,0,wide_hallway/mcts/metrics_steps_3_agents_group_0.csv,True,3.6,4.882619237559348
wide_hallway,mcts,mcts,wide_hallway,3_agents_group,,0,wide_hallway/mcts/metrics_steps_3_agents_group_0.csv,True,3.7,4.676646386020658
wide_hallway,mcts,mcts,wide_hallway,3_agents_group,,0,wide_hallway/mcts/metrics_steps_3_agents_group_0.csv,True,3.8,4.470814061070662
wide_hallway,mcts,mcts,wide_hallway,3_agents_group,,0,wide_hallway/mcts/metrics_steps_3_agents_group_0.csv,True,3.9,4.259726473625599
wide_hallway,mcts,mcts,wide_hallway,3_agents_group,,0,wide_hallway/mcts/metrics_steps_3_agents_group_0.csv,True,4.0,4.045220976816233
wide_hallway,mcts,mcts,wide_hallway,3_agents_group,,0,wide_hallway/mcts/metrics_steps_3_agents_group_0.csv,True,4.1,3.8295379842007753
wide_hallway,mcts,mcts,wide_hallway,3_agents_group,,0,wide_hallway/mcts/metrics_steps_3_agents_group_0.csv,True,4.2,3.615354635515077
wide_hallway,mcts,mcts,wide_hallway,3_agents_group,,0,wide_hallway/mcts/metrics_steps_3_agents_group_0.csv,True,4.3,3.4036627533548973
wide_hallway,mcts,mcts,wide_hallway,3_agents_group,,0,wide_hallway/mcts/metrics_steps_3_agents_group_0.csv,True,4.4,3.200093488019464
wide_hallway,mcts,mcts,wide_hallway,3_agents_group,,0,wide_hallway/mcts/metrics_steps_3_agents_group_0.csv,True,4.5,2.994610706276058
wide_hallway,mcts,mcts,wide_hallway,3_agents_group,,0,wide_hallway/mcts/metrics_steps_3_agents_group_0.csv,True,4.6,2.7889257228956192
wide_hallway,mcts,mcts,wide_hallway,3_agents_group,,0,wide_hallway/mcts/metrics_steps_3_agents_group_0.csv,True,4.7,2.5890945909088257
wide_hallway,mcts,mcts,wide_hallway,3_agents_group,,0,wide_hallway/mcts/metrics_steps_3_agents_group_0.csv,True,4.8,2.3934426332748373
wide_hallway,mcts,mcts,wide_hallway,3_agents_group,,0,wide_hallway/mcts/metrics_steps_3_agents_group_0.csv,True,4.9,2.207936169257625
wide_hallway,mcts,mcts,wide_hallway,3_agents_group,,0,wide_hallway/mcts/metrics_steps_3_agents_group_0.csv,True,5.0,2.0247346846111887
wide_hallway,mcts,mcts,wide_hallway,3_agents_group,,0,wide_hallway/mcts/metrics_steps_3_agents_group_0.csv,True,5.1,1.8451728821834847
wide_hallway,mcts,mcts,wide_hallway,3_agents_group,,0,wide_hallway/mcts/metrics_steps_3_agents_group_0.csv,True,5.2,1.6733015755271827
wide_hallway,mcts,mcts,wide_hallway,3_agents_group,,0,wide_hallway/mcts/metrics_steps_3_agents_group_0.csv,True,5.3,1.5114331276296906
wide_hallway,mcts,mcts,wide_hallway,3_agents_group,,0,wide_hallway/mcts/metrics_steps_3_agents_group_0.csv,True,5.4,1.3619668984693272
wide_hallway,mcts,mcts,wide_hallway,3_agents_group,,0,wide_hallway/mcts/metrics_steps_3_agents_group_0.csv,True,5.5,1.2306827000000082
wide_hallway,mcts,mcts,wide_hallway,3_agents_group,,0,wide_hallway/mcts/metrics_steps_3_agents_group_0.csv,True,5.6,1.118409974095553
wide_hallway,mcts,mcts,wide_hallway,3_agents_group,,0,wide_hallway/mcts/metrics_steps_3_agents_group_0.csv,True,5.7,1.029927240317492
wide_hallway,mcts,mcts,wide_hallway,3_agents_group,,0,wide_hallway/mcts/metrics_steps_3_agents_group_0.csv,True,5.8,0.9692141250331074
wide_hallway,mcts,mcts,wide_hallway,3_agents_group,,0,wide_hallway/mcts/metrics_steps_3_agents_group_0.csv,True,5.9,0.9369073000740404
wide_hallway,mcts,mcts,wide_hallway,3_agents_group,,0,wide_hallway/mcts/metrics_steps_3_agents_group_0.csv,True,6.0,0.9326585045263572
wide_hallway,mcts,mcts,wide_hallway,3_agents_group,,0,wide_hallway/mcts/metrics_steps_3_agents_group_0.csv,True,6.1,0.9586518841582888
wide_hallway,mcts,mcts,wide_hallway,3_agents_group,,0,wide_hallway/mcts/metrics_steps_3_agents_group_0.csv,True,6.2,1.0123029380457358
wide_hallway,mcts,mcts,wide_hallway,3_agents_group,,0,wide_hallway/mcts/metrics_steps_3_agents_group_0.csv,True,6.3,1.092124757440678
wide_hallway,mcts,mcts,wide_hallway,3_agents_group,,0,wide_hallway/mcts/metrics_steps_3_agents_group_0.csv,True,6.4,0.9314957924844238
wide_hallway,mcts,mcts,wide_hallway,3_agents_group,,0,wide_hallway/mcts/metrics_steps_3_agents_group_0.csv,True,6.5,0.756976346820204
wide_hallway,mcts,mcts,wide_hallway,3_agents_group,,0,wide_hallway/mcts/metrics_steps_3_agents_group_0.csv,True,6.6,0.5970948701254881
wide_hallway,mcts,mcts,wide_hallway,3_agents_group,,0,wide_hallway/mcts/metrics_steps_3_agents_group_0.csv,True,6.7,0.4584865451019431
wide_hallway,mcts,mcts,wide_hallway,3_agents_group,,0,wide_hallway/mcts/metrics_steps_3_agents_group_0.csv,True,6.8,0.3551197875876779
wide_hallway,mcts,mcts,wide_hallway,3_agents_group,,0,wide_hallway/mcts/metrics_steps_3_agents_group_0.csv,True,6.9,0.3038485579141532
wide_hallway,mcts,mcts,wide_hallway,3_agents_group,,0,wide_hallway/mcts/metrics_steps_3_agents_group_0.csv,True,7.0,0.3150955026723612
wide_hallway,mcts,mcts,wide_hallway,3_agents_group,,0,wide_hallway/mcts/metrics_steps_3_agents_group_0.csv,True,7.1,0.3803572579665539
wide_hallway,mcts,mcts,wide_hallway,3_agents_group,,0,wide_hallway/mcts/metrics_steps_3_agents_group_0.csv,True,7.2,0.481711913593754
wide_hallway,mcts,mcts,wide_hallway,3_agents_group,,0,wide_hallway/mcts/metrics_steps_3_agents_group_0.csv,True,7.3,0.6073799024672759
wide_hallway,mcts,mcts,wide_hallway,3_agents_group,,0,wide_hallway/mcts/metrics_steps_3_agents_group_0.csv,True,7.4,0.7502515781323993
wide_hallway,mcts,mcts,wide_hallway,3_agents_group,,0,wide_hallway/mcts/metrics_steps_3_agents_group_0.csv,True,7.5,0.9062327919813709
wide_hallway,mcts,mcts,wide_hallway,3_agents_group,,0,wide_hallway/mcts/metrics_steps_3_agents_group_0.csv,True,7.6,1.0743932217298473
wide_hallway,mcts,mcts,wide_hallway,3_agents_group,,0,wide_hallway/mcts/metrics_steps_3_agents_group_0.csv,True,7.7,1.0716394284274686
wide_hallway,mcts,mcts,wide_hallway,3_agents_group,,0,wide_hallway/mcts/metrics_steps_3_agents_group_0.csv,True,7.8,1.0263510889573686
wide_hallway,mcts,mcts,wide_hallway,3_agents_group,,0,wide_hallway/mcts/metrics_steps_3_agents_group_0.csv,True,7.9,1.010409379574704
wide_hallway,mcts,mcts,wide_hallway,3_agents_group,,0,wide_hallway/mcts/metrics_steps_3_agents_group_0.csv,True,8.0,1.0253975319298665
wide_hallway,mcts,mcts,wide_hallway,3_agents_group,,0,wide_hallway/mcts/metrics_steps_3_agents_group_0.csv,True,8.1,1.0728125024019766
wide_hallway,mcts,mcts,wide_hallway,3_agents_group,,0,wide_hallway/mcts/metrics_steps_3_agents_group_0.csv,True,8.2,1.1525040880166366
wide_hallway,mcts,mcts,wide_hallway,3_agents_group,,0,wide_hallway/mcts/metrics_steps_3_agents_group_0.csv,True,8.3,1.2589727363846404
wide_hallway,mcts,mcts,wide_hallway,3_agents_group,,0,wide_hallway/mcts/metrics_steps_3_agents_group_0.csv,True,8.4,1.384400994019157
wide_hallway,mcts,mcts,wide_hallway,3_agents_group,,0,wide_hallway/mcts/metrics_steps_3_agents_group_0.csv,True,8.5,1.524696097871466
wide_hallway,mcts,mcts,wide_hallway,3_agents_group,,0,wide_hallway/mcts/metrics_steps_3_agents_group_0.csv,True,8.6,1.6770548304145851
wide_hallway,mcts,mcts,wide_hallway,3_agents_group,,0,wide_hallway/mcts/metrics_steps_3_agents_group_0.csv,True,8.7,1.836754411054497
wide_hallway,mcts,mcts,wide_hallway,3_agents_group,,0,wide_hallway/mcts/metrics_steps_3_agents_group_0.csv,True,8.8,2.0038673306178896
wide_hallway,mcts,mcts,wide_hallway,3_agents_group,,0,wide_hallway/mcts/metrics_steps_3_agents_group_0.csv,True,8.9,2.1782725892907933
wide_hallway,mcts,mcts,wide_hallway,3_agents_group,,0,wide_hallway/mcts/metrics_steps_3_agents_group_0.csv,True,9.0,2.364007962472777
wide_hallway,mcts,mcts,wide_hallway,3_agents_group,,0,wide_hallway/mcts/metrics_steps_3_agents_group_0.csv,True,9.1,2.557155980245743
wide_hallway,mcts,mcts,wide_hallway,3_agents_group,,0,wide_hallway/mcts/metrics_steps_3_agents_group_0.csv,True,9.2,2.755981571821748
wide_hallway,mcts,mcts,wide_hallway,3_agents_group,,0,wide_hallway/mcts/metrics_steps_3_agents_group_0.csv,True,9.3,2.959098032374116
wide_hallway,mcts,mcts,wide_hallway,3_agents_group,,0,wide_hallway/mcts/metrics_steps_3_agents_group_0.csv,True,9.4,3.156360789360847
wide_hallway,mcts,mcts,wide_hallway,3_agents_group,,0,wide_hallway/mcts/metrics_steps_3_agents_group_0.csv,True,9.5,3.3500453495844216
wide_hallway,mcts,mcts,wide_hallway,3_agents_group,,0,wide_hallway/mcts/metrics_steps_3_agents_group_0.csv,True,9.6,3.536928948422561
wide_hallway,mcts,mcts,wide_hallway,3_agents_group,,0,wide_hallway/mcts/metrics_steps_3_agents_group_0.csv,True,9.7,3.72016127264258
wide_hallway,mcts,mcts,wide_hallway,3_agents_group,,0,wide_hallway/mcts/metrics_steps_3_agents_group_0.csv,True,9.8,3.905412903702726
wide_hallway,mcts,mcts,wide_hallway,3_agents_group,,0,wide_hallway/mcts/metrics_steps_3_agents_group_0.csv,True,9.9,4.0990574227009695
wide_hallway,mcts,mcts,wide_hallway,3_agents_group,,0,wide_hallway/mcts/metrics_steps_3_agents_group_0.csv,True,10.0,4.299695969563578
wide_hallway,mcts,mcts,wide_hallway,3_agents_group,,0,wide_hallway/mcts/metrics_steps_3_agents_group_0.csv,True,10.1,4.505584847846084
wide_hallway,mcts,mcts,wide_hallway,3_agents_group,,0,wide_hallway/mcts/metrics_steps_3_agents_group_0.csv,True,10.2,4.713425515133162
wide_hallway,mcts,mcts,wide_hallway,3_agents_group,,0,wide_hallway/mcts/metrics_steps_3_agents_group_0.csv,True,10.3,4.922626406633071
wide_hallway,mcts,mcts,wide_hallway,3_agents_group,,0,wide_hallway/mcts/metrics_steps_3_agents_group_0.csv,True,10.4,5.133155537249853
wide_hallway,mcts,mcts,wide_hallway,3_agents_group,,0,wide_hallway/mcts/metrics_steps_3_agents_group_0.csv,True,10.5,5.343172918302676
wide_hallway,mcts,mcts,wide_hallway,3_agents_group,,0,wide_hallway/mcts/metrics_steps_3_agents_group_0.csv,True,10.6,5.553939141567347
wide_hallway,mcts,mcts,wide_hallway,3_agents_group,,0,wide_hallway/mcts/metrics_steps_3_agents_group_0.csv,True,10.7,5.766186665356334
wide_hallway,mcts,mcts,wide_hallway,3_agents_group,,0,wide_hallway/mcts/metrics_steps_3_agents_group_0.csv,True,10.8,5.979099903318389
wide_hallway,mcts,mcts,wide_hallway,3_agents_group,,0,wide_hallway/mcts/metrics_steps_3_agents_group_0.csv,True,10.9,6.190670385110917
wide_hallway,mcts,mcts,wide_hallway,3_agents_group,,0,wide_hallway/mcts/metrics_steps_3_agents_group_0.csv,True,11.0,6.402548902381014
wide_hallway,mcts,mcts,wide_hallway,3_agents_group,,0,wide_hallway/mcts/metrics_steps_3_agents_group_0.csv,True,11.1,6.616325434989376
wide_hallway,mcts,mcts,wide_hallway,3_agents_group,,0,wide_hallway/mcts/metrics_steps_3_agents_group_0.csv,True,11.2,6.83005796400701
wide_hallway,mcts,mcts,wide_hallway,3_agents_group,,0,wide_hallway/mcts/metrics_steps_3_agents_group_0.csv,True,11.3,7.041045800147859
wide_hallway,mcts,mcts,wide_hallway,3_agents_group,,0,wide_hallway/mcts/metrics_steps_3_agents_group_0.csv,True,11.4,7.243254974307725
wide_hallway,mcts,mcts,wide_hallway,3_agents_group,,0,wide_hallway/mcts/metrics_steps_3_agents_group_0.csv,True,11.5,7.447745597752696
wide_hallway,mcts,mcts,wide_hallway,3_agents_group,,0,wide_hallway/mcts/metrics_steps_3_agents_group_0.csv,True,11.6,7.656393760886949
wide_hallway,mcts,mcts,wide_hallway,3_agents_group,,0,wide_hallway/mcts/metrics_steps_3_agents_group_0.csv,True,11.7,7.870607150593152
wide_hallway,mcts,mcts,wide_hallway,3_agents_group,,0,wide_hallway/mcts/metrics_steps_3_agents_group_0.csv,True,11.8,8.086394946916567
wide_hallway,mcts,mcts,wide_hallway,3_agents_group,,0,wide_hallway/mcts/metrics_steps_3_agents_group_0.csv,True,11.9,8.300471605807692
wide_hallway,mcts,mcts,wide_hallway,3_agents_group,,0,wide_hallway/mcts/metrics_steps_3_agents_group_0.csv,True,12.0,8.513776281113234
wide_hallway,mcts,mcts,wide_hallway,3_agents_group,,0,wide_hallway/mcts/metrics_steps_3_agents_group_0.csv,True,12.1,8.726475085460942
wide_hallway,mcts,mcts,wide_hallway,3_agents_group,,0,wide_hallway/mcts/metrics_steps_3_agents_group_0.csv,True,12.2,8.934293698413203
wide_hallway,mcts,mcts,wide_hallway,3_agents_group,,0,wide_hallway/mcts/metrics_steps_3_agents_group_0.csv,True,12.3,9.133813772654875
wide_hallway,mcts,mcts,wide_hallway,3_agents_group,,0,wide_hallway/mcts/metrics_steps_3_agents_group_0.csv,True,12.4,9.316386733782576
wide_hallway,mcts,mcts,wide_hallway,3_agents_group,,0,wide_hallway/mcts/metrics_steps_3_agents_group_0.csv,True,12.5,9.489001385222975
wide_hallway,mcts,mcts,wide_hallway,3_agents_group,,0,wide_hallway/mcts/metrics_steps_3_agents_group_0.csv,True,12.6,9.648303875451594
wide_hallway,mcts,mcts,wide_hallway,3_agents_group,,0,wide_hallway/mcts/metrics_steps_3_agents_group_0.csv,True,12.7,9.796966056283525
wide_hallway,mcts,mcts,wide_hallway,3_agents_group,,0,wide_hallway/mcts/metrics_steps_3_agents_group_0.csv,True,12.8,9.940393235272955
wide_hallway,mcts,mcts,wide_hallway,3_agents_group,,0,wide_hallway/mcts/metrics_steps_3_agents_group_0.csv,True,12.9,10.08023080500569
wide_hallway,mcts,mcts,wide_hallway,3_agents_group,,0,wide_hallway/mcts/metrics_steps_3_agents_group_0.csv,True,13.0,10.229704664791422
wide_hallway,mcts,mcts,wide_hallway,3_agents_group,,0,wide_hallway/mcts/metrics_steps_3_agents_group_0.csv,True,13.1,10.38404611884288
wide_hallway,mcts,mcts,wide_hallway,3_agents_group,,0,wide_hallway/mcts/metrics_steps_3_agents_group_0.csv,True,13.2,10.54112622985035
wide_hallway,mcts,mcts,wide_hallway,3_agents_group,,0,wide_hallway/mcts/metrics_steps_3_agents_group_0.csv,True,13.3,10.70306475866106
wide_hallway,mcts,mcts,wide_hallway,3_agents_group,,0,wide_hallway/mcts/metrics_steps_3_agents_group_0.csv,True,13.4,10.871026025293668
wide_hallway,mcts,mcts,wide_hallway,3_agents_group,,0,wide_hallway/mcts/metrics_steps_3_agents_group_0.csv,True,13.5,11.041387576037906
wide_hallway,mcts,mcts,wide_hallway,3_agents_group,,0,wide_hallway/mcts/metrics_steps_3_agents_group_0.csv,True,13.6,11.213875408103451
wide_hallway,mcts,mcts,wide_hallway,3_agents_group,,0,wide_hallway/mcts/metrics_steps_3_agents_group_0.csv,True,13.7,11.35509558054576
wide_hallway,mcts,mcts,wide_hallway,3_agents_group,,0,wide_hallway/mcts/metrics_steps_3_agents_group_0.csv,True,13.8,11.449869753292504
wide_hallway,mcts,mcts,wide_hallway,3_agents_group,,0,wide_hallway/mcts/metrics_steps_3_agents_group_0.csv,True,13.9,11.546649535127331
wide_hallway,mcts,mcts,wide_hallway,3_agents_group,,0,wide_hallway/mcts/metrics_steps_3_agents_group_0.csv,True,14.0,11.643452346613667
wide_hallway,mcts,mcts,wide_hallway,3_agents_group,,0,wide_hallway/mcts/metrics_steps_3_agents_group_0.csv,True,14.1,11.732597931271858
wide_hallway,mcts,mcts,wide_hallway,3_agents_group,,0,wide_hallway/mcts/metrics_steps_3_agents_group_0.csv,True,14.2,11.819196940923655
wide_hallway,mcts,mcts,wide_hallway,3_agents_group,,0,wide_hallway/mcts/metrics_steps_3_agents_group_0.csv,True,14.3,11.903394772385523
wide_hallway,mcts,mcts,wide_hallway,3_agents_group,,0,wide_hallway/mcts/metrics_steps_3_agents_group_0.csv,True,14.4,11.980477075653948
wide_hallway,mcts,mcts,wide_hallway,3_agents_group,,0,wide_hallway/mcts/metrics_steps_3_agents_group_0.csv,True,14.5,12.04694392575237
wide_hallway,mcts,mcts,wide_hallway,3_agents_group,,0,wide_hallway/mcts/metrics_steps_3_agents_group_0.csv,True,14.6,12.117407219041567
wide_hallway,mcts,mcts,wide_hallway,3_agents_group,,0,wide_hallway/mcts/metrics_steps_3_agents_group_0.csv,True,14.7,12.197558483539362
wide_hallway,mcts,mcts,wide_hallway,3_agents_group,,0,wide_hallway/mcts/metrics_steps_3_agents_group_0.csv,True,14.8,12.27859814783914
wide_hallway,mcts,mcts,wide_hallway,3_agents_group,,0,wide_hallway/mcts/metrics_steps_3_agents_group_0.csv,True,14.9,12.352491559573938
wide_hallway,mcts,mcts,wide_hallway,3_agents_group,,0,wide_hallway/mcts/metrics_steps_3_agents_group_0.csv,True,15.0,12.432321041524052
wide_hallway,mcts,mcts,wide_hallway,3_agents_group,,0,wide_hallway/mcts/metrics_steps_3_agents_group_0.csv,True,15.1,12.517950302319758
wide_hallway,mcts,mcts,wide_hallway,3_agents_group,,0,wide_hallway/mcts/metrics_steps_3_agents_group_0.csv,True,15.2,12.604243894390242
wide_hallway,mcts,mcts,wide_hallway,3_agents_group,,0,wide_hallway/mcts/metrics_steps_3_agents_group_0.csv,True,15.3,12.69200292021976
wide_hallway,mcts,mcts,wide_hallway,3_agents_group,,0,wide_hallway/mcts/metrics_steps_3_agents_group_0.csv,True,15.4,12.782630360946476
wide_hallway,mcts,mcts,wide_hallway,3_agents_group,,0,wide_hallway/mcts/metrics_steps_3_agents_group_0.csv,True,15.5,12.87491075006124
wide_hallway,mcts,mcts,wide_hallway,3_agents_group,,0,wide_hallway/mcts/metrics_steps_3_agents_group_0.csv,True,15.6,12.96783620285156
wide_hallway,mcts,mcts,wide_hallway,3_agents_group,,0,wide_hallway/mcts/metrics_steps_3_agents_group_0.csv,True,15.7,13.060861191121017
wide_hallway,mcts,mcts,wide_hallway,3_agents_group,,0,wide_hallway/mcts/metrics_steps_3_agents_group_0.csv,True,15.8,13.154207715084707
wide_hallway,mcts,mcts,wide_hallway,3_agents_group,,0,wide_hallway/mcts/metrics_steps_3_agents_group_0.csv,True,15.9,13.247028615999284
wide_hallway,mcts,mcts,wide_hallway,3_agents_group,,0,wide_hallway/mcts/metrics_steps_3_agents_group_0.csv,True,16.0,13.339428608701189
wide_hallway,mcts,mcts,wide_hallway,3_agents_group,,0,wide_hallway/mcts/metrics_steps_3_agents_group_0.csv,True,16.1,13.432709284418106
wide_hallway,mcts,mcts,wide_hallway,3_agents_group,,0,wide_hallway/mcts/metrics_steps_3_agents_group_0.csv,True,16.2,13.527639701596607
wide_hallway,mcts,mcts,wide_hallway,3_agents_group,,0,wide_hallway/mcts/metrics_steps_3_agents_group_0.csv,True,16.3,13.623340613928884
wide_hallway,mcts,mcts,wide_hallway,3_agents_group,,0,wide_hallway/mcts/metrics_steps_3_agents_group_0.csv,True,16.4,13.716804920616182
wide_hallway,mcts,mcts,wide_hallway,3_agents_group,,0,wide_hallway/mcts/metrics_steps_3_agents_group_0.csv,True,16.5,13.809093900297652
wide_hallway,mcts,mcts,wide_hallway,3_agents_group,,0,wide_hallway/mcts/metrics_steps_3_agents_group_0.csv,True,16.6,13.896160138313418
wide_hallway,mcts,mcts,wide_hallway,3_agents_group,,0,wide_hallway/mcts/metrics_steps_3_agents_group_0.csv,True,16.7,13.97835736167434
wide_hallway,mcts,mcts,wide_hallway,3_agents_group,,0,wide_hallway/mcts/metrics_steps_3_agents_group_0.csv,True,16.8,14.056011027209085
wide_hallway,mcts,mcts,wide_hallway,3_agents_group,,0,wide_hallway/mcts/metrics_steps_3_agents_group_0.csv,True,16.9,14.127095820569613
wide_hallway,mcts,mcts,wide_hallway,3_agents_group,,0,wide_hallway/mcts/metrics_steps_3_agents_group_0.csv,True,17.0,14.198581180327793
wide_hallway,mcts,mcts,wide_hallway,3_agents_group,,0,wide_hallway/mcts/metrics_steps_3_agents_group_0.csv,True,17.1,14.276132477567527
wide_hallway,mcts,mcts,wide_hallway,3_agents_group,,0,wide_hallway/mcts/metrics_steps_3_agents_group_0.csv,True,17.2,14.361930584491605
wide_hallway,mcts,mcts,wide_hallway,3_agents_group,,0,wide_hallway/mcts/metrics_steps_3_agents_group_0.csv,True,17.3,14.453913425043648
wide_hallway,mcts,mcts,wide_hallway,3_agents_group,,0,wide_hallway/mcts/metrics_steps_3_agents_group_0.csv,True,17.4,14.551713243924592
wide_hallway,mcts,mcts,wide_hallway,3_agents_group,,0,wide_hallway/mcts/metrics_steps_3_agents_group_0.csv,True,17.5,14.6491862694957
wide_hallway,mcts,mcts,wide_hallway,3_agents_group,,0,wide_hallway/mcts/metrics_steps_3_agents_group_0.csv,True,17.6,14.743106641600992
wide_hallway,mcts,mcts,wide_hallway,3_agents_group,,0,wide_hallway/mcts/metrics_steps_3_agents_group_0.csv,True,17.7,14.834224542614423
wide_hallway,mcts,mcts,wide_hallway,3_agents_group,,0,wide_hallway/mcts/metrics_steps_3_agents_group_0.csv,True,17.8,14.924820010316337
wide_hallway,mcts,mcts,wide_hallway,3_agents_group,,0,wide_hallway/mcts/metrics_steps_3_agents_group_0.csv,True,17.9,15.013765642231252
wide_hallway,mcts,mcts,wide_hallway,3_agents_group,,0,wide_hallway/mcts/metrics_steps_3_agents_group_0.csv,True,18.0,15.093777736081892
wide_hallway,mcts,mcts,wide_hallway,3_agents_group,,0,wide_hallway/mcts/metrics_steps_3_agents_group_0.csv,True,18.1,15.16403256262161
wide_hallway,mcts,mcts,wide_hallway,3_agents_group,,0,wide_hallway/mcts/metrics_steps_3_agents_group_0.csv,True,18.2,15.224455615480627
wide_hallway,mcts,mcts,wide_hallway,3_agents_group,,0,wide_hallway/mcts/metrics_steps_3_agents_group_0.csv,True,18.3,15.27497731384194
wide_hallway,mcts,mcts,wide_hallway,3_agents_group,,0,wide_hallway/mcts/metrics_steps_3_agents_group_0.csv,True,18.4,15.315537136021131
wide_hallway,mcts,mcts,wide_hallway,3_agents_group,,0,wide_hallway/mcts/metrics_steps_3_agents_group_0.csv,True,18.5,15.34607991348812
wide_hallway,nav2,nav2,wide_hallway,3_agent_group,,0,wide_hallway/nav2/metrics_steps_nav2_3_agent_group_0.csv,True,0.0,12.05627210515946
wide_hallway,nav2,nav2,wide_hallway,3_agent_group,,0,wide_hallway/nav2/metrics_steps_nav2_3_agent_group_0.csv,True,0.1,11.996170708526511
wide_hallway,nav2,nav2,wide_hallway,3_agent_group,,0,wide_hallway/nav2/metrics_steps_nav2_3_agent_group_0.csv,True,0.2,11.89788035122734
wide_hallway,nav2,nav2,wide_hallway,3_agent_group,,0,wide_hallway/nav2/metrics_steps_nav2_3_agent_group_0.csv,True,0.3,11.770846225737577
wide_hallway,nav2,nav2,wide_hallway,3_agent_group,,0,wide_hallway/nav2/metrics_steps_nav2_3_agent_group_0.csv,True,0.4,11.621395791020548
wide_hallway,nav2,nav2,wide_hallway,3_agent_group,,0,wide_hallway/nav2/metrics_steps_nav2_3_agent_group_0.csv,True,0.5,11.453758337295811
wide_hallway,nav2,nav2,wide_hallway,3_agent_group,,0,wide_hallway/nav2/metrics_steps_nav2_3_agent_group_0.csv,True,0.6,11.27071431671958
wide_hallway,nav2,nav2,wide_hallway,3_agent_group,,0,wide_hallway/nav2/metrics_steps_nav2_3_agent_group_0.csv,True,0.7,11.076938460041427
wide_hallway,nav2,nav2,wide_hallway,3_agent_group,,0,wide_hallway/nav2/metrics_steps_nav2_3_agent_group_0.csv,True,0.8,10.874498784552593
wide_hallway,nav2,nav2,wide_hallway,3_agent_group,,0,wide_hallway/nav2/metrics_steps_nav2_3_agent_group_0.csv,True,0.9,10.666830075685622
wide_hallway,nav2,nav2,wide_hallway,3_agent_group,,0,wide_hallway/nav2/metrics_steps_nav2_3_agent_group_0.csv,True,1.0,10.459294278365444
wide_hallway,nav2,nav2,wide_hallway,3_agent_group,,0,wide_hallway/nav2/metrics_steps_nav2_3_agent_group_0.csv,True,1.1,10.252980092956038
wide_hallway,nav2,nav2,wide_hallway,3_agent_group,,0,wide_hallway/nav2/metrics_steps_nav2_3_agent_group_0.csv,True,1.2,10.051075457987784
wide_hallway,nav2,nav2,wide_hallway,3_agent_group,,0,wide_hallway/nav2/metrics_steps_nav2_3_agent_group_0.csv,True,1.3,9.855523830005954
wide_hallway,nav2,nav2,wide_hallway,3_agent_group,,0,wide_hallway/nav2/metrics_steps_nav2_3_agent_group_0.csv,True,1.4,9.662757196332908
wide_hallway,nav2,nav2,wide_hallway,3_agent_group,,0,wide_hallway/nav2/metrics_steps_nav2_3_agent_group_0.csv,True,1.5,9.469444916331602
wide_hallway,nav2,nav2,wide_hallway,3_agent_group,,0,wide_hallway/nav2/metrics_steps_nav2_3_agent_group_0.csv,True,1.6,9.272563415327486
wide_hallway,nav2,nav2,wide_hallway,3_agent_group,,0,wide_hallway/nav2/metrics_steps_nav2_3_agent_group_0.csv,True,1.7,9.073946507062246
wide_hallway,nav2,nav2,wide_hallway,3_agent_group,,0,wide_hallway/nav2/metrics_steps_nav2_3_agent_group_0.csv,True,1.8,8.874666008981363
wide_hallway,nav2,nav2,wide_hallway,3_agent_group,,0,wide_hallway/nav2/metrics_steps_nav2_3_agent_group_0.csv,True,1.9,8.682081816768845
wide_hallway,nav2,nav2,wide_hallway,3_agent_group,,0,wide_hallway/nav2/metrics_steps_nav2_3_agent_group_0.csv,True,2.0,8.489577945475478
wide_hallway,nav2,nav2,wide_hallway,3_agent_group,,0,wide_hallway/nav2/metrics_steps_nav2_3_agent_group_0.csv,True,2.1,8.297830270066498
wide_hallway,nav2,nav2,wide_hallway,3_agent_group,,0,wide_hallway/nav2/metrics_steps_nav2_3_agent_group_0.csv,True,2.2,8.104181974312235
wide_hallway,nav2,nav2,wide_hallway,3_agent_group,,0,wide_hallway/nav2/metrics_steps_nav2_3_agent_group_0.csv,True,2.3,7.905931844863542
wide_hallway,nav2,nav2,wide_hallway,3_agent_group,,0,wide_hallway/nav2/metrics_steps_nav2_3_agent_group_0.csv,True,2.4,7.70799290551073
wide_hallway,nav2,nav2,wide_hallway,3_agent_group,,0,wide_hallway/nav2/metrics_steps_nav2_3_agent_group_0.csv,True,2.5,7.510702421716971
wide_hallway,nav2,nav2,wide_hallway,3_agent_group,,0,wide_hallway/nav2/metrics_steps_nav2_3_agent_group_0.csv,True,2.6,7.313716792094105
wide_hallway,nav2,nav2,wide_hallway,3_agent_group,,0,wide_hallway/nav2/metrics_steps_nav2_3_agent_group_0.csv,True,2.7,7.11672867732924
wide_hallway,nav2,nav2,wide_hallway,3_agent_group,,0,wide_hallway/nav2/metrics_steps_nav2_3_agent_group_0.csv,True,2.8,6.920709419871205
wide_hallway,nav2,nav2,wide_hallway,3_agent_group,,0,wide_hallway/nav2/metrics_steps_nav2_3_agent_group_0.csv,True,2.9,6.7254077545258
wide_hallway,nav2,nav2,wide_hallway,3_agent_group,,0,wide_hallway/nav2/metrics_steps_nav2_3_agent_group_0.csv,True,3.0,6.528570091714127
wide_hallway,nav2,nav2,wide_hallway,3_agent_group,,0,wide_hallway/nav2/metrics_steps_nav2_3_agent_group_0.csv,True,3.1,6.3342375251202645
wide_hallway,nav2,nav2,wide_hallway,3_agent_group,,0,wide_hallway/nav2/metrics_steps_nav2_3_agent_group_0.csv,True,3.2,6.140909322238828
wide_hallway,nav2,nav2,wide_hallway,3_agent_group,,0,wide_hallway/nav2/metrics_steps_nav2_3_agent_group_0.csv,True,3.3,5.94597953910103
wide_hallway,nav2,nav2,wide_hallway,3_agent_group,,0,wide_hallway/nav2/metrics_steps_nav2_3_agent_group_0.csv,True,3.4,5.751199332172012
wide_hallway,nav2,nav2,wide_hallway,3_agent_group,,0,wide_hallway/nav2/metrics_steps_nav2_3_agent_group_0.csv,True,3.5,5.559687267478799
wide_hallway,nav2,nav2,wide_hallway,3_agent_group,,0,wide_hallway/nav2/metrics_steps_nav2_3_agent_group_0.csv,True,3.6,5.362336319491061
wide_hallway,nav2,nav2,wide_hallway,3_agent_group,,0,wide_hallway/nav2/metrics_steps_nav2_3_agent_group_0.csv,True,3.7,5.167664800463556
wide_hallway,nav2,nav2,wide_hallway,3_agent_group,,0,wide_hallway/nav2/metrics_steps_nav2_3_agent_group_0.csv,True,3.8,4.972654153912485
wide_hallway,nav2,nav2,wide_hallway,3_agent_group,,0,wide_hallway/nav2/metrics_steps_nav2_3_agent_group_0.csv,True,3.9,4.777835366518248
wide_hallway,nav2,nav2,wide_hallway,3_agent_group,,0,wide_hallway/nav2/metrics_steps_nav2_3_agent_group_0.csv,True,4.0,4.586355638489667
wide_hallway,nav2,nav2,wide_hallway,3_agent_group,,0,wide_hallway/nav2/metrics_steps_nav2_3_agent_group_0.csv,True,4.1,4.3911114579795925
wide_hallway,nav2,nav2,wide_hallway,3_agent_group,,0,wide_hallway/nav2/metrics_steps_nav2_3_agent_group_0.csv,True,4.2,4.198118658486793
wide_hallway,nav2,nav2,wide_hallway,3_agent_group,,0,wide_hallway/nav2/metrics_steps_nav2_3_agent_group_0.csv,True,4.3,4.004729681715097
wide_hallway,nav2,nav2,wide_hallway,3_agent_group,,0,wide_hallway/nav2/metrics_steps_nav2_3_agent_group_0.csv,True,4.4,3.81225552675964
wide_hallway,nav2,nav2,wide_hallway,3_agent_group,,0,wide_hallway/nav2/metrics_steps_nav2_3_agent_group_0.csv,True,4.5,3.6229738412851793
wide_hallway,nav2,nav2,wide_hallway,3_agent_group,,0,wide_hallway/nav2/metrics_steps_nav2_3_agent_group_0.csv,True,4.6,3.4366099621475046
wide_hallway,nav2,nav2,wide_hallway,3_agent_group,,0,wide_hallway/nav2/metrics_steps_nav2_3_agent_group_0.csv,True,4.7,3.2490171993414227
wide_hallway,nav2,nav2,wide_hallway,3_agent_group,,0,wide_hallway/nav2/metrics_steps_nav2_3_agent_group_0.csv,True,4.8,3.060823332941718
wide_hallway,nav2,nav2,wide_hallway,3_agent_group,,0,wide_hallway/nav2/metrics_steps_nav2_3_agent_group_0.csv,True,4.9,2.8736551055574666
wide_hallway,nav2,nav2,wide_hallway,3_agent_group,,0,wide_hallway/nav2/metrics_steps_nav2_3_agent_group_0.csv,True,5.0,2.68654589258421
wide_hallway,nav2,nav2,wide_hallway,3_agent_group,,0,wide_hallway/nav2/metrics_steps_nav2_3_agent_group_0.csv,True,5.1,2.502618279925356
wide_hallway,nav2,nav2,wide_hallway,3_agent_group,,0,wide_hallway/nav2/metrics_steps_nav2_3_agent_group_0.csv,True,5.2,2.31598399352485
wide_hallway,nav2,nav2,wide_hallway,3_agent_group,,0,wide_hallway/nav2/metrics_steps_nav2_3_agent_group_0.csv,True,5.3,2.1311429121108163
wide_hallway,nav2,nav2,wide_hallway,3_agent_group,,0,wide_hallway/nav2/metrics_steps_nav2_3_agent_group_0.csv,True,5.4,1.9494117972984275
wide_hallway,nav2,nav2,wide_hallway,3_agent_group,,0,wide_hallway/nav2/metrics_steps_nav2_3_agent_group_0.csv,True,5.5,1.7632423641483528
wide_hallway,nav2,nav2,wide_hallway,3_agent_group,,0,wide_hallway/nav2/metrics_steps_nav2_3_agent_group_0.csv,True,5.6,1.5755085608309094
wide_hallway,nav2,nav2,wide_hallway,3_agent_group,,0,wide_hallway/nav2/metrics_steps_nav2_3_agent_group_0.csv,True,5.7,1.3892534237361578
wide_hallway,nav2,nav2,wide_hallway,3_agent_group,,0,wide_hallway/nav2/metrics_steps_nav2_3_agent_group_0.csv,True,5.8,1.2036539166069222
wide_hallway,nav2,nav2,wide_hallway,3_agent_group,,0,wide_hallway/nav2/metrics_steps_nav2_3_agent_group_0.csv,True,5.9,1.0201497607625858
wide_hallway,nav2,nav2,wide_hallway,3_agent_group,,0,wide_hallway/nav2/metrics_steps_nav2_3_agent_group_0.csv,True,6.0,0.8448877041810712
wide_hallway,nav2,nav2,wide_hallway,3_agent_group,,0,wide_hallway/nav2/metrics_steps_nav2_3_agent_group_0.csv,True,6.1,0.6799326765763285
wide_hallway,nav2,nav2,wide_hallway,3_agent_group,,0,wide_hallway/nav2/metrics_steps_nav2_3_agent_group_0.csv,True,6.2,0.5341250533699973
wide_hallway,nav2,nav2,wide_hallway,3_agent_group,,0,wide_hallway/nav2/metrics_steps_nav2_3_agent_group_0.csv,True,6.3,0.4136871539537017
wide_hallway,nav2,nav2,wide_hallway,3_agent_group,,0,wide_hallway/nav2/metrics_steps_nav2_3_agent_group_0.csv,True,6.4,0.3266658076575848
wide_hallway,nav2,nav2,wide_hallway,3_agent_group,,0,wide_hallway/nav2/metrics_steps_nav2_3_agent_group_0.csv,True,6.5,0.2786480449339066
wide_hallway,nav2,nav2,wide_hallway,3_agent_group,,0,wide_hallway/nav2/metrics_steps_nav2_3_agent_group_0.csv,True,6.6,0.2699760198666543
wide_hallway,nav2,nav2,wide_hallway,3_agent_group,,0,wide_hallway/nav2/metrics_steps_nav2_3_agent_group_0.csv,True,6.7,0.3003996217407609
wide_hallway,nav2,nav2,wide_hallway,3_agent_group,,0,wide_hallway/nav2/metrics_steps_nav2_3_agent_group_0.csv,True,6.8,0.3602915221707894
wide_hallway,nav2,nav2,wide_hallway,3_agent_group,,0,wide_hallway/nav2/metrics_steps_nav2_3_agent_group_0.csv,True,6.9,0.4416144527923669
wide_hallway,nav2,nav2,wide_hallway,3_agent_group,,0,wide_hallway/nav2/metrics_steps_nav2_3_agent_group_0.csv,True,7.0,0.537522750318824
wide_hallway,nav2,nav2,wide_hallway,3_agent_group,,0,wide_hallway/nav2/metrics_steps_nav2_3_agent_group_0.csv,True,7.1,0.6443230161412714
wide_hallway,nav2,nav2,wide_hallway,3_agent_group,,0,wide_hallway/nav2/metrics_steps_nav2_3_agent_group_0.csv,True,7.2,0.757636876129028
wide_hallway,nav2,nav2,wide_hallway,3_agent_group,,0,wide_hallway/nav2/metrics_steps_nav2_3_agent_group_0.csv,True,7.3,0.8760321484257205
wide_hallway,nav2,nav2,wide_hallway,3_agent_group,,0,wide_hallway/nav2/metrics_steps_nav2_3_agent_group_0.csv,True,7.4,1.0022210751045315
wide_hallway,nav2,nav2,wide_hallway,3_agent_group,,0,wide_hallway/nav2/metrics_steps_nav2_3_agent_group_0.csv,True,7.5,1.1351241877200475
wide_hallway,nav2,nav2,wide_hallway,3_agent_group,,0,wide_hallway/nav2/metrics_steps_nav2_3_agent_group_0.csv,True,7.6,1.157124778378479
wide_hallway,nav2,nav2,wide_hallway,3_agent_group,,0,wide_hallway/nav2/metrics_steps_nav2_3_agent_group_0.csv,True,7.7,1.137602573147019
wide_hallway,nav2,nav2,wide_hallway,3_agent_group,,0,wide_hallway/nav2/metrics_steps_nav2_3_agent_group_0.csv,True,7.8,1.1392322258839638
wide_hallway,nav2,nav2,wide_hallway,3_agent_group,,0,wide_hallway/nav2/metrics_steps_nav2_3_agent_group_0.csv,True,7.9,1.162388403236731
wide_hallway,nav2,nav2,wide_hallway,3_agent_group,,0,wide_hallway/nav2/metrics_steps_nav2_3_agent_group_0.csv,True,8.0,1.2071040204292358
wide_hallway,nav2,nav2,wide_hallway,3_agent_group,,0,wide_hallway/nav2/metrics_steps_nav2_3_agent_group_0.csv,True,8.1,1.0213486924224866
wide_hallway,nav2,nav2,wide_hallway,3_agent_group,,0,wide_hallway/nav2/metrics_steps_nav2_3_agent_group_0.csv,True,8.2,0.838736196311985
wide_hallway,nav2,nav2,wide_hallway,3_agent_group,,0,wide_hallway/nav2/metrics_steps_nav2_3_agent_group_0.csv,True,8.3,0.6666033588741105
wide_hallway,nav2,nav2,wide_hallway,3_agent_group,,0,wide_hallway/nav2/metrics_steps_nav2_3_agent_group_0.csv,True,8.4,0.5136444630698855
wide_hallway,nav2,nav2,wide_hallway,3_agent_group,,0,wide_hallway/nav2/metrics_steps_nav2_3_agent_group_0.csv,True,8.5,0.3845103359371873
wide_hallway,nav2,nav2,wide_hallway,3_agent_group,,0,wide_hallway/nav2/metrics_steps_nav2_3_agent_group_0.csv,True,8.6,0.2904199052566303
wide_hallway,nav2,nav2,wide_hallway,3_agent_group,,0,wide_hallway/nav2/metrics_steps_nav2_3_agent_group_0.csv,True,8.7,0.247083338441455
wide_hallway,nav2,nav2,wide_hallway,3_agent_group,,0,wide_hallway/nav2/metrics_steps_nav2_3_agent_group_0.csv,True,8.8,0.2555993100761158
wide_hallway,nav2,nav2,wide_hallway,3_agent_group,,0,wide_hallway/nav2/metrics_steps_nav2_3_agent_group_0.csv,True,8.9,0.3073061361691489
wide_hallway,nav2,nav2,wide_hallway,3_agent_group,,0,wide_hallway/nav2/metrics_steps_nav2_3_agent_group_0.csv,True,9.0,0.3878016376951352
wide_hallway,nav2,nav2,wide_hallway,3_agent_group,,0,wide_hallway/nav2/metrics_steps_nav2_3_agent_group_0.csv,True,9.1,0.4830989241662906
wide_hallway,nav2,nav2,wide_hallway,3_agent_group,,0,wide_hallway/nav2/metrics_steps_nav2_3_agent_group_0.csv,True,9.2,0.5845854213464203
wide_hallway,nav2,nav2,wide_hallway,3_agent_group,,0,wide_hallway/nav2/metrics_steps_nav2_3_agent_group_0.csv,True,9.3,0.6890272817758958
wide_hallway,nav2,nav2,wide_hallway,3_agent_group,,0,wide_hallway/nav2/metrics_steps_nav2_3_agent_group_0.csv,True,9.4,0.7951001877051898
wide_hallway,nav2,nav2,wide_hallway,3_agent_group,,0,wide_hallway/nav2/metrics_steps_nav2_3_agent_group_0.csv,True,9.5,0.901298217716048
wide_hallway,nav2,nav2,wide_hallway,3_agent_group,,0,wide_hallway/nav2/metrics_steps_nav2_3_agent_group_0.csv,True,9.6,1.0102235300245743
wide_hallway,nav2,nav2,wide_hallway,3_agent_group,,0,wide_hallway/nav2/metrics_steps_nav2_3_agent_group_0.csv,True,9.7,1.1283898369149472
wide_hallway,nav2,nav2,wide_hallway,3_agent_group,,0,wide_hallway/nav2/metrics_steps_nav2_3_agent_group_0.csv,True,9.8,1.2603725614306147
wide_hallway,nav2,nav2,wide_hallway,3_agent_group,,0,wide_hallway/nav2/metrics_steps_nav2_3_agent_group_0.csv,True,9.9,1.4067363638346966
wide_hallway,nav2,nav2,wide_hallway,3_agent_group,,0,wide_hallway/nav2/metrics_steps_nav2_3_agent_group_0.csv,True,10.0,1.561041547638783
wide_hallway,nav2,nav2,wide_hallway,3_agent_group,,0,wide_hallway/nav2/metrics_steps_nav2_3_agent_group_0.csv,True,10.1,1.7212060214732654
wide_hallway,nav2,nav2,wide_hallway,3_agent_group,,0,wide_hallway/nav2/metrics_steps_nav2_3_agent_group_0.csv,True,10.2,1.887318590080368
wide_hallway,nav2,nav2,wide_hallway,3_agent_group,,0,wide_hallway/nav2/metrics_steps_nav2_3_agent_group_0.csv,True,10.3,2.057054515377846
wide_hallway,nav2,nav2,wide_hallway,3_agent_group,,0,wide_hallway/nav2/metrics_steps_nav2_3_agent_group_0.csv,True,10.4,2.230154745693786
wide_hallway,nav2,nav2,wide_hallway,3_agent_group,,0,wide_hallway/nav2/metrics_steps_nav2_3_agent_group_0.csv,True,10.5,2.405500003441723
wide_hallway,nav2,nav2,wide_hallway,3_agent_group,,0,wide_hallway/nav2/metrics_steps_nav2_3_agent_group_0.csv,True,10.6,2.5831680759492173
wide_hallway,nav2,nav2,wide_hallway,3_agent_group,,0,wide_hallway/nav2/metrics_steps_nav2_3_agent_group_0.csv,True,10.7,2.7589456563797983
wide_hallway,nav2,nav2,wide_hallway,3_agent_group,,0,wide_hallway/nav2/metrics_steps_nav2_3_agent_group_0.csv,True,10.8,2.938226824515075
wide_hallway,nav2,nav2,wide_hallway,3_agent_group,,0,wide_hallway/nav2/metrics_steps_nav2_3_agent_group_0.csv,True,10.9,3.1173494411179385
wide_hallway,nav2,nav2,wide_hallway,3_agent_group,,0,wide_hallway/nav2/metrics_steps_nav2_3_agent_group_0.csv,True,11.0,3.296846683180708
wide_hallway,nav2,nav2,wide_hallway,3_agent_group,,0,wide_hallway/nav2/metrics_steps_nav2_3_agent_group_0.csv,True,11.1,3.4799692364174986
wide_hallway,nav2,nav2,wide_hallway,3_agent_group,,0,wide_hallway/nav2/metrics_steps_nav2_3_agent_group_0.csv,True,11.2,3.6634009553965567
wide_hallway,nav2,nav2,wide_hallway,3_agent_group,,0,wide_hallway/nav2/metrics_steps_nav2_3_agent_group_0.csv,True,11.3,3.847653784550226
wide_hallway,nav2,nav2,wide_hallway,3_agent_group,,0,wide_hallway/nav2/metrics_steps_nav2_3_agent_group_0.csv,True,11.4,4.032484024964955
wide_hallway,nav2,nav2,wide_hallway,3_agent_group,,0,wide_hallway/nav2/metrics_steps_nav2_3_agent_group_0.csv,True,11.5,4.2174278931860565
wide_hallway,nav2,nav2,wide_hallway,3_agent_group,,0,wide_hallway/nav2/metrics_steps_nav2_3_agent_group_0.csv,True,11.6,4.402981784247838
wide_hallway,nav2,nav2,wide_hallway,3_agent_group,,0,wide_hallway/nav2/metrics_steps_nav2_3_agent_group_0.csv,True,11.7,4.587992147879817
wide_hallway,nav2,nav2,wide_hallway,3_agent_group,,0,wide_hallway/nav2/metrics_steps_nav2_3_agent_group_0.csv,True,11.8,4.773646311875824
wide_hallway,nav2,nav2,wide_hallway,3_agent_group,,0,wide_hallway/nav2/metrics_steps_nav2_3_agent_group_0.csv,True,11.9,4.9592611367963215
wide_hallway,nav2,nav2,wide_hallway,3_agent_group,,0,wide_hallway/nav2/metrics_steps_nav2_3_agent_group_0.csv,True,12.0,5.144756560278167
wide_hallway,nav2,nav2,wide_hallway,3_agent_group,,0,wide_hallway/nav2/metrics_steps_nav2_3_agent_group_0.csv,True,12.1,5.330240214918216
wide_hallway,nav2,nav2,wide_hallway,3_agent_group,,0,wide_hallway/nav2/metrics_steps_nav2_3_agent_group_0.csv,True,12.2,5.51239754904346
wide_hallway,nav2,nav2,wide_hallway,3_agent_group,,0,wide_hallway/nav2/metrics_steps_nav2_3_agent_group_0.csv,True,12.3,5.700231507915047
wide_hallway,nav2,nav2,wide_hallway,3_agent_group,,0,wide_hallway/nav2/metrics_steps_nav2_3_agent_group_0.csv,True,12.4,5.888045259912623
wide_hallway,nav2,nav2,wide_hallway,3_agent_group,,0,wide_hallway/nav2/metrics_steps_nav2_3_agent_group_0.csv,True,12.5,6.073808843061825
wide_hallway,nav2,nav2,wide_hallway,3_agent_group,,0,wide_hallway/nav2/metrics_steps_nav2_3_agent_group_0.csv,True,12.6,6.255066354216463
wide_hallway,nav2,nav2,wide_hallway,3_agent_group,,0,wide_hallway/nav2/metrics_steps_nav2_3_agent_group_0.csv,True,12.7,6.426639929678149
wide_hallway,nav2,nav2,wide_hallway,3_agent_group,,0,wide_hallway/nav2/metrics_steps_nav2_3_agent_group_0.csv,True,12.8,6.581885197450898
wide_hallway,nav2,nav2,wide_hallway,3_agent_group,,0,wide_hallway/nav2/metrics_steps_nav2_3_agent_group_0.csv,True,12.9,6.72439302746278
wide_hallway,nav2,nav2,wide_hallway,3_agent_group,,0,wide_hallway/nav2/metrics_steps_nav2_3_agent_group_0.csv,True,13.0,6.858264857397185
wide_hallway,nav2,nav2,wide_hallway,3_agent_group,,0,wide_hallway/nav2/metrics_steps_nav2_3_agent_group_0.csv,True,13.1,6.991152364048216
wide_hallway,nav2,nav2,wide_hallway,3_agent_group,,0,wide_hallway/nav2/metrics_steps_nav2_3_agent_group_0.csv,True,13.2,7.13058571547869
wide_hallway,nav2,nav2,wide_hallway,3_agent_group,,0,wide_hallway/nav2/metrics_steps_nav2_3_agent_group_0.csv,True,13.3,7.275071302578866
wide_hallway,nav2,nav2,wide_hallway,3_agent_group,,0,wide_hallway/nav2/metrics_steps_nav2_3_agent_group_0.csv,True,13.4,7.421353722408956
wide_hallway,nav2,nav2,wide_hallway,3_agent_group,,0,wide_hallway/nav2/metrics_steps_nav2_3_agent_group_0.csv,True,13.5,7.568331003333434
wide_hallway,nav2,nav2,wide_hallway,3_agent_group,,0,wide_hallway/nav2/metrics_steps_nav2_3_agent_group_0.csv,True,13.6,7.712766127371498
wide_hallway,nav2,nav2,wide_hallway,3_agent_group,,0,wide_hallway/nav2/metrics_steps_nav2_3_agent_group_0.csv,True,13.7,7.8538633366510435
wide_hallway,nav2,nav2,wide_hallway,3_agent_group,,0,wide_hallway/nav2/metrics_steps_nav2_3_agent_group_0.csv,True,13.8,7.997052131255213
wide_hallway,nav2,nav2,wide_hallway,3_agent_group,,0,wide_hallway/nav2/metrics_steps_nav2_3_agent_group_0.csv,True,13.9,8.143789538025493
wide_hallway,nav2,nav2,wide_hallway,3_agent_group,,0,wide_hallway/nav2/metrics_steps_nav2_3_agent_group_0.csv,True,14.0,8.287136812018355
wide_hallway,nav2,nav2,wide_hallway,3_agent_group,,0,wide_hallway/nav2/metrics_steps_nav2_3_agent_group_0.csv,True,14.1,8.408024939525726
wide_hallway,nav2,nav2,wide_hallway,3_agent_group,,0,wide_hallway/nav2/metrics_steps_nav2_3_agent_group_0.csv,True,14.2,8.462788594992213
wide_hallway,nav2,nav2,wide_hallway,3_agent_group,,0,wide_hallway/nav2/metrics_steps_nav2_3_agent_group_0.csv,True,14.3,8.512635064621438
wide_hallway,nav2,nav2,wide_hallway,3_agent_group,,0,wide_hallway/nav2/metrics_steps_nav2_3_agent_group_0.csv,True,14.4,8.559278724454861
wide_hallway,nav2,nav2,wide_hallway,3_agent_group,,0,wide_hallway/nav2/metrics_steps_nav2_3_agent_group_0.csv,True,14.5,8.606177280239168
wide_hallway,nav2,nav2,wide_hallway,3_agent_group,,0,wide_hallway/nav2/metrics_steps_nav2_3_agent_group_0.csv,True,14.6,8.652570596981471
wide_hallway,nav2,nav2,wide_hallway,3_agent_group,,0,wide_hallway/nav2/metrics_steps_nav2_3_agent_group_0.csv,True,14.7,8.701060078336083
wide_hallway,nav2,nav2,wide_hallway,3_agent_group,,0,wide_hallway/nav2/metrics_steps_nav2_3_agent_group_0.csv,True,14.8,8.752429510738342
wide_hallway,nav2,nav2,wide_hallway,3_agent_group,,0,wide_hallway/nav2/metrics_steps_nav2_3_agent_group_0.csv,True,14.9,8.80734644141156
wide_hallway,nav2,nav2,wide_hallway,3_agent_group,,0,wide_hallway/nav2/metrics_steps_nav2_3_agent_group_0.csv,True,15.0,8.864346804551682
wide_hallway,nav2,nav2,wide_hallway,3_agent_group,,0,wide_hallway/nav2/metrics_steps_nav2_3_agent_group_0.csv,True,15.1,8.922494326737272
wide_hallway,nav2,nav2,wide_hallway,3_agent_group,,0,wide_hallway/nav2/metrics_steps_nav2_3_agent_group_0.csv,True,15.2,8.981711782956525
wide_hallway,nav2,nav2,wide_hallway,3_agent_group,,0,wide_hallway/nav2/metrics_steps_nav2_3_agent_group_0.csv,True,15.3,9.04279317841718
wide_hallway,nav2,nav2,wide_hallway,3_agent_group,,0,wide_hallway/nav2/metrics_steps_nav2_3_agent_group_0.csv,True,15.4,9.10428207442676
wide_hallway,nav2,nav2,wide_hallway,3_agent_group,,0,wide_hallway/nav2/metrics_steps_nav2_3_agent_group_0.csv,True,15.5,9.166749561846546
wide_hallway,nav2,nav2,wide_hallway,3_agent_group,,0,wide_hallway/nav2/metrics_steps_nav2_3_agent_group_0.csv,True,15.6,9.227784533871684
wide_hallway,nav2,nav2,wide_hallway,3_agent_group,,0,wide_hallway/nav2/metrics_steps_nav2_3_agent_group_0.csv,True,15.7,9.289710041051938
wide_hallway,nav2,nav2,wide_hallway,3_agent_group,,0,wide_hallway/nav2/metrics_steps_nav2_3_agent_group_0.csv,True,15.8,9.353183922601268
wide_hallway,nav2,nav2,wide_hallway,3_agent_group,,0,wide_hallway/nav2/metrics_steps_nav2_3_agent_group_0.csv,True,15.9,9.416394510844407
wide_hallway,nav2,nav2,wide_hallway,3_agent_group,,0,wide_hallway/nav2/metrics_steps_nav2_3_agent_group_0.csv,True,16.0,9.480252040994126
wide_hallway,nav2,nav2,wide_hallway,3_agent_group,,0,wide_hallway/nav2/metrics_steps_nav2_3_agent_group_0.csv,True,16.1,9.544321490307896
wide_hallway,nav2,nav2,wide_hallway,3_agent_group,,0,wide_hallway/nav2/metrics_steps_nav2_3_agent_group_0.csv,True,16.2,9.609430583494076
wide_hallway,nav2,nav2,wide_hallway,3_agent_group,,0,wide_hallway/nav2/metrics_steps_nav2_3_agent_group_0.csv,True,16.3,9.675970883379405
wide_hallway,nav2,nav2,wide_hallway,3_agent_group,,0,wide_hallway/nav2/metrics_steps_nav2_3_agent_group_0.csv,True,16.4,9.74212917905961
wide_hallway,nav2,nav2,wide_hallway,3_agent_group,,0,wide_hallway/nav2/metrics_steps_nav2_3_agent_group_0.csv,True,16.5,9.809040842629429
wide_hallway,nav2,nav2,wide_hallway,3_agent_group,,0,wide_hallway/nav2/metrics_steps_nav2_3_agent_group_0.csv,True,16.6,9.87569180287812
wide_hallway,nav2,nav2,wide_hallway,3_agent_group,,0,wide_hallway/nav2/metrics_steps_nav2_3_agent_group_0.csv,True,16.7,9.9423839291033
wide_hallway,nav2,nav2,wide_hallway,3_agent_group,,0,wide_hallway/nav2/metrics_steps_nav2_3_agent_group_0.csv,True,16.8,10.009346024256594
wide_hallway,nav2,nav2,wide_hallway,3_agent_group,,0,wide_hallway/nav2/metrics_steps_nav2_3_agent_group_0.csv,True,16.9,10.076051182903086
wide_hallway,nav2,nav2,wide_hallway,3_agent_group,,0,wide_hallway/nav2/metrics_steps_nav2_3_agent_group_0.csv,True,17.0,10.143601739977733
wide_hallway,nav2,nav2,wide_hallway,3_agent_group,,0,wide_hallway/nav2/metrics_steps_nav2_3_agent_group_0.csv,True,17.1,10.210803570338648
wide_hallway,nav2,nav2,wide_hallway,3_agent_group,,0,wide_hallway/nav2/metrics_steps_nav2_3_agent_group_0.csv,True,17.2,10.277878540754738
wide_hallway,nav2,nav2,wide_hallway,3_agent_group,,0,wide_hallway/nav2/metrics_steps_nav2_3_agent_group_0.csv,True,17.3,10.345352747222774
wide_hallway,nav2,nav2,wide_hallway,3_agent_group,,0,wide_hallway/nav2/metrics_steps_nav2_3_agent_group_0.csv,True,17.4,10.412818780106775
wide_hallway,nav2,nav2,wide_hallway,3_agent_group,,0,wide_hallway/nav2/metrics_steps_nav2_3_agent_group_0.csv,True,17.5,10.484093645310534
wide_hallway,nav2,nav2,wide_hallway,3_agent_group,,0,wide_hallway/nav2/metrics_steps_nav2_3_agent_group_0.csv,True,17.6,10.556321878393904
wide_hallway,nav2,nav2,wide_hallway,3_agent_group,,0,wide_hallway/nav2/metrics_steps_nav2_3_agent_group_0.csv,True,17.7,10.628821116927307
wide_hallway,nav2,nav2,wide_hallway,3_agent_group,,0,wide_hallway/nav2/metrics_steps_nav2_3_agent_group_0.csv,True,17.8,10.701149560548046
wide_hallway,nav2,nav2,wide_hallway,3_agent_group,,0,wide_hallway/nav2/metrics_steps_nav2_3_agent_group_0.csv,True,17.9,10.773467777992014
wide_hallway,nav2,nav2,wide_hallway,3_agent_group,,0,wide_hallway/nav2/metrics_steps_nav2_3_agent_group_0.csv,True,18.0,10.846463517705695
wide_hallway,nav2,nav2,wide_hallway,3_agent_group,,0,wide_hallway/nav2/metrics_steps_nav2_3_agent_group_0.csv,True,18.1,10.92026118249635
wide_hallway,nav2,nav2,wide_hallway,3_agent_group,,0,wide_hallway/nav2/metrics_steps_nav2_3_agent_group_0.csv,True,18.2,10.988866190002984
wide_hallway,nav2,nav2,wide_hallway,3_agent_group,,0,wide_hallway/nav2/metrics_steps_nav2_3_agent_group_0.csv,True,18.3,11.059301170393734
wide_hallway,nav2,nav2,wide_hallway,3_agent_group,,0,wide_hallway/nav2/metrics_steps_nav2_3_agent_group_0.csv,True,18.4,11.12621426695797
wide_hallway,nav2,nav2,wide_hallway,3_agent_group,,0,wide_hallway/nav2/metrics_steps_nav2_3_agent_group_0.csv,True,18.5,11.193271077494275
wide_hallway,nav2,nav2,wide_hallway,3_agent_group,,0,wide_hallway/nav2/metrics_steps_nav2_3_agent_group_0.csv,True,18.6,11.260104817705551
wide_hallway,nav2,nav2,wide_hallway,3_agent_group,,0,wide_hallway/nav2/metrics_steps_nav2_3_agent_group_0.csv,True,18.7,11.327658961830474
wide_hallway,nav2,nav2,wide_hallway,3_agent_group,,0,wide_hallway/nav2/metrics_steps_nav2_3_agent_group_0.csv,True,18.8,11.39459936992646
wide_hallway,nav2,nav2,wide_hallway,3_agent_group,,0,wide_hallway/nav2/metrics_steps_nav2_3_agent_group_0.csv,True,18.9,11.461539942258282
wide_hallway,nav2,nav2,wide_hallway,3_agent_group,,0,wide_hallway/nav2/metrics_steps_nav2_3_agent_group_0.csv,True,19.0,11.5287910951295
wide_hallway,nav2,nav2,wide_hallway,3_agent_group,,0,wide_hallway/nav2/metrics_steps_nav2_3_agent_group_0.csv,True,19.1,11.595736226889128
wide_hallway,nav2,nav2,wide_hallway,3_agent_group,,0,wide_hallway/nav2/metrics_steps_nav2_3_agent_group_0.csv,True,19.2,11.663605884999752
wide_hallway,nav2,nav2,wide_hallway,3_agent_group,,0,wide_hallway/nav2/metrics_steps_nav2_3_agent_group_0.csv,True,19.3,11.73086729002121
wide_hallway,nav2,nav2,wide_hallway,3_agent_group,,0,wide_hallway/nav2/metrics_steps_nav2_3_agent_group_0.csv,True,19.4,11.800451521927208
wide_hallway,nav2,nav2,wide_hallway,3_agent_group,,0,wide_hallway/nav2/metrics_steps_nav2_3_agent_group_0.csv,True,19.5,11.869659495431042
wide_hallway,nav2,nav2,wide_hallway,3_agent_group,,0,wide_hallway/nav2/metrics_steps_nav2_3_agent_group_0.csv,True,19.6,11.938288955001388
wide_hallway,nav2,nav2,wide_hallway,3_agent_group,,0,wide_hallway/nav2/metrics_steps_nav2_3_agent_group_0.csv,True,19.7,12.00518326355657
wide_hallway,nav2,nav2,wide_hallway,3_agent_group,,0,wide_hallway/nav2/metrics_steps_nav2_3_agent_group_0.csv,True,19.8,12.07856518431122
wide_hallway,nav2,nav2,wide_hallway,3_agent_group,,0,wide_hallway/nav2/metrics_steps_nav2_3_agent_group_0.csv,True,19.9,12.151386235693156
wide_hallway,nav2,nav2,wide_hallway,3_agent_group,,0,wide_hallway/nav2/metrics_steps_nav2_3_agent_group_0.csv,True,20.0,12.22038945816496
wide_hallway,nav2,nav2,wide_hallway,3_agent_group,,0,wide_hallway/nav2/metrics_steps_nav2_3_agent_group_0.csv,True,20.1,12.286334685691092
wide_hallway,nav2,nav2,wide_hallway,3_agent_group,,0,wide_hallway/nav2/metrics_steps_nav2_3_agent_group_0.csv,True,20.2,12.3527792529346
wide_hallway,nav2,nav2,wide_hallway,3_agent_group,,0,wide_hallway/nav2/metrics_steps_nav2_3_agent_group_0.csv,True,20.3,12.419233456834949
wide_hallway,nav2,nav2,wide_hallway,3_agent_group,,0,wide_hallway/nav2/metrics_steps_nav2_3_agent_group_0.csv,True,20.4,12.486862726712715
wide_hallway,nav2,nav2,wide_hallway,3_agent_group,,0,wide_hallway/nav2/metrics_steps_nav2_3_agent_group_0.csv,True,20.5,12.55722687567022
wide_hallway,nav2,nav2,wide_hallway,3_agent_group,,0,wide_hallway/nav2/metrics_steps_nav2_3_agent_group_0.csv,True,20.6,12.622644955716405
wide_hallway,nav2,nav2,wide_hallway,3_agent_group,,0,wide_hallway/nav2/metrics_steps_nav2_3_agent_group_0.csv,True,20.7,12.683940595729606
wide_hallway,nav2,nav2,wide_hallway,3_agent_group,,0,wide_hallway/nav2/metrics_steps_nav2_3_agent_group_0.csv,True,20.8,12.745791781405108
wide_hallway,nav2,nav2,wide_hallway,3_agent_group,,0,wide_hallway/nav2/metrics_steps_nav2_3_agent_group_0.csv,True,20.9,12.812376615117888
wide_hallway,nav2,nav2,wide_hallway,3_agent_group,,0,wide_hallway/nav2/metrics_steps_nav2_3_agent_group_0.csv,True,21.0,12.882827660290443
wide_hallway,nav2,nav2,wide_hallway,3_agent_group,,0,wide_hallway/nav2/metrics_steps_nav2_3_agent_group_0.csv,True,21.1,12.947779772865175
wide_hallway,nav2,nav2,wide_hallway,3_agent_group,,0,wide_hallway/nav2/metrics_steps_nav2_3_agent_group_0.csv,True,21.2,13.002521292428009
wide_hallway,nav2,nav2,wide_hallway,3_agent_group,,0,wide_hallway/nav2/metrics_steps_nav2_3_agent_group_0.csv,True,21.3,13.050307780360372
wide_hallway,nav2,nav2,wide_hallway,3_agent_group,,0,wide_hallway/nav2/metrics_steps_nav2_3_agent_group_0.csv,True,21.4,13.097138964764577
wide_hallway,nav2,nav2,wide_hallway,3_agent_group,,0,wide_hallway/nav2/metrics_steps_nav2_3_agent_group_0.csv,True,21.5,13.138524202869682
wide_hallway,nav2,nav2,wide_hallway,3_agent_group,,0,wide_hallway/nav2/metrics_steps_nav2_3_agent_group_0.csv,True,21.6,13.190882572286943
wide_hallway,nav2,nav2,wide_hallway,3_agent_group,,0,wide_hallway/nav2/metrics_steps_nav2_3_agent_group_0.csv,True,21.7,13.258827818020192
wide_hallway,nav2,nav2,wide_hallway,3_agent_group,,0,wide_hallway/nav2/metrics_steps_nav2_3_agent_group_0.csv,True,21.8,13.314336823892305
wide_hallway,nav2,nav2,wide_hallway,3_agent_group,,0,wide_hallway/nav2/metrics_steps_nav2_3_agent_group_0.csv,True,21.9,13.380901969661998
wide_hallway,nav2,nav2,wide_hallway,3_agent_group,,0,wide_hallway/nav2/metrics_steps_nav2_3_agent_group_0.csv,True,22.0,13.44252567373629
wide_hallway,nav2,nav2,wide_hallway,3_agent_group,,0,wide_hallway/nav2/metrics_steps_nav2_3_agent_group_0.csv,True,22.1,13.508707478756648
wide_hallway,nav2,nav2,wide_hallway,3_agent_group,,0,wide_hallway/nav2/metrics_steps_nav2_3_agent_group_0.csv,True,22.2,13.577389752912184
wide_hallway,nav2,nav2,wide_hallway,3_agent_group,,0,wide_hallway/nav2/metrics_steps_nav2_3_agent_group_0.csv,True,22.3,13.64522624728647
wide_hallway,nav2,nav2,wide_hallway,3_agent_group,,0,wide_hallway/nav2/metrics_steps_nav2_3_agent_group_0.csv,True,22.4,13.716221252511364
wide_hallway,nav2,nav2,wide_hallway,3_agent_group,,0,wide_hallway/nav2/metrics_steps_nav2_3_agent_group_0.csv,True,22.49,13.786637943162855
wide_hallway,nav2,nav2,wide_hallway,3_agent_group,,0,wide_hallway/nav2/metrics_steps_nav2_3_agent_group_0.csv,True,22.59,13.853972497026842
wide_hallway,nav2,nav2,wide_hallway,3_agent_group,,0,wide_hallway/nav2/metrics_steps_nav2_3_agent_group_0.csv,True,22.69,13.924017238207284
wide_hallway,nav2,nav2,wide_hallway,3_agent_group,,0,wide_hallway/nav2/metrics_steps_nav2_3_agent_group_0.csv,True,22.79,13.989305298794385
wide_hallway,nav2,nav2,wide_hallway,3_agent_group,,0,wide_hallway/nav2/metrics_steps_nav2_3_agent_group_0.csv,True,22.89,14.046213074390106
wide_hallway,nav2,nav2,wide_hallway,3_agent_group,,0,wide_hallway/nav2/metrics_steps_nav2_3_agent_group_0.csv,True,22.99,14.106074967827038
wide_hallway,nav2,nav2,wide_hallway,3_agent_group,,0,wide_hallway/nav2/metrics_steps_nav2_3_agent_group_0.csv,True,23.09,14.173759045818969
wide_hallway,nav2,nav2,wide_hallway,3_agent_group,,0,wide_hallway/nav2/metrics_steps_nav2_3_agent_group_0.csv,True,23.19,14.241574363924393
wide_hallway,nav2,nav2,wide_hallway,3_agent_group,,0,wide_hallway/nav2/metrics_steps_nav2_3_agent_group_0.csv,True,23.29,14.307637041472423
wide_hallway,nav2,nav2,wide_hallway,3_agent_group,,0,wide_hallway/nav2/metrics_steps_nav2_3_agent_group_0.csv,True,23.39,14.370042619892033
wide_hallway,nav2,nav2,wide_hallway,3_agent_group,,0,wide_hallway/nav2/metrics_steps_nav2_3_agent_group_0.csv,True,23.49,14.430674874922438
wide_hallway,nav2,nav2,wide_hallway,3_agent_group,,0,wide_hallway/nav2/metrics_steps_nav2_3_agent_group_0.csv,True,23.59,14.4822572500543
wide_hallway,nav2,nav2,wide_hallway,3_agent_group,,0,wide_hallway/nav2/metrics_steps_nav2_3_agent_group_0.csv,True,23.69,14.529602755551638
wide_hallway,nav2,nav2,wide_hallway,3_agent_group,,0,wide_hallway/nav2/metrics_steps_nav2_3_agent_group_0.csv,True,23.79,14.581913180560187
wide_hallway,nav2,nav2,wide_hallway,3_agent_group,,0,wide_hallway/nav2/metrics_steps_nav2_3_agent_group_0.csv,True,23.89,14.632266780925743
wide_hallway,nav2,nav2,wide_hallway,3_agent_group,,0,wide_hallway/nav2/metrics_steps_nav2_3_agent_group_0.csv,True,23.99,14.683710312087475
wide_hallway,nav2,nav2,wide_hallway,3_agent_group,,0,wide_hallway/nav2/metrics_steps_nav2_3_agent_group_0.csv,True,24.09,14.73421225181315
wide_hallway,nav2,nav2,wide_hallway,3_agent_group,,0,wide_hallway/nav2/metrics_steps_nav2_3_agent_group_0.csv,True,24.19,14.775992523923607
wide_hallway,nav2,nav2,wide_hallway,3_agent_group,,0,wide_hallway/nav2/metrics_steps_nav2_3_agent_group_0.csv,True,24.29,14.815808698515069
wide_hallway,nav2,nav2,wide_hallway,3_agent_group,,0,wide_hallway/nav2/metrics_steps_nav2_3_agent_group_0.csv,True,24.39,14.863702558777767
wide_hallway,nav2,nav2,wide_hallway,3_agent_group,,0,wide_hallway/nav2/metrics_steps_nav2_3_agent_group_0.csv,True,24.49,14.921402880243892
wide_hallway,nav2,nav2,wide_hallway,3_agent_group,,0,wide_hallway/nav2/metrics_steps_nav2_3_agent_group_0.csv,True,24.59,14.982908623187557
wide_hallway,nav2,nav2,wide_hallway,3_agent_group,,0,wide_hallway/nav2/metrics_steps_nav2_3_agent_group_0.csv,True,24.69,15.041241311025631
wide_hallway,nav2,nav2,wide_hallway,3_agent_group,,0,wide_hallway/nav2/metrics_steps_nav2_3_agent_group_0.csv,True,24.79,15.098538108196426
wide_hallway,nav2,nav2,wide_hallway,3_agent_group,,0,wide_hallway/nav2/metrics_steps_nav2_3_agent_group_0.csv,True,24.89,15.158750369907697
wide_hallway,nav2,nav2,wide_hallway,3_agent_group,,0,wide_hallway/nav2/metrics_steps_nav2_3_agent_group_0.csv,True,24.99,15.220289507099997
wide_hallway,nav2,nav2,wide_hallway,3_agent_group,,0,wide_hallway/nav2/metrics_steps_nav2_3_agent_group_0.csv,True,25.09,15.291246919024807
wide_hallway,nav2,nav2,wide_hallway,3_agent_group,,0,wide_hallway/nav2/metrics_steps_nav2_3_agent_group_0.csv,True,25.19,15.361703788745604
wide_hallway,nav2,nav2,wide_hallway,3_agent_group,,0,wide_hallway/nav2/metrics_steps_nav2_3_agent_group_0.csv,True,25.29,15.427312341311923
wide_hallway,nav2,nav2,wide_hallway,3_agent_group,,0,wide_hallway/nav2/metrics_steps_nav2_3_agent_group_0.csv,True,25.39,15.48968718657204
wide_hallway,nav2,nav2,wide_hallway,3_agent_group,,0,wide_hallway/nav2/metrics_steps_nav2_3_agent_group_0.csv,True,25.49,15.546868974725625
wide_hallway,nav2,nav2,wide_hallway,3_agent_group,,0,wide_hallway/nav2/metrics_steps_nav2_3_agent_group_0.csv,True,25.59,15.600807066306494
wide_hallway,nav2,nav2,wide_hallway,3_agent_group,,0,wide_hallway/nav2/metrics_steps_nav2_3_agent_group_0.csv,True,25.69,15.651193300760768
wide_hallway,nav2,nav2,wide_hallway,3_agent_group,,0,wide_hallway/nav2/metrics_steps_nav2_3_agent_group_0.csv,True,25.79,15.694691014946653
wide_hallway,nav2,nav2,wide_hallway,3_agent_group,,0,wide_hallway/nav2/metrics_steps_nav2_3_agent_group_0.csv,True,25.89,15.73542587791608
wide_hallway,nav2,nav2,wide_hallway,3_agent_group,,0,wide_hallway/nav2/metrics_steps_nav2_3_agent_group_0.csv,True,25.99,15.776546530617882
