time_stamps,time_stamps,cumulative_heading_changes,avg_distance_to_closest_person,intimate_space_intrusions,personal_space_intrusions,social_space_intrusions,robot_on_person_collision,person_on_robot_collision,time_not_moving,avg_robot_linear_speed,avg_robot_angular_speed,avg_acceleration,avg_overacceleration,avg_pedestrian_velocity,avg_closest_pedestrian_velocity,social_force_on_agents,social_force_on_robot,social_work,obstacle_force_on_robot,obstacle_force_on_agents
0,0.0,0.0,0.7494457617476045,0,1,0,0,0,0,0.06296243518590927,-0.10026270151138306,0.0,0.0,0.32668790966272354,0.3287103474140167,0.058944695,0.058944695,0.11788939,0.0,0.06394188
1,0.1,0.011113890912383795,0.7478943053927674,0,1,0,0,0,0,0.15806928277015686,-0.11095864325761795,0.9510684758424759,9.510684758424759,0.721591591835022,0.7271958589553833,0.060639236,0.060639236,0.121278465,0.0,0.063049205
2,0.2,0.011113474145531654,0.7478539004992772,0,1,0,0,0,0,0.25849786400794983,-0.11113043129444122,1.0042858123779297,10.042858123779297,0.9844020754098892,0.9932152032852173,0.042493768,0.042493768,0.08498717,0.0,0.061833177
3,0.3,0.011111488565802574,0.7508267633041885,0,1,0,0,0,0,0.35984793305397034,-0.11123765259981155,1.013500690460205,10.13500690460205,1.159337192773819,1.1709643602371216,0.031077571,0.031077571,0.062152803,0.0,0.060612813
4,0.4,0.011109739542007446,0.7572479765237801,0,1,0,0,0,0,0.4615081548690796,-0.11139679700136185,1.0166022181510925,10.166022181510925,1.2759387791156769,1.290404200553894,0.026663361,0.026663361,0.05331908,0.0,0.059491515
5,0.5,0.011108644306659698,0.7666763629728768,0,1,0,0,0,0,0.5633020401000977,-0.11162348836660385,1.0179388523101807,10.179388523101807,1.3538313210010529,1.3713834285736084,0.026514798,0.026514798,0.05301196,0.0,0.058481075
6,0.6,0.010629169642925262,0.7781273832832312,0,1,0,0,0,0,0.6597769856452942,-0.08120888471603394,0.9647494554519653,9.647494554519653,1.4059914350509644,1.4268097877502441,0.028353091,0.028353091,0.056673154,0.0,0.05756654
7,0.7,0.005147844552993774,0.7912945663146724,0,1,0,0,0,0,0.7252582907676697,-0.04900239408016205,0.6548130512237549,6.548130512237549,1.4409535825252533,1.464888334274292,0.028417468,0.028417468,0.056785077,0.0,0.056668214
8,0.8,0.01602637767791748,0.8071779297922423,0,1,0,0,0,0,0.7632911801338196,0.3422435224056244,0.380328893661499,3.8032889366149902,1.4643222391605377,1.4907931089401245,0.026093496,0.026093496,0.052122526,0.0,0.055903547
9,0.9,0.05390258505940437,0.8273566267064809,0,1,0,0,0,0,0.7698566317558289,0.6730428338050842,0.06565451622009277,0.6565451622009277,1.4778325259685516,1.5,0.021475835,0.021475835,0.04287857,0.0,0.05524635
10,1.0,0.0398733913898468,0.8537003441122566,0,1,0,0,0,0,0.7748154997825623,0.3694295883178711,0.049588680267333984,0.49588680267333984,1.485265851020813,1.5,0.017689366,0.017689366,0.035296716,0.0,0.054607127
11,1.1,0.03830094262957573,0.8862072604779769,0,1,0,0,0,0,0.770121693611145,0.38914644718170166,-0.04693806171417236,-0.46938061714172363,1.4901908338069916,1.5,0.014111458,0.014111459,0.028134314,0.0,0.053951725
12,1.2,0.033075347542762756,0.9225771947032217,0,1,0,0,0,0,0.7911840081214905,0.07826539129018784,0.2106231451034546,2.106231451034546,1.493445873260498,1.5,0.011544083,0.011544083,0.022983175,0.0,0.05333396
13,1.3,0.025404714047908783,0.962157082882942,0,1,0,0,0,0,0.7836797833442688,0.11807942390441895,-0.0750422477722168,-0.750422477722168,1.495590329170227,1.5,0.009156967,0.009156972,0.018201645,0.0,0.052674126
14,1.4,0.009793147444725037,1.0046834871934518,0,1,0,0,0,0,0.7929045557975769,0.37776482105255127,0.09224772453308105,0.9224772453308105,1.4969963133335114,1.5,0.0076379096,0.00763791,0.015149143,0.0,0.051979866
15,1.5,0.025430843234062195,1.0509562103672296,0,1,0,0,0,0,0.792486846446991,0.05563844367861748,-0.004177093505859375,-0.04177093505859375,1.4979110360145569,1.5,0.0058729774,0.0058729784,0.011607819,0.0,0.051260505
16,1.6,0.016974717378616333,1.099650620847584,0,1,0,0,0,0,0.7996824979782104,0.17588189244270325,0.07195651531219482,0.7195651531219482,1.4984963536262512,1.5,0.004665508,0.00466551,0.009177883,0.0,0.04952769
17,1.7,0.011727854609489441,1.1503876082802036,0,1,0,0,0,0,0.7933422923088074,-0.11645639687776566,-0.06340205669403076,-0.6340205669403076,1.4988614916801453,1.5,0.0038136977,0.003813699,0.007467501,0.0,0.048777387
18,1.8,0.01826794445514679,1.2033697123054201,0,0,1,0,0,0,0.7495765686035156,-0.09266504645347595,-0.4376572370529175,-4.376572370529175,1.4990798830986023,1.5,0.0036462876,0.0036462897,0.007143912,0.0,0.048006997
19,1.9,0.0008353143930435181,1.258438011255619,0,0,1,0,0,0,0.761335551738739,0.043900638818740845,0.11758983135223389,1.1758983135223389,1.4991993606090546,1.5,0.0031720877,0.0031720884,0.0061828243,0.0,0.039450206
20,2.0,0.006183817982673645,1.3167307246734477,0,0,1,0,0,0,0.6826614737510681,0.13349619507789612,-0.786740779876709,-7.86740779876709,1.4992514848709106,1.5,0.002735388,0.002735388,0.005332318,0.0,0.038837306
21,2.1,0.013310357928276062,1.3767785770141212,0,0,1,0,0,0,0.7739033699035645,0.055188070982694626,0.9124189615249634,9.124189615249634,1.4992546737194061,1.5,0.00249874,0.0024987413,0.004829532,0.0,0.038240276
22,2.2,0.021550536155700684,1.436953555946455,0,0,1,0,0,0,0.7368627786636353,0.20902886986732483,-0.370405912399292,-3.70405912399292,1.4992159605026245,1.4999831914901733,0.0022994955,0.0022994983,0.0044420073,0.0,0.03766164
23,2.3,0.0077582597732543945,1.5025495802326359,0,0,1,0,0,0,0.6637390851974487,0.002288911724463105,-0.7312369346618652,-7.312369346618652,1.499064862728119,1.4995901584625244,0.002086179,0.002086181,0.004032173,0.0,0.037113555
24,2.4,0.00014103949069976807,1.5696730752323367,0,0,1,0,0,0,0.7657337784767151,-0.003575641429051757,1.0199469327926636,10.199469327926636,1.4988015294075012,1.4988263845443726,0.0023737436,0.0023737447,0.004592078,0.0,0.03659667
25,2.5,0.00237862765789032,1.6338552452879278,0,0,1,0,0,0,0.7703307271003723,0.14883477985858917,0.045969486236572266,0.45969486236572266,1.4984621703624725,1.4978574514389038,0.0025311708,0.0025311708,0.0049042925,0.0,0.03610613
26,2.6,0.02853544056415558,1.7001476635128085,0,0,1,0,0,0,0.7378376126289368,0.18697579205036163,-0.32493114471435547,-3.2493114471435547,1.4980911612510681,1.4968003034591675,0.002478358,0.0024783611,0.004804669,0.0,0.035650417
27,2.7,0.015005707740783691,1.7719883067544155,0,0,1,0,0,0,0.6511274576187134,0.14510591328144073,-0.8671015501022339,-8.671015501022339,1.497708261013031,1.495701551437378,0.0022222851,0.0022222851,0.004306283,0.0,0.035229016
28,2.8,0.01549103856086731,1.8480696043752403,0,0,1,0,0,0,0.6771188974380493,0.12755762040615082,0.2599143981933594,2.5991439819335938,1.4973132610321045,1.4945765733718872,0.002467198,0.0024672013,0.004789168,0.0,0.034841906
29,2.9,0.009084373712539673,1.9248301200093287,0,0,1,0,0,0,0.6872999668121338,-0.1606554090976715,0.10181069374084473,1.0181069374084473,1.4968989789485931,1.493431806564331,0.002794874,0.0027948783,0.0054298053,0.0,0.034487702
30,3.0,0.01630893349647522,2.0029815626835763,0,0,1,0,0,0,0.6533836126327515,-0.1622745841741562,-0.33916354179382324,-3.3916354179382324,1.4964708983898163,1.4922717809677124,0.0029220183,0.0029220197,0.0056771296,0.0,0.03416555
31,3.1,0.0036590099334716797,2.0804887673180525,0,0,1,0,0,0,0.6671397686004639,-0.033072639256715775,0.13756155967712402,1.3756155967712402,1.4960223138332367,1.4910911321640015,0.003335848,0.0033358503,0.0064839367,0.0,0.033874948
32,3.2,0.003338724374771118,2.1545506514645374,0,0,1,0,0,0,0.7012838125228882,-0.034219034016132355,0.34144043922424316,3.4144043922424316,1.495543748140335,1.4898834228515625,0.0040005674,0.0040005697,0.007776904,0.0,0.033615056
33,3.3,0.0020014941692352295,2.227135605483712,0,0,1,0,0,0,0.7684829831123352,-0.09806369990110397,0.6719917058944702,6.719917058944702,1.4950425028800964,1.488642692565918,0.0051092934,0.005109305,0.009927109,0.0,0.02870525
34,3.4,0.021385788917541504,2.2997390942160068,0,0,1,0,0,0,0.6983451247215271,-0.30041083693504333,-0.701378583908081,-7.0137858390808105,1.4945226609706879,1.4873628616333008,0.005033685,0.0050336863,0.009783224,0.0,0.02851794
35,3.5,0.03799702227115631,2.372683993259134,0,0,1,0,0,0,0.714123547077179,-0.5350584387779236,0.15778422355651855,1.5778422355651855,1.4939826726913452,1.4860384464263916,0.006086634,0.006086642,0.011820284,0.0,0.028359765
36,3.6,0.05002409219741821,2.4471754242376074,0,0,1,0,0,0,0.6409810185432434,-0.26768630743026733,-0.7314252853393555,-7.314252853393555,1.4934272766113281,1.4846659898757935,0.006027224,0.0060272254,0.011704493,0.0,0.028231394
37,3.7,0.03633350133895874,2.518744208848093,0,0,1,0,0,0,0.7291789054870605,-0.4013407826423645,0.8819788694381714,8.819788694381714,1.4928318560123444,1.4832415580749512,0.008511629,0.008511631,0.01649917,0.0,0.028134573
38,3.8,0.04708642512559891,2.58437169582636,0,0,1,0,0,0,0.7843294143676758,-0.4749218225479126,0.5515050888061523,5.515050888061523,1.4921778440475464,1.4817606210708618,0.011161436,0.0111614475,0.021594742,0.0,0.028071325
39,3.9,0.03941288962960243,2.6453147736970184,0,0,1,0,0,0,0.796439528465271,-0.3138202726840973,0.12110114097595215,1.2110114097595215,1.4914747178554535,1.4802199602127075,0.01310081,0.01310081,0.025316097,0.0,0.028045382
40,4.0,0.03391053341329098,2.7057389103810143,0,0,1,0,0,0,0.776240885257721,-0.3301532566547394,-0.2019864320755005,-2.019864320755005,1.4907627999782562,1.4786217212677002,0.0141539145,0.0141539145,0.027340563,0.0,0.025756858
41,4.1,0.023304691538214684,2.7655232936807463,0,0,1,0,0,0,0.7854214906692505,-0.1808301955461502,0.09180605411529541,0.9180605411529541,1.4900370240211487,1.4769794940948486,0.016186118,0.016186107,0.031247053,0.0,0.025828348
42,4.2,0.017579738050699234,2.8246174105072637,0,0,1,0,0,0,0.7524236440658569,-0.17802953720092773,-0.32997846603393555,-3.2997846603393555,1.4892978370189667,1.475324034690857,0.016834958,0.01683495,0.03252978,0.0,0.025956284
43,4.3,0.011998306959867477,2.8828911660002423,0,0,1,0,0,0,0.7654405236244202,-0.06783241778612137,0.13016879558563232,1.3016879558563232,1.488559365272522,1.4737170934677124,0.019316431,0.019316437,0.037319236,0.0,0.026140738
44,4.4,0.007074981927871704,2.9405512885932152,0,0,1,0,0,0,0.7969405055046082,-0.046770885586738586,0.3149998188018799,3.149998188018799,1.4878497123718262,1.472260594367981,0.022972932,0.022972932,0.044352755,0.0,0.026370939
45,4.5,0.013608023524284363,2.998837736829063,0,0,1,0,0,0,0.750104546546936,-0.025910070165991783,-0.4683595895767212,-4.683595895767212,1.487221598625183,1.4710981845855713,0.023223078,0.023223078,0.0449405,0.0,0.026622968
46,4.6,0.015710413455963135,3.055754974844202,0,0,1,0,0,0,0.775846004486084,-0.21395210921764374,0.2574145793914795,2.574145793914795,1.4866885542869568,1.4703994989395142,0.027215285,0.027215285,0.05420564,0.0,0.022692531
47,4.7,0.013359062373638153,3.1140596307985824,0,0,1,0,0,0,0.7766713500022888,-0.020339081063866615,0.00825345516204834,0.0825345516204834,1.4863883554935455,1.4705106019973755,0.03022245,0.03022245,0.060236726,0.0,0.020554671
48,4.8,0.0013780146837234497,3.1731290387810387,0,0,1,0,0,0,0.7406268119812012,-0.04705139249563217,-0.36044538021087646,-3.6044538021087646,1.4863861799240112,1.4715523719787598,0.03138799,0.03138799,0.06259841,0.0,0.01614097
49,4.9,0.008902154862880707,3.2332840561654903,0,0,1,0,0,0,0.749423086643219,0.14784769713878632,0.08796274662017822,0.8796274662017822,1.4866029620170593,1.473230004310608,0.035616707,0.035616707,0.07105167,0.0,0.015960703
50,5.0,0.0019366219639778137,3.290725669078877,0,0,1,0,0,0,0.8009845614433289,-0.16404534876346588,0.5156147480010986,5.156147480010986,1.4869538843631744,1.4755635261535645,0.04350312,0.04350312,0.08679597,0.0,0.015838427
51,5.1,0.009272351861000061,3.3486179937029625,0,0,1,0,0,0,0.7962742447853088,-0.031119180843234062,-0.047103166580200195,-0.47103166580200195,1.4878520965576172,1.4798650741577148,0.047819123,0.047819123,0.09544845,0.0,0.015773393
52,5.2,0.002385541796684265,3.4067280501136663,0,0,1,0,0,0,0.7956381440162659,0.14104542136192322,-0.0063610076904296875,-0.06361007690429688,1.4891886413097382,1.485692024230957,0.05313429,0.05313429,0.10609022,0.0,0.014332723
53,5.3,0.012000247836112976,3.4646649856061016,0,0,1,0,0,0,0.7945533394813538,-0.09550898522138596,-0.010848045349121094,-0.10848045349121094,1.4907647967338562,1.4923113584518433,0.058730893,0.058730893,0.11730174,0.0,0.013133406
54,5.4,0.0046171098947525024,3.5233167034502886,0,0,1,0,0,0,0.7921195030212402,0.045633409172296524,-0.024338364601135254,-0.24338364601135254,1.492489218711853,1.499398946762085,0.06517867,0.06517867,0.1302086,0.0,0.012971355
55,5.5,0.002218291163444519,3.5823328825997223,0,0,1,0,0,0,0.7972272634506226,0.011792040430009365,0.05107760429382324,0.5107760429382324,1.492565393447876,1.5,0.07267454,0.07267456,0.145215,0.0,0.012950665
56,5.6,0.0020963549613952637,3.643059198223953,0,0,0,0,0,0,0.7693399786949158,0.07095237076282501,-0.27887284755706787,-2.7887284755706787,1.4924495220184326,1.5,0.07862374,0.07862374,0.15712357,0.0,0.012371255
57,5.7,0.005672156810760498,3.702312798587407,0,0,0,0,0,0,0.7846719026565552,-0.05263933539390564,0.15331923961639404,1.5331923961639404,1.492097645998001,1.5,0.0897422,0.0897422,0.17936566,0.0,0.012636554
58,5.8,0.01039135456085205,3.761783594847497,0,0,0,0,0,0,0.7932010293006897,-0.1237204298377037,0.08529126644134521,0.8529126644134521,1.4914719760417938,1.5,0.10080632,0.10080638,0.20150498,0.0,0.0129961325
59,5.9,0.00321921706199646,3.8198788292548826,0,0,0,0,0,0,0.7977383136749268,0.08747600764036179,0.045372843742370605,0.45372843742370605,1.490311622619629,1.5,0.11285165,0.11285165,0.22560447,0.0,0.013656638
60,6.0,0.0035745948553085327,3.878321805717005,0,0,0,0,0,0,0.7717097401618958,-0.0605696365237236,-0.26028573513031006,-2.6028573513031006,1.488062709569931,1.5,0.12198179,0.121981755,0.2438725,0.0,0.014998815
61,6.1,0.0006360262632369995,3.9380042318989075,0,0,0,0,0,0,0.8187112808227539,0.054618507623672485,0.47001540660858154,4.700154066085815,1.4825787544250488,1.5,0.12726898,0.12726898,0.25447515,0.0,0.024504839
62,6.2,0.002133965492248535,3.9954528826731055,0,0,0,0,0,0,0.8067376017570496,-0.03472713381052017,-0.11973679065704346,-1.1973679065704346,1.4641587138175964,1.4867929220199585,0.113438785,0.11343901,0.22682175,0.0,0.07536751
63,6.3,0.004596874117851257,4.049958276622022,0,0,0,0,0,0,0.770901620388031,-0.004035803955048323,-0.35835981369018555,-3.5835981369018555,1.405034750699997,1.3772426843643188,0.11428861,0.11428861,0.22851495,0.0,0.20262884
64,6.4,0.008752316236495972,4.097885844202672,0,0,0,0,0,0,0.7582828402519226,0.08243880420923233,-0.12618780136108398,-1.2618780136108398,1.3708351254463196,1.2590824365615845,0.06529701,0.06529699,0.13043214,0.0,0.34286815
65,6.5,0.0008050054311752319,4.156557470059656,0,0,0,0,0,0,0.7959619164466858,-0.07711312919855118,0.37679076194763184,3.7679076194763184,1.4727006256580353,1.4475045204162598,0.03592907,0.03592907,0.07141576,0.0,0.25529298
66,6.6,0.0014979690313339233,4.1231406162589455,0,0,0,0,0,0,0.7918696403503418,-0.02081943303346634,-0.04092276096343994,-0.4092276096343994,1.4873831272125244,1.5,0.03714449,0.03714464,0.07385597,0.0,0.12064593
67,6.7,0.004791930317878723,3.9126191348330233,0,0,0,0,0,0,0.7549459338188171,0.07095125317573547,-0.3692370653152466,-3.692370653152466,1.4660384953022003,1.4757989645004272,0.06610483,0.06610483,0.1318699,0.0,0.07723075
68,6.8,0.001655682921409607,3.6992592837612372,0,0,0,0,0,0,0.7455733418464661,-0.029397984966635704,-0.09372591972351074,-0.9372591972351074,1.4164357781410217,1.454779863357544,0.09356766,0.09356802,0.18687764,0.0,0.21556973
69,6.9,0.0002789050340652466,3.4803965331197384,0,0,1,0,0,0,0.7890180945396423,0.053170155733823776,0.4344475269317627,4.344475269317627,1.2892484962940216,1.4728270769119263,0.13770708,0.13770708,0.2750264,0.0,0.54943645
70,7.0,0.0018803328275680542,3.258070561535595,0,0,1,0,0,0,0.8778678774833679,-0.06408894062042236,0.8884978294372559,8.884978294372559,0.7951809652149677,1.5,0.13170737,0.13170785,0.2610174,0.0,0.80226517
71,7.1,0.007314935326576233,3.0325253886270462,0,0,1,0,0,0,0.7941485047340393,-0.02537176012992859,-0.8371937274932861,-8.371937274932861,1.2781932801008224,1.5,0.24991952,0.24991953,0.4642457,0.0,2.4429274
72,7.2,0.008810527622699738,2.80563969782932,0,0,1,0,0,0,0.8594436645507812,0.10907039046287537,0.6529515981674194,6.529515981674194,1.4962757229804993,1.4920099973678589,0.31558922,0.31558996,0.50420666,0.0,2.127977
73,7.3,0.006682880222797394,2.582214493079768,0,0,1,0,0,0,0.7824523448944092,-0.12845000624656677,-0.7699131965637207,-7.699131965637207,1.4836918115615845,1.4709022045135498,0.5086775,0.5086775,0.9440836,0.0,0.98267996
74,7.4,0.004211440682411194,2.359306710799996,0,0,1,0,0,0,0.814995288848877,-0.002629445865750313,0.32542943954467773,3.2542943954467773,1.4708378612995148,1.4338775873184204,0.5603811,0.5603819,1.0341414,0.0,0.30901504
75,7.5,0.011190325021743774,2.1406018514276943,0,0,1,0,0,0,0.8276360630989075,-0.16853542625904083,0.12640774250030518,1.2640774250030518,1.465094119310379,1.4094569683074951,0.56234926,0.5623492,0.99926984,0.0,0.06676489
76,7.6,0.0012372583150863647,1.9234736433702957,0,0,1,0,0,0,0.8573060035705566,0.0457218736410141,0.2966994047164917,2.966994047164917,1.4408908188343048,1.3869227170944214,0.5825894,0.58258927,1.0019779,0.0,0.09892308
77,7.7,0.003254249691963196,1.7078396994415206,0,0,1,0,0,0,0.9898440837860107,-0.2698933482170105,1.325380802154541,13.25380802154541,1.402952641248703,1.3668553829193115,0.47809702,0.4780969,0.6664792,0.0,0.14120682
78,7.8,0.01607753336429596,1.4934728252690848,0,0,1,0,0,0,0.881330132484436,-0.3102036118507385,-1.085139513015747,-10.85139513015747,1.3755697906017303,1.3677725791931152,0.5671481,0.5671495,0.8669585,0.0,0.17829044
79,7.9,0.01505744457244873,1.2809392306276375,0,0,1,0,0,0,0.9269949197769165,0.39615538716316223,0.4566478729248047,4.566478729248047,1.37200465798378,1.3676683902740479,0.53448343,0.53448355,0.7383617,0.0,0.19115877
80,8.0,0.04256822168827057,1.0668673017349666,0,1,0,0,0,0,0.7888832092285156,0.23519715666770935,-1.3811171054840088,-13.811171054840088,1.3857822716236115,1.3737887144088745,0.95699775,0.9569977,1.801393,0.0,0.17562847
81,8.1,0.0244162455201149,0.8559433335597038,0,1,0,0,0,0,0.856347918510437,0.20422005653381348,0.6746470928192139,6.746470928192139,1.395831972360611,1.3564422130584717,0.55419016,0.55419135,0.77660716,0.0,0.14572775
82,8.2,0.022936861962080002,0.6568715216225558,0,1,0,0,0,0,0.7544519305229187,0.21451866626739502,-1.018959879875183,-10.189598798751831,1.4008609652519226,1.3368360996246338,0.5796809,0.5796809,0.8435379,0.0,0.13386099
83,8.3,0.023243648931384087,0.47240518383909746,0,1,0,0,0,0,0.6629972457885742,0.14264725148677826,-0.9145468473434448,-9.145468473434448,1.390416294336319,1.2700797319412231,0.5796662,0.57966614,0.8491539,0.0,0.12256795
84,8.4,0.02093636686913669,0.30772458399552494,1,0,0,0,0,0,0.506901741027832,0.03683244436979294,-1.5609550476074219,-15.609550476074219,1.362891674041748,1.130972981452942,0.72023267,0.7202327,1.2340808,0.0,0.13424471
85,8.5,0.01228756527416408,0.17213804006145583,1,0,0,0,0,0,0.6096086502075195,-0.20237821340560913,1.027069091796875,10.27069091796875,1.2940942645072937,0.8221033811569214,0.46064654,0.4606466,0.5682546,0.0,0.18664975
86,8.6,0.015185413882136345,0.09018984030362154,1,0,0,0,0,0,0.4173395037651062,-0.17713752388954163,-1.9226914644241333,-19.226914644241333,1.1843197718262672,0.35626021027565,0.47525796,0.475258,0.70331115,0.0,0.25927565
87,8.7,0.014408551156520844,0.0727830620385509,1,0,0,0,0,0,0.5850774049758911,-0.20346485078334808,1.6773790121078491,16.77379012107849,1.1777444407343864,0.31584712862968445,0.35925332,0.3592533,0.6313133,0.0,0.28831512
88,8.8,0.0152827687561512,0.10604241918460078,1,0,0,0,0,0,0.17981477081775665,-0.14029952883720398,-4.052626341581345,-40.526263415813446,1.239349752664566,0.5609936714172363,0.14115138,0.1411514,0.2694277,0.0,0.25388673
89,8.9,0.01513136550784111,0.16132839277801148,1,0,0,0,0,0,0.0841720774769783,-0.1427944004535675,-0.9564269334077835,-9.564269334077835,1.2371187210083008,0.5603863000869751,0.11582575,0.11582581,0.23155051,0.0,0.20807451
90,9.0,0.01870899647474289,0.21504577996356078,1,0,0,0,0,0,0.1685423105955124,-0.3972446024417877,0.8437023311853409,8.437023311853409,1.191579170525074,0.390348345041275,0.15792303,0.15792304,0.3158421,0.0,0.17649603
91,9.1,0.05248823016881943,0.2524508819659832,1,0,0,0,0,0,0.12951473891735077,-0.7698896527290344,-0.3902757167816162,-3.902757167816162,1.1355573385953903,0.16782981157302856,0.13696857,0.13696857,0.27031568,0.0,0.1763353
92,9.2,0.08496615290641785,0.2652379284165052,1,0,0,0,0,0,0.04428878054022789,-0.8446976542472839,-0.8522595837712288,-8.522595837712288,1.1041287127882242,0.026230670511722565,0.28505182,0.28505182,0.32831845,0.0,0.17410168
93,9.3,0.0856284350156784,0.25647653606239684,1,0,0,0,0,0,0.0852409228682518,-0.8505029082298279,0.4095214232802391,4.095214232802391,1.1329370196908712,0.11035337299108505,0.444815,0.44481495,0.6733136,0.0,0.17900921
94,9.4,0.0863649845123291,0.23689341666866903,1,0,0,0,0,0,0.1837788224220276,-0.8633578419685364,0.9853789955377579,9.853789955377579,1.1421362794935703,0.1141977459192276,0.4774984,0.47749847,0.8033819,0.0,0.18997939
95,9.5,0.08692768216133118,0.2162386411640489,1,0,0,0,0,0,0.2782416045665741,-0.8735393285751343,0.9446278214454651,9.44627821445465,1.1378818470984697,0.08331752568483353,0.40688053,0.40688053,0.7256272,0.0,0.20121932
96,9.6,0.08636784553527832,0.20120120455186097,1,0,0,0,0,0,0.34951555728912354,-0.8489295840263367,0.7127395272254944,7.127395272254944,1.1478232331573963,0.12724192440509796,0.29516184,0.29516208,0.5452085,0.0,0.20954204
97,9.7,0.08528256416320801,0.1958551582339646,1,0,0,0,0,0,0.455605149269104,-0.8505487442016602,1.0608959197998047,10.608959197998047,1.1667502149939537,0.22155770659446716,0.1979181,0.1979181,0.38039875,0.0,0.22172302
98,9.8,0.08494281768798828,0.2015226586951404,1,0,0,0,0,0,0.5543690919876099,-0.8565563559532166,0.9876394271850586,9.876394271850586,1.1794504150748253,0.3007543981075287,0.12035344,0.12035344,0.23687294,0.0,0.235671
99,9.9,0.046486735343933105,0.21835649681569314,1,0,0,0,0,0,0.5544449090957642,-0.12365026772022247,0.0007581710815429688,0.0075817108154296875,1.1821069940924644,0.3347108066082001,0.0863521,0.0863522,0.17198673,0.0,0.24137746
100,10.0,0.0008308291435241699,0.23917214609439652,1,0,0,0,0,0,0.6062353849411011,0.20300382375717163,0.5179047584533691,5.179047584533691,1.1765453144907951,0.3118700683116913,0.06801647,0.06801647,0.13599128,0.0,0.2403273
101,10.1,0.025452375411987305,0.25666437303193157,1,0,0,0,0,0,0.6992340683937073,0.26313287019729614,0.929986834526062,9.29986834526062,1.171670876443386,0.26171907782554626,0.045191914,0.045192,0.09038335,0.0,0.23398928
102,10.2,0.03656291961669922,0.26842217127496815,1,0,0,0,0,0,0.7743340730667114,0.4429471790790558,0.7510000467300415,7.510000467300415,1.173736084252596,0.24100370705127716,0.024837352,0.024837352,0.0496747,0.0,0.21733908
103,10.3,0.0716785192489624,0.27451088075386654,1,0,0,0,0,0,0.7771461009979248,0.9575697183609009,0.02812027931213379,0.2812027931213379,1.185560867190361,0.2907859683036804,0.016940068,0.016940068,0.033880137,0.0,0.19415152
104,10.4,0.0925835371017456,0.27500068083177287,1,0,0,0,0,0,0.7633647918701172,0.9662924408912659,-0.13781309127807617,-1.3781309127807617,1.2110283598303795,0.3953265845775604,0.009909811,0.009909811,0.019819623,0.0,0.16631418
105,10.5,0.09019675850868225,0.2720723938475271,1,0,0,0,0,0,0.7904267907142639,0.8083016276359558,0.2706199884414673,2.706199884414673,1.2436190396547318,0.5285775065422058,0.0027834696,0.002783483,0.0055669528,0.0,0.14201131
106,10.6,0.07459434866905212,0.2710961782718042,1,0,0,0,0,0,0.7868672013282776,0.5815284252166748,-0.03559589385986328,-0.3559589385986328,1.2813863456249237,0.682785153388977,0.000518219,0.000518219,0.001036438,0.0,0.122033685
107,10.7,0.05367150902748108,0.27834355686091317,1,0,0,0,0,0,0.7972264885902405,0.3038142919540405,0.1035928726196289,1.035928726196289,1.3244598656892776,0.8585041165351868,3.4595298e-05,3.4595298e-05,6.9190595e-05,0.0,0.10240496
108,10.8,0.036153167486190796,0.2992167185918877,1,0,0,0,0,0,0.7617762088775635,0.3687863051891327,-0.35450279712677,-3.5450279712677,1.3694378733634949,1.0421679019927979,1.867301e-06,1.867301e-06,3.734602e-06,0.0,0.10072626
109,10.9,0.0528998076915741,0.338979890583742,1,0,0,0,0,0,0.7919884324073792,0.6606656312942505,0.30212223529815674,3.0212223529815674,1.4109110236167908,1.2121862173080444,1.8774646e-08,1.8774646e-08,3.754929e-08,0.0,0.11815157
110,11.0,0.05600333213806152,0.3991762324550181,1,0,0,0,0,0,0.7760735154151917,0.3624812364578247,-0.159149169921875,-1.59149169921875,1.4509204030036926,1.3767778873443604,1.807106e-10,1.807106e-10,3.614212e-10,0.0,0.13710086
111,11.1,0.018439948558807373,0.48526194635015485,0,1,0,0,0,0,0.7687900066375732,0.1926438808441162,-0.07283508777618408,-0.7283508777618408,1.4804642498493195,1.5,1.6827761e-12,1.6827761e-12,3.3655374e-12,0.0,0.15006325
112,11.2,0.0030053555965423584,0.5938417791580843,0,1,0,0,0,0,0.7964888215065002,0.10397689044475555,0.27698814868927,2.7698814868927,1.479060411453247,1.5,1.1383333e-13,1.1383159e-13,2.276649e-13,0.0,0.15528296
113,11.3,0.004990741610527039,0.7227443253092978,0,1,0,0,0,0,0.7729761600494385,0.11743856966495514,-0.23512661457061768,-2.3512661457061768,1.477491557598114,1.5,5.3304824e-14,5.3304007e-14,1.06608366e-13,0.0,0.15532605
114,11.4,0.00790916383266449,0.8677980765014004,0,1,0,0,0,0,0.8160924315452576,-0.065192811191082,0.4311627149581909,4.311627149581909,1.4757302105426788,1.5,8.281399e-15,8.281399e-15,1.0813165e-14,0.0,0.15340059
115,11.5,0.009439557790756226,1.0286186412600602,0,1,0,0,0,0,0.8210218548774719,0.05534616857767105,0.049294233322143555,0.49294233322143555,1.473742812871933,1.5,1.6301027e-16,1.6300965e-16,3.2597094e-16,0.0,0.18581481
116,11.6,0.0036320537328720093,1.20142395474534,0,0,1,0,0,0,0.8258539438247681,0.060077276080846786,0.048320889472961426,0.48320889472961426,1.4714883863925934,1.5,4.7361847e-16,4.7361847e-16,9.011289e-16,0.0,0.18775551
117,11.7,0.02302958071231842,1.3879183172609917,0,0,1,0,0,0,0.8121227025985718,0.1669771820306778,-0.1373124122619629,-1.373124122619629,1.468822181224823,1.49940824508667,1.655922e-18,1.6558979e-18,3.1607318e-18,0.0,0.1924962
118,11.8,0.014897339046001434,1.5777917289854084,0,0,1,0,0,0,0.7777543067932129,0.16097600758075714,-0.34368395805358887,-3.4368395805358887,1.4632926285266876,1.493472695350647,8.119252e-15,8.119252e-15,1.6234755e-14,0.0,0.20809123
119,11.9,0.012324415147304535,1.7701933471934481,0,0,1,0,0,0,0.9138955473899841,0.10834670066833496,1.3614124059677124,13.614124059677124,1.4538041651248932,1.485186219215393,4.9202125e-11,4.9202125e-11,9.84042e-11,0.0,0.21685648
120,12.0,0.006831280887126923,1.9672650846975732,0,0,1,0,0,0,0.733641505241394,0.09025519341230392,-1.8025404214859009,-18.02540421485901,1.4454587399959564,1.4770780801773071,4.239675e-17,4.2396752e-17,8.430482e-17,0.0,0.22732244
121,12.1,0.004117235541343689,2.16741556518818,0,0,1,0,0,0,0.6566022634506226,-0.1202181875705719,-0.7703924179077148,-7.703924179077148,1.4378436207771301,1.470083475112915,4.621526e-18,4.621547e-18,5.5815484e-18,0.0,0.24016002
122,12.2,1.537799835205078e-05,2.3702823327958606,0,0,1,0,0,0,0.7129886746406555,0.008754363283514977,0.5638641119003296,5.638641119003296,1.4305702149868011,1.4644041061401367,5.8756655e-20,5.8756655e-20,9.671262e-20,0.0,0.25609848
123,12.3,0.0027317628264427185,2.581855712420924,0,0,1,0,0,0,0.7820959687232971,-0.026828845962882042,0.691072940826416,6.91072940826416,1.4233037531375885,1.4599426984786987,1.9424249e-21,1.9424249e-21,3.3390664e-21,0.0,0.276898
124,12.4,0.006081640720367432,2.794219060342513,0,0,1,0,0,0,0.7710851430892944,-0.1940016746520996,-0.11010825634002686,-1.1010825634002686,1.4157585799694061,1.4565112590789795,8.276198e-21,8.276198e-21,1.6217574e-20,0.0,0.30329654
125,12.5,0.010795578360557556,3.0105001795029134,0,0,1,0,0,0,0.7721143960952759,-0.04215303808450699,0.010292530059814453,0.10292530059814453,1.4076808989048004,1.4539191722869873,4.6652518e-20,4.6652518e-20,9.3204605e-20,0.0,0.33357704
126,12.6,0.0010749399662017822,3.2251937912851933,0,0,1,0,0,0,0.7696648836135864,-0.060913316905498505,-0.02449512481689453,-0.2449512481689453,1.3988317549228668,1.4520049095153809,3.743392e-23,3.743392e-23,7.486784e-23,0.0,0.3710776
127,12.7,0.0034402161836624146,3.4405815847283776,0,0,1,0,0,0,0.7575666904449463,0.04853097349405289,-0.12098193168640137,-1.2098193168640137,1.3874613046646118,1.4506431818008423,3.288811e-17,3.288811e-17,6.577621e-17,0.0,0.419813
128,12.8,0.006129324436187744,3.6535430562198226,0,0,0,0,0,0,0.7906532287597656,0.05331855267286301,0.33086538314819336,3.3086538314819336,1.3701744675636292,1.4497405290603638,8.088659e-15,8.088659e-15,1.6177318e-14,0.0,0.48054695
129,12.9,0.029844939708709717,3.868125764517859,0,0,0,0,0,0,0.6934759020805359,0.42859992384910583,-0.9717732667922974,-9.717732667922974,1.0397423058748245,1.4492288827896118,8.440747e-06,8.440747e-06,1.6881493e-05,0.0,0.8585784
130,13.0,0.02878628671169281,4.0810282572498835,0,0,0,0,0,0,0.8189836740493774,0.2592211067676544,1.2550777196884155,12.550777196884155,1.0836749896407127,1.4490559101104736,1.5561729e-05,1.5561693e-05,3.112336e-05,0.0,1.0685225
131,13.1,0.029526840895414352,4.2979622656731475,0,0,0,0,0,0,0.7380363941192627,0.2968977987766266,-0.8094727993011475,-8.094727993011475,1.0630519166588783,1.4491431713104248,6.2210916e-06,6.2210916e-06,1.2442175e-05,0.0,1.2142808
132,13.2,0.032875608652830124,4.507191955436484,0,0,0,0,0,0,0.7181181311607361,0.23918725550174713,-0.1991826295852661,-1.9918262958526611,1.0364612899720669,1.4494099617004395,2.2798708e-06,2.2798697e-06,4.5593206e-06,0.0,1.156963
133,13.3,0.030168592929840088,4.716691889168547,0,0,0,0,0,0,0.7992023229598999,0.23159150779247284,0.8108419179916382,8.108419179916382,1.0016865879297256,1.4498060941696167,3.8839376e-06,3.8839376e-06,7.767469e-06,0.0,0.92268974
134,13.4,0.029574766755104065,4.920889185567266,0,0,0,0,0,0,0.6340960264205933,0.1864074319601059,-1.6510629653930664,-16.510629653930664,0.973641887307167,1.450297474861145,8.1212465e-07,8.1212465e-07,1.6242398e-06,0.0,0.8555876
135,13.5,0.004846576601266861,5.128228316611919,0,0,0,0,0,0,0.6606056094169617,0.05472543090581894,0.2650958299636841,2.650958299636841,0.9542907103896141,1.4508594274520874,1.4546039e-06,1.4546039e-06,2.9092062e-06,0.0,0.82874066
136,13.6,0.0024541914463043213,5.335833476548088,0,0,0,0,0,0,0.6442106366157532,-0.2053675651550293,-0.16394972801208496,-1.6394972801208496,0.9351402297616005,1.4514732360839844,1.800779e-06,1.800779e-06,3.6014458e-06,0.0,0.8399193
137,13.7,0.01144465059041977,5.543809469288466,0,0,0,0,0,0,0.6352349519729614,-0.11961336433887482,-0.08975684642791748,-0.8975684642791748,0.9126502871513367,1.4521235227584839,2.7452909e-06,2.7452888e-06,5.490113e-06,0.0,0.89810187
138,13.8,0.008887473493814468,5.752209502928167,0,0,0,0,0,0,0.6477386355400085,0.051563795655965805,0.1250368356704712,1.250368356704712,0.8835859894752502,1.452796220779419,4.1170974e-06,4.1170974e-06,8.232946e-06,0.0,1.0320084
139,13.9,0.010981479659676552,5.960745544120214,0,0,0,0,0,0,0.6498923897743225,-0.005286235362291336,0.02153754234313965,0.21537542343139648,0.8529992140829563,1.4534752368927002,4.754434e-06,4.754434e-06,9.508865e-06,0.0,1.1820621
140,14.0,0.00459587387740612,6.170916881951019,0,0,0,0,0,0,0.6747480630874634,-0.12730079889297485,0.2485567331314087,2.485567331314087,0.8236558921635151,1.4541385173797607,8.117273e-06,8.117273e-06,1.4096561e-05,0.0,0.9385543
141,14.1,0.013880115933716297,6.386295536360951,0,0,0,0,0,0,0.7724897265434265,-0.17515160143375397,0.9774166345596313,9.774166345596313,0.5086354650557041,1.4039713144302368,3.741358e-05,3.7413593e-05,7.4771866e-05,0.0,0.96151614
142,14.2,0.032589745707809925,6.600672219329924,0,0,0,0,0,0,0.7592006325721741,-0.35521942377090454,-0.13289093971252441,-1.3289093971252441,0.6096764802932739,1.3806020021438599,4.2658514e-05,4.2658514e-05,8.5307925e-05,0.0,1.1206236
143,14.3,0.03153795562684536,6.810583042665782,0,0,0,0,0,0,0.681208074092865,-0.2683853507041931,-0.7799255847930908,-7.799255847930908,0.6708513703197241,1.3750745058059692,2.549408e-05,2.549408e-05,5.097267e-05,0.0,0.96022767
144,14.4,0.019620481878519058,7.019056667811614,0,0,0,0,0,0,0.7350528240203857,-0.15998059511184692,0.5384474992752075,5.384474992752075,0.7535956054925919,1.3593336343765259,6.3794396e-05,6.379439e-05,0.00012746418,0.0,0.87319654
145,14.5,0.0049332380294799805,7.22419462574038,0,0,0,0,0,0,0.7441354393959045,0.07210937887430191,0.09082615375518799,0.9082615375518799,0.78061892837286,1.31443452835083,9.018997e-05,9.019007e-05,0.00018022879,0.0,1.1512089
146,14.6,0.00814589112997055,7.4263583657832,0,0,0,0,0,0,0.782904326915741,0.2207127809524536,0.38768887519836426,3.8768887519836426,0.7875459156930447,1.2325555086135864,0.00013530023,0.00013530026,0.00027036702,0.0,1.2699695
147,14.7,0.019796308130025864,7.61936463935035,0,0,0,0,0,0,0.8261380791664124,0.14560680091381073,0.43233752250671387,4.323375225067139,0.78822822868824,1.1297019720077515,0.000100449426,0.000100449426,0.00020046247,0.0,1.2638819
148,14.8,0.021050572395324707,7.800379310667429,0,0,0,0,0,0,0.7642959952354431,0.1421714425086975,-0.6184208393096924,-6.184208393096924,0.7701768279075623,1.0659654140472412,0.00012411163,0.00012411177,0.00024787767,0.0,1.2170389
149,14.9,0.007149023935198784,7.9808118397006655,0,0,0,0,0,0,0.6967160105705261,0.11926192045211792,-0.6757998466491699,-6.757998466491699,0.7630828619003296,1.080908179283142,9.678212e-05,9.678212e-05,0.00019343194,0.0,1.1603891
150,15.0,0.016618462977930903,8.159768106992855,0,0,0,0,0,0,0.675544261932373,0.19939468801021576,-0.21171748638153076,-2.1171748638153076,0.45614827796816826,1.1507447957992554,8.768396e-05,8.768403e-05,0.00017527872,0.0,1.2020069
151,15.1,0.012572976062074304,8.323298292937023,0,0,0,0,0,0,0.6873412728309631,-0.04049224779009819,0.11797010898590088,1.1797010898590088,0.5485059581696987,0.20217449963092804,0.000104505256,0.000104505336,0.00020892124,0.0,1.3481301
152,15.2,0.003402707166969776,8.257726219325342,0,0,0,0,0,0,0.6997933387756348,0.10998838394880295,0.12452065944671631,1.245206594467163,0.6297542974352837,0.17652352154254913,0.00012557291,0.00012557291,0.00025101943,0.0,1.2593732
153,15.3,0.0079941526055336,8.185998284954566,0,0,0,0,0,0,0.6520064473152161,0.07933086901903152,-0.477868914604187,-4.77868914604187,0.6946784034371376,0.15640254318714142,9.072293e-05,9.072293e-05,0.00017957494,0.0,1.1470497
154,15.4,0.007038496434688568,8.115074966651829,0,0,0,0,0,0,0.6835191249847412,0.0814339816570282,0.31512677669525146,3.1512677669525146,0.7288058772683144,0.1433980017900467,0.000132788,0.000132788,0.00025739704,0.0,1.0568379
155,15.5,0.00140322744846344,8.043670775178898,0,0,0,0,0,0,0.7037723660469055,-0.008479065261781216,0.20253241062164307,2.0253241062164307,0.40057631582021713,0.13007678091526031,0.00015452379,0.00015452379,0.00028592558,0.0,0.997743
156,15.6,0.009250804781913757,7.972797461091133,0,0,0,0,0,0,0.6493258476257324,0.06324383616447449,-0.544465184211731,-5.44465184211731,0.5285940133035183,0.11491827666759491,0.00014474356,0.00014474356,0.00022315877,0.0,1.0640826
157,15.7,0.01655491814017296,7.9042840747586105,0,0,0,0,0,0,0.6577706933021545,0.17180117964744568,0.08444845676422119,0.8444845676422119,0.6090643089264631,0.10408739000558853,0.00017871383,0.00017871379,0.00026208372,0.0,1.0842295
158,15.8,0.007820460945367813,7.835770508314933,0,0,0,0,0,0,0.6359758973121643,0.04607691615819931,-0.21794795989990234,-2.1794795989990234,0.6540002729743719,0.09131218492984772,0.00019356128,0.00019356125,0.00023155495,0.0,1.1245358
159,15.9,0.0020120926201343536,7.766885390453751,0,0,0,0,0,0,0.6823062896728516,0.0206188652664423,0.46330392360687256,4.633039236068726,0.6798615138977766,0.08175428211688995,0.00026520286,0.00026520286,0.0003840611,0.0,1.172285
160,16.0,0.0003314167261123657,7.696556897656787,0,0,0,0,0,0,0.6844304203987122,0.0043189795687794685,0.021241307258605957,0.21241307258605957,0.692476250231266,0.07045821100473404,0.00029161535,0.00029161535,0.000383073,0.0,1.1731722
161,16.1,0.00015439093112945557,7.6266993224908735,0,0,0,0,0,0,0.6567026972770691,-0.0048922039568424225,-0.27727723121643066,-2.7727723121643066,0.7075789719820023,0.06289324909448624,0.00029595138,0.00029595138,0.00036624365,0.0,1.1093937
162,16.2,0.019227664917707443,7.558475623885332,0,0,0,0,0,0,0.6906213164329529,-0.2487252801656723,0.3391861915588379,3.391861915588379,0.7224284978583455,0.05700354278087616,0.00037530423,0.00037530423,0.0005312529,0.0,1.0539252
163,16.3,0.023023489862680435,7.484702052173512,0,0,0,0,0,0,0.7239299416542053,-0.2390565276145935,0.3330862522125244,3.330862522125244,0.7337109413929284,0.05260152742266655,0.00047877763,0.00047877763,0.00067281816,0.0,1.0537649
164,16.4,0.024167054682038724,7.414679726528378,0,0,0,0,0,0,0.6481571793556213,-0.21880333125591278,-0.7577276229858398,-7.577276229858398,0.7376077808439732,0.0363861620426178,0.00042521054,0.0004252106,0.00055394945,0.0,1.1578333
165,16.5,0.002519077737815678,7.348365309539519,0,0,0,0,0,0,0.655817985534668,-0.04094482213258743,0.07660806179046631,0.7660806179046631,0.7794287465512753,0.09443772584199905,0.0004753713,0.0004753713,0.0005232235,0.0,0.93019015
166,16.6,0.01084520248696208,7.28262966386699,0,0,0,0,0,0,0.641852617263794,-0.1970560997724533,-0.13965368270874023,-1.3965368270874023,0.8016256392002106,0.0685211718082428,0.0005230139,0.00052301405,0.0008591928,0.0,0.8923583
167,16.7,0.012507317587733269,7.214827667863694,0,0,0,0,0,0,0.6345381736755371,-0.17645494639873505,-0.07314443588256836,-0.7314443588256836,0.4386997977271676,0.03398677706718445,0.00057168864,0.00057168864,0.0009500362,0.0,1.1267985
168,16.8,0.006248174235224724,7.1445413934593045,0,0,0,0,0,0,0.7101130485534668,-0.13766741752624512,0.7557487487792969,7.557487487792969,0.5573939052410424,0.031224975362420082,0.0006973458,0.0006973458,0.00095404463,0.0,0.9836128
169,16.9,0.00036954134702682495,7.07356787892465,0,0,0,0,0,0,0.6813238263130188,0.19961829483509064,-0.28789222240448,-2.8789222240448,0.6521738264709711,0.05070415884256363,0.00068895856,0.00068895874,0.00087191706,0.0,1.0457627
170,17.0,0.025042337365448475,7.007797887138862,0,0,0,0,0,0,0.702389657497406,0.3128598630428314,0.21065831184387207,2.1065831184387207,0.6948201423510909,0.11030469834804535,0.0008349688,0.0008349688,0.0011656822,0.0,0.8524464
171,17.1,0.037096611224114895,6.945245278353544,0,0,0,0,0,0,0.6423278450965881,0.2692503035068512,-0.6006181240081787,-6.006181240081787,0.7265397999435663,0.0860099121928215,0.00083859684,0.00083859684,0.0008871964,0.0,0.96574634
172,17.2,0.02155129611492157,6.888785938668785,0,0,0,0,0,0,0.6108734011650085,0.17559486627578735,-0.3145444393157959,-3.145444393157959,0.7632551398128271,0.11228963732719421,0.0009694579,0.00096945825,0.0016180498,0.0,1.2254589
173,17.3,0.021665234118700027,6.83520002330005,0,0,0,0,0,0,0.6212886571884155,0.19409285485744476,0.10415256023406982,1.0415256023406982,0.7637954689562321,0.08910481631755829,0.0009882138,0.0009882136,0.0015952841,0.0,1.0390714
174,17.4,0.01154276728630066,6.782422400007742,0,0,0,0,0,0,0.6059244275093079,0.14739990234375,-0.15364229679107666,-1.5364229679107666,0.7877615131437778,0.11537792533636093,0.0011014189,0.0011014189,0.0019245973,0.0,0.65257764
175,17.5,0.02235691249370575,6.727061848124349,0,0,0,0,0,0,0.6412439942359924,0.11659883707761765,0.3531956672668457,3.531956672668457,0.7851022258400917,0.09932659566402435,0.0012049654,0.0012049654,0.002070724,0.0,0.9550772
176,17.6,0.003936588764190674,6.669228665015352,0,0,0,0,0,0,0.6302605867385864,-0.053391944617033005,-0.10983407497406006,-1.0983407497406006,0.8156007155776024,0.1481017768383026,0.0012723502,0.0012723507,0.0021622796,0.0,1.1676009
177,17.7,0.0008357465267181396,6.602009565251615,0,0,0,0,0,0,0.6430720686912537,0.07377243041992188,0.12811481952667236,1.2811481952667236,0.8094788882881403,0.18882788717746735,0.0013211037,0.0013211037,0.0020290725,0.0,1.0442193
178,17.8,0.011845499277114868,6.531969160519905,0,0,0,0,0,0,0.6737696528434753,0.03433724120259285,0.3069758415222168,3.069758415222168,0.7809273265302181,0.04179588705301285,0.0014406282,0.0014406284,0.0021035527,0.0,1.0711372
179,17.9,0.006093971431255341,6.463869380768304,0,0,0,0,0,0,0.7555504441261292,-0.2691674828529358,0.8178079128265381,8.17807912826538,0.7833985257893801,0.05554904043674469,0.0017117194,0.0017117204,0.002709743,0.0,1.0663387
180,18.0,0.025249779224395752,6.3975828169622995,0,0,0,0,0,0,0.6352870464324951,-0.11023771017789841,-1.2026339769363403,-12.026339769363403,0.7688851961866021,0.05171705037355423,0.0016715158,0.0016715156,0.0025075192,0.0,0.92228633
181,18.1,0.008151315152645111,6.330872664687992,0,0,0,0,0,0,0.6588056087493896,-0.09435603767633438,0.2351856231689453,2.351856231689453,0.7856887597590685,0.10543345659971237,0.0018656481,0.0018656481,0.0024022,0.0,0.51377285
182,18.2,0.02198542281985283,6.258296654290975,0,0,0,0,0,0,0.6732004880905151,-0.06535299867391586,0.14394879341125488,1.4394879341125488,0.7908879425376654,0.10534391552209854,0.0021321685,0.0021321685,0.0023870606,0.0,1.1156971
183,18.3,0.005480233579874039,6.185045005293506,0,0,0,0,0,0,0.6749723553657532,-0.1963580995798111,0.01771867275238037,0.1771867275238037,0.8073365353047848,0.165040522813797,0.0023145773,0.0023145773,0.0026314803,0.0,0.7978225
184,18.4,0.023975441232323647,6.110692015681708,0,0,0,0,0,0,0.6861380338668823,-0.1061641201376915,0.1116567850112915,1.116567850112915,0.8149926997721195,0.19739796221256256,0.002622803,0.002622803,0.0031950097,0.0,0.8090801
185,18.5,0.0057924166321754456,6.0351143200047535,0,0,0,0,0,0,0.6492416262626648,-0.10938850790262222,-0.3689640760421753,-3.689640760421753,0.8142572809010744,0.17919278144836426,0.0027720165,0.0027720167,0.0030030906,0.0,1.1621857
186,18.6,0.008021139539778233,5.96447180845276,0,0,0,0,0,0,0.6383930444717407,-0.28298455476760864,-0.10848581790924072,-1.0848581790924072,0.8079964900389314,0.038121942430734634,0.002805234,0.0028052344,0.004398986,0.0,1.025267
187,18.7,0.009736053267261013,5.8951646615094395,0,0,0,0,0,0,0.7113537788391113,-0.026498371735215187,0.729607343673706,7.2960734367370605,0.8084796946495771,0.07256349176168442,0.003226772,0.003226773,0.004105888,0.0,1.0112844
188,18.8,0.008392652875045314,5.8229869744039275,0,0,0,0,0,0,0.7165635228157043,-0.17229421436786652,0.052097439765930176,0.5209743976593018,0.8450286909937859,0.2104950249195099,0.0035030348,0.0035030348,0.0056771217,0.0,0.78355414
189,18.9,0.005401908420026302,5.751563293154971,0,0,0,0,0,0,0.6588711142539978,0.03364007547497749,-0.5769240856170654,-5.769240856170654,0.7989427726715803,0.16665267944335938,0.0037252645,0.0037252645,0.0040739975,0.0,1.0117551
190,19.0,0.003118600696325302,5.683122316257443,0,0,0,0,0,0,0.7993971705436707,-0.1015520766377449,1.4052605628967285,14.052605628967285,0.7798660211265087,0.04161831736564636,0.0041518607,0.0041518607,0.0065761814,0.0,1.2907393
191,19.1,0.003195357508957386,5.6138208257455515,0,0,0,0,0,0,0.6864590644836426,0.24675394594669342,-1.1293810606002808,-11.293810606002808,0.8060996802523732,0.17846286296844482,0.004137277,0.0041372776,0.0055836593,0.0,1.2172058
192,19.2,0.015391203574836254,5.550832180161742,0,0,0,0,0,0,0.6598508954048157,0.15882138907909393,-0.26608169078826904,-2.6608169078826904,0.7690324308350682,0.06244533509016037,0.004528706,0.004528706,0.0060925586,0.0,0.59329975
193,19.3,0.01809627003967762,5.486155002822671,0,0,0,0,0,0,0.6935461759567261,0.17323827743530273,0.336952805519104,3.36952805519104,0.7858634870499372,0.07223886996507645,0.005259045,0.005259045,0.006244715,0.0,0.932651
194,19.4,0.01892451010644436,5.426504667580479,0,0,0,0,0,0,0.6671761274337769,0.18647068738937378,-0.2637004852294922,-2.637004852294922,0.8035753350704908,0.08797632902860641,0.0056949966,0.0056949966,0.009592121,0.0,0.90324926
195,19.5,0.00739433616399765,5.367939977617193,0,0,0,0,0,0,0.6505856513977051,0.08991409838199615,-0.16590476036071777,-1.6590476036071777,0.8313840217888355,0.14159929752349854,0.006395998,0.006395998,0.010536315,0.0,1.1020436
196,19.6,0.01628410816192627,5.312726098635015,0,0,0,0,0,0,0.6469995975494385,0.20332485437393188,-0.035860538482666016,-0.35860538482666016,0.8143585659563541,0.18449439108371735,0.006527252,0.006527252,0.0077029336,0.0,1.0163138
197,19.7,0.008373495191335678,5.258520184133346,0,0,0,0,0,0,0.5847919583320618,0.13247956335544586,-0.6220763921737671,-6.220763921737671,0.7928710784763098,0.07917878776788712,0.0070384475,0.0070384443,0.010364635,0.0,0.9116405
198,19.8,0.014588452875614166,5.204842380806271,0,0,0,0,0,0,0.6407985687255859,0.15149034559726715,0.5600661039352417,5.600661039352417,0.806482344865799,0.10898606479167938,0.0077687325,0.0077687297,0.013041152,0.0,0.7542925
199,19.9,0.0005131661891937256,5.146605761849332,0,0,0,0,0,0,0.6373606324195862,-0.05488400161266327,-0.03437936305999756,-0.3437936305999756,0.79099459387362,0.08816391974687576,0.008429831,0.008429828,0.0101450775,0.0,0.9372652
200,20.0,0.01447848230600357,5.083008157410487,0,0,0,0,0,0,0.6415115594863892,0.16891448199748993,0.041509270668029785,0.41509270668029785,0.8159304670989513,0.15299910306930542,0.008742545,0.008742546,0.010915743,0.0,1.2109302
201,20.1,0.0010115653276443481,5.013702195075212,0,0,0,0,0,0,0.6518951058387756,-0.004296285565942526,0.10383546352386475,1.0383546352386475,0.8065602891147137,0.16075754165649414,0.009198496,0.009198492,0.011610035,0.0,0.9113127
202,20.2,0.006057046353816986,4.945186985311301,0,0,0,0,0,0,0.6860709190368652,-0.08076302707195282,0.341758131980896,3.41758131980896,0.7907438538968563,0.05613026022911072,0.01084472,0.010844718,0.013912586,0.0,1.1363086
203,20.3,0.021104760468006134,4.874322425616093,0,0,0,0,0,0,0.6511391401290894,-0.24916011095046997,-0.3493177890777588,-3.493177890777588,0.7814349755644798,0.03360089659690857,0.011062408,0.011062408,0.014482316,0.0,0.9396633
204,20.4,0.020169105380773544,4.801608961647338,0,0,0,0,0,0,0.7313957810401917,-0.12454639375209808,0.802566409111023,8.02566409111023,0.7807972673326731,0.07961870729923248,0.013588341,0.013588341,0.023865938,0.0,0.9260292
205,20.5,0.008043289184570312,4.720405878490668,0,0,0,0,0,0,0.7717729806900024,0.024705814197659492,0.4037719964981079,4.037719964981079,0.8153999485075474,0.2155102640390396,0.016168207,0.016168205,0.029126357,0.0,0.8178261
206,20.6,0.005622457712888718,4.6393961012561435,0,0,0,0,0,0,0.6779783368110657,-0.05916694924235344,-0.9379464387893677,-9.379464387893677,0.8088320661336184,0.15963385999202728,0.014216261,0.014216263,0.024255697,0.0,1.0745717
207,20.7,0.009484801441431046,4.566881500930777,0,0,0,0,0,0,0.6536865830421448,0.0148692075163126,-0.24291753768920898,-2.42917537689209,0.4994592862203717,0.047201137989759445,0.008334034,0.008334034,0.013643255,0.0,1.0513016
208,20.8,0.008651481941342354,4.4991608090663755,0,0,0,0,0,0,0.6345484852790833,-0.12233809381723404,-0.19138097763061523,-1.9138097763061523,0.5838486226275563,0.05626937374472618,0.008368759,0.008368759,0.013160233,0.0,0.8807497
209,20.9,0.010663614608347416,4.431014436152089,0,0,0,0,0,0,0.6383807063102722,-0.14058296382427216,0.03832221031188965,0.3832221031188965,0.6580046741291881,0.04158620908856392,0.0096365595,0.0096365595,0.017833386,0.0,0.96892905
210,21.0,0.010932273755315691,4.362594128259152,0,0,0,0,0,0,0.6725432872772217,-0.04534861072897911,0.34162580966949463,3.4162580966949463,0.7195196710526943,0.11133025586605072,0.010619165,0.010619165,0.020311657,0.0,1.1458509
211,21.1,0.007309025677386671,4.294673198463657,0,0,0,0,0,0,0.6717299818992615,0.09732306003570557,-0.00813305377960205,-0.08133053779602051,0.7295168861746788,0.1308758407831192,0.011877263,0.011877263,0.01924604,0.0,0.9663979
212,21.2,0.003332090564072132,4.226602212644648,0,0,0,0,0,0,0.651456892490387,0.05943869426846504,-0.20273089408874512,-2.027308940887451,0.721912691835314,0.05109679698944092,0.012225462,0.012225462,0.019467011,0.0,0.6653404
213,21.3,0.0039322394877672195,4.160185886258136,0,0,0,0,0,0,0.6909142136573792,-0.017380498349666595,0.3945732116699219,3.9457321166992188,0.7343450882472098,0.017871195450425148,0.015993323,0.015993321,0.031044282,0.0,0.7996571
214,21.4,0.001573498360812664,4.088147546509204,0,0,0,0,0,0,0.723067581653595,0.01608394831418991,0.3215336799621582,3.215336799621582,0.7368044322356582,0.01982169970870018,0.018890914,0.018890921,0.030667115,0.0,0.34084615
215,21.5,0.0016969451680779457,4.018431668426601,0,0,0,0,0,0,0.6554457545280457,-0.05375266447663307,-0.6762182712554932,-6.762182712554932,0.7524140947498381,0.028599629178643227,0.016692461,0.016692461,0.026084233,0.0,0.26059818
216,21.6,0.011271458701230586,3.9514238853348287,0,0,0,0,0,0,0.6394715309143066,-0.109487384557724,-0.15974223613739014,-1.5974223613739014,0.7469965289346874,0.02079787477850914,0.016265176,0.016265176,0.025673997,0.0,0.35490048
217,21.7,0.005970264668576419,3.8811523233869387,0,0,0,0,0,0,0.7016037106513977,0.012902501970529556,0.6213217973709106,6.2132179737091064,0.776272477582097,0.033392518758773804,0.02253353,0.022533534,0.036786404,0.0,0.36800742
218,21.8,0.001250585075467825,3.812492618505586,0,0,0,0,0,0,0.7008788585662842,0.026982329785823822,-0.007248520851135254,-0.07248520851135254,0.7817474193871021,0.03446479141712189,0.024028089,0.024028089,0.039017435,0.0,0.27041075
219,21.9,0.000603449996560812,3.745914032396538,0,0,0,0,0,0,0.6772683262825012,-0.017229130491614342,-0.2361053228378296,-2.361053228378296,0.8071685256436467,0.18912070989608765,0.025790077,0.025790073,0.050068922,0.0,0.23372999
220,22.0,0.0001318659633398056,3.683716924053231,0,0,0,0,0,0,0.6760042309761047,-0.020624443888664246,-0.012640953063964844,-0.12640953063964844,0.8172811474651098,0.16059789061546326,0.028936222,0.028936222,0.050166637,0.0,0.25518918
221,22.1,0.0002963375300168991,3.6238492375886597,0,0,0,0,0,0,0.6745778322219849,0.001891686231829226,-0.01426398754119873,-0.1426398754119873,0.8284384161233902,0.17349211871623993,0.028816849,0.02881685,0.055839542,0.0,0.32856658
222,22.2,0.0002879737876355648,3.5639972040116925,0,0,1,0,0,0,0.7011376023292542,0.028889605775475502,0.26559770107269287,2.6559770107269287,0.8249337002635002,0.09440326690673828,0.030723711,0.030723736,0.05081562,0.0,0.3015395
223,22.3,0.0003153914585709572,3.5043291474974048,0,0,1,0,0,0,0.6998354196548462,0.030725426971912384,-0.01302182674407959,-0.1302182674407959,0.7922101356089115,0.10379564762115479,0.036051303,0.036051314,0.05973666,0.0,0.24800695
224,22.4,0.0006176340393722057,3.4425686517844616,0,0,1,0,0,0,0.6950952410697937,-0.01433984562754631,-0.0474017858505249,-0.474017858505249,0.7801618529483676,0.06618913263082504,0.037690207,0.037690207,0.072409436,0.0,0.19276267
225,22.5,0.0007441858761012554,3.3806928657882143,0,0,1,0,0,0,0.676766574382782,-0.006630565971136093,-0.1832866668701172,-1.8328666687011719,0.8027224447578192,0.10481550544500351,0.042020798,0.042020798,0.078838766,0.0,0.30068204
226,22.6,0.001757889986038208,3.320380227435061,0,0,1,0,0,0,0.676986038684845,-0.007040063384920359,0.002194643020629883,0.021946430206298828,0.8089583311229944,0.11858721077442169,0.04398448,0.04398448,0.08251874,0.0,0.25305808
227,22.7,0.01171155204065144,3.24619856819841,0,0,1,0,0,0,0.7464467883110046,0.10049480199813843,0.6946074962615967,6.946074962615967,0.805223511531949,0.05943305045366287,0.035308305,0.035308316,0.065277345,0.0,0.33911324
228,22.8,0.0013199019595049322,3.1761264093650294,0,0,1,0,0,0,0.697039783000946,0.02577909268438816,-0.49407005310058594,-4.940700531005859,0.7815595911815763,0.07196638733148575,0.05096577,0.05096577,0.0826434,0.0,0.26770228
229,22.9,0.0017494987114332616,3.1069315998599425,0,0,1,0,0,0,0.6748396158218384,0.017370449379086494,-0.22200167179107666,-2.2200167179107666,0.7919433228671551,0.11290790885686874,0.049241357,0.049241364,0.07876365,0.0,0.2858164
230,23.0,0.000526816351339221,3.039711272155649,0,0,1,0,0,0,0.6700905561447144,0.023681439459323883,-0.047490596771240234,-0.47490596771240234,0.7831010203808546,0.07712731510400772,0.055363137,0.05536313,0.086869046,0.0,0.17972584
231,23.1,0.00017498328816145658,2.970369230734553,0,0,1,0,0,0,0.6741260290145874,-0.0046171024441719055,0.04035472869873047,0.4035472869873047,0.7856505955569446,0.023601314052939415,0.0641632,0.06416321,0.124006905,0.0,0.22347178
232,23.2,9.232084266841412e-06,2.9000844361138367,0,0,1,0,0,0,0.6743178963661194,-0.012329529970884323,0.0019186735153198242,0.019186735153198242,0.8138064425438643,0.08100409060716629,0.06728716,0.06728715,0.12975866,0.0,0.27160826
233,23.3,0.0001105333212763071,2.830082503158199,0,0,1,0,0,0,0.6740328073501587,-0.0019544644746929407,-0.0028508901596069336,-0.028508901596069336,0.7889342540875077,0.10531172901391983,0.069368355,0.06936838,0.11000762,0.0,0.2704642
234,23.4,0.0002688354579731822,2.7595461187425108,0,0,1,0,0,0,0.6973453164100647,0.0407051146030426,0.23312509059906006,2.3312509059906006,0.7708118613809347,0.04132693260908127,0.08601701,0.08601701,0.13744424,0.0,0.22766209
235,23.5,0.00022956181783229113,2.6886135372227766,0,0,1,0,0,0,0.701853334903717,0.03588414192199707,0.04508018493652344,0.4508018493652344,0.7910614861175418,0.11916309595108032,0.09841432,0.09841432,0.1863282,0.0,0.2553594
236,23.6,0.002249476674478501,2.6150113863384803,0,0,1,0,0,0,0.6906171441078186,-0.09920297563076019,-0.11236190795898438,-1.1236190795898438,0.8132174145430326,0.14464619755744934,0.095340885,0.09534091,0.17769386,0.0,0.30166197
237,23.7,0.00096790591487661,2.5447441295195,0,0,1,0,0,0,0.6817083358764648,0.05632971599698067,-0.0890880823135376,-0.890880823135376,0.789890393614769,0.04511665552854538,0.09544535,0.09544535,0.15455036,0.0,0.2996826
238,23.8,0.0006754673086106777,2.4785720445430073,0,0,1,0,0,0,0.7922587990760803,-0.08670341223478317,1.1055046319961548,11.055046319961548,0.7869008043780923,0.09793195873498917,0.09588131,0.09588128,0.1801372,0.0,0.26448634
239,23.9,0.004200004157610238,2.414895389864333,0,0,1,0,0,0,0.6293349266052246,0.07930950820446014,-1.6292387247085571,-16.29238724708557,0.7744770953431726,0.07489673793315887,0.104562595,0.10456258,0.15874963,0.0,0.282307
240,24.0,0.01372443640138954,2.3585163381646232,0,0,1,0,0,0,0.5877852439880371,0.16540661454200745,-0.415496826171875,-4.15496826171875,0.7912271413952112,0.07050900161266327,0.10343529,0.10343529,0.1950179,0.0,0.15895939
241,24.1,0.011925007216632366,2.307863936616801,0,0,1,0,0,0,0.6001501679420471,0.21757815778255463,0.1236492395401001,1.236492395401001,0.8257839232683182,0.10789471864700317,0.11739531,0.11739528,0.22143942,0.0,0.2594011
242,24.2,0.022779138758778572,2.2604853922691244,0,0,1,0,0,0,0.6431281566619873,0.30747026205062866,0.42977988719940186,4.2977988719940186,0.838939718902111,0.21277649700641632,0.1328894,0.13288942,0.253863,0.0,0.3385606
243,24.3,0.04536914825439453,2.2123237439600025,0,0,1,0,0,0,0.5813579559326172,0.5095502734184265,-0.6177020072937012,-6.177020072937012,0.8240585401654243,0.24380098283290863,0.112041526,0.11204154,0.17111,0.0,0.2749828
244,24.4,0.03909189999103546,2.15472212475611,0,0,1,0,0,0,0.5187416672706604,0.26399731636047363,-0.6261628866195679,-6.261628866195679,0.776942458935082,0.06570704281330109,0.108801775,0.10880178,0.1545519,0.0,0.23162852
245,24.5,0.020915165543556213,2.0998825398572927,0,0,1,0,0,0,0.498885840177536,0.13047072291374207,-0.1985582709312439,-1.985582709312439,0.8053576964884996,0.12645214796066284,0.121648386,0.121648386,0.22151676,0.0,0.25865895
246,24.6,0.003813117742538452,2.040250267719074,0,0,1,0,0,0,0.5751463174819946,-0.1046232357621193,0.7626047730445862,7.626047730445862,0.7806416116654873,0.07347632199525833,0.15593201,0.15593201,0.23093861,0.0,0.26469287
247,24.7,0.01895865797996521,1.973110425783767,0,0,1,0,0,0,0.6410061717033386,-0.48615652322769165,0.6585985422134399,6.585985422134399,0.8016353771090508,0.12318196147680283,0.19059741,0.19059741,0.28625736,0.0,0.2944106
248,24.8,0.054185956716537476,1.9031606336016695,0,0,1,0,0,0,0.6512957811355591,-0.5403071045875549,0.10289609432220459,1.028960943222046,0.7955158445984125,0.043832503259181976,0.19091849,0.19091853,0.29802632,0.0,0.30259934
249,24.9,0.05535406433045864,1.8384883180820681,0,0,1,0,0,0,0.6445639729499817,-0.5481980443000793,-0.06731808185577393,-0.6731808185577393,0.776135416701436,0.08812613785266876,0.21106982,0.21106988,0.32249218,0.0,0.30588564
250,25.0,0.06250902079045773,1.77207938842973,0,0,1,0,0,0,0.702954888343811,-0.5958333611488342,0.5839091539382935,5.839091539382935,0.7763238651677966,0.09265215694904327,0.25265795,0.25265804,0.3916906,0.0,0.26250628
251,25.1,0.06974219903349876,1.7024238139108663,0,0,1,0,0,0,0.6926327347755432,-0.740993082523346,-0.10322153568267822,-1.0322153568267822,0.7820695131085813,0.029130971059203148,0.29853922,0.2985392,0.5478548,0.0,0.25806612
252,25.2,0.07657454162836075,1.6405465823778411,0,0,1,0,0,0,0.5925761461257935,-0.7599924206733704,-1.0005658864974976,-10.005658864974976,0.8117891252040863,0.04737605154514313,0.24768706,0.24768706,0.4201319,0.0,0.2685968
253,25.3,0.07298368215560913,1.5859097837252567,0,0,1,0,0,0,0.5977541208267212,-0.7125053405761719,0.051779747009277344,0.5177974700927734,0.7978322766721249,0.1010793074965477,0.24360311,0.24360308,0.4317631,0.0,0.32390416
254,25.4,0.04886442422866821,1.5337400390727702,0,0,1,0,0,0,0.5973237156867981,-0.4609341025352478,-0.004304051399230957,-0.04304051399230957,0.7996602412313223,0.1478169709444046,0.24677576,0.24677576,0.43141258,0.0,0.2809297
255,25.5,0.05208688974380493,1.4859524139336338,0,0,1,0,0,0,0.5386723279953003,-0.5289779305458069,-0.586513876914978,-5.86513876914978,0.81375777348876,0.08535824716091156,0.24518946,0.24518955,0.4094578,0.0,0.20493005
256,25.6,0.0516991913318634,1.4440806044782706,0,0,1,0,0,0,0.45205873250961304,-0.5279183983802795,-0.8661359548568726,-8.661359548568726,0.7786710076034069,0.04518407583236694,0.2365435,0.2365435,0.38020748,0.0,0.325032
257,25.7,0.05190977454185486,1.4044456189408505,0,0,1,0,0,0,0.5231474041938782,-0.3732914626598358,0.7108867168426514,7.108867168426514,0.7961959671229124,0.11799231171607971,0.25094748,0.25094748,0.4012583,0.0,0.24195404
258,25.8,0.04220438003540039,1.3627641800582415,0,0,1,0,0,0,0.6112051010131836,-0.4408566355705261,0.8805769681930542,8.805769681930542,0.7848055278882384,0.053914498537778854,0.28659117,0.2865913,0.4764279,0.0,0.28658047
259,25.9,0.04377859830856323,1.3192921160504496,0,0,1,0,0,0,0.6057040095329285,-0.5172861814498901,-0.05501091480255127,-0.5501091480255127,0.7897633332759142,0.10436603426933289,0.2754029,0.2754029,0.4441151,0.0,0.2587746
260,26.0,0.05398374795913696,1.2849811742973163,0,0,1,0,0,0,0.4977514147758484,-0.5293283462524414,-1.0795259475708008,-10.795259475708008,0.7871386129409075,0.06594882160425186,0.280419,0.28041905,0.4355834,0.0,0.26910102
261,26.1,0.05566763877868652,1.2554619589642861,0,0,1,0,0,0,0.5668215751647949,-0.6873971223831177,0.6907016038894653,6.907016038894653,0.7790560703724623,0.09077490866184235,0.2856933,0.2856933,0.445418,0.0,0.2514847
262,26.2,0.05521678924560547,1.2314011258781645,0,0,1,0,0,0,0.49814143776893616,-0.22423045337200165,-0.6868013739585876,-6.8680137395858765,0.7768864911049604,0.06421934813261032,0.2947745,0.2947746,0.45300472,0.0,0.24606201
263,26.3,0.01223456859588623,1.1965197294171024,0,1,0,0,0,0,0.4991888403892517,-0.12135997414588928,0.010474026203155518,0.10474026203155518,0.7693017888814211,0.08080773800611496,0.30517688,0.30517682,0.46860862,0.0,0.24859434
264,26.4,0.014100372791290283,1.1595373158296431,0,1,0,0,0,0,0.4931674897670746,0.2650419771671295,-0.06021350622177124,-0.6021350622177124,0.7613618606701493,0.09805091470479965,0.32677588,0.32677588,0.50579685,0.0,0.26147068
265,26.5,0.021511435508728027,1.1215437633129806,0,1,0,0,0,0,0.4306260645389557,0.23914757370948792,-0.625414252281189,-6.25414252281189,0.7656217664480209,0.09144517034292221,0.3457309,0.34573096,0.5398649,0.0,0.22409844
266,26.6,0.01896524429321289,1.090236543460422,0,1,0,0,0,0,0.37882301211357117,0.05159197375178337,-0.5180305242538452,-5.180305242538452,0.744731280952692,0.05883428826928139,0.37160403,0.37160406,0.59284353,0.0,0.29201385
267,26.7,0.004508376121520996,1.0623922299507058,0,1,0,0,0,0,0.42200103402137756,-0.0986979603767395,0.43178021907806396,4.31780219078064,0.7580710612237453,0.11746066808700562,0.38123283,0.38123286,0.6042312,0.0,0.2241396
268,26.8,0.0016783475875854492,1.0325136298434914,0,1,0,0,0,0,0.4052014946937561,-0.17245161533355713,-0.1679953932762146,-1.679953932762146,0.7545436471700668,0.06400574743747711,0.40527192,0.40527186,0.64792883,0.0,0.2361807
269,26.9,0.010557115077972412,0.9974348265272948,0,1,0,0,0,0,0.5082793235778809,0.06218564137816429,1.0307782888412476,10.307782888412476,0.7557090325281024,0.141681507229805,0.39793146,0.39793146,0.63523924,0.0,0.2609753
270,27.0,0.02501124143600464,0.9617980038971279,0,1,0,0,0,0,0.4665953516960144,0.31080004572868347,-0.41683971881866455,-4.1683971881866455,0.764860549941659,0.10600481927394867,0.429276,0.4292761,0.6906324,0.0,0.23246336
271,27.1,0.012608349323272705,0.9294346779058846,0,1,0,0,0,0,0.47890472412109375,0.023105721920728683,0.12309372425079346,1.2309372425079346,0.769316203892231,0.17832256853580475,0.43673837,0.43673843,0.71474874,0.0,0.2395762
272,27.2,0.0004099607467651367,0.896616621726738,0,1,0,0,0,0,0.4395476281642914,0.002379259094595909,-0.3935709595680237,-3.935709595680237,0.7637731488794088,0.13100044429302216,0.47320375,0.4732039,0.78336966,0.0,0.2640783
273,27.3,0.006547510623931885,0.8713574641408723,0,1,0,0,0,0,0.36328673362731934,-0.10920639336109161,-0.7626089453697205,-7.626089453697205,0.7745331674814224,0.16968323290348053,0.51225394,0.51225406,0.87483793,0.0,0.2358911
274,27.4,0.030825376510620117,0.8519037262267539,0,1,0,0,0,0,0.3441660702228546,-0.3773200511932373,-0.19120663404464722,-1.9120663404464722,0.7669021841138601,0.1754997819662094,0.5369481,0.53694814,0.9333861,0.0,0.25235727
275,27.5,0.034867048263549805,0.8402185544785237,0,1,0,0,0,0,0.22617477178573608,-0.09833332151174545,-1.1799129843711853,-11.799129843711853,0.7568750381469727,0.1477939933538437,0.5982249,0.5982248,1.08874,0.0,0.25586253
276,27.6,0.0008615255355834961,0.8291568386579815,0,1,0,0,0,0,0.27884650230407715,0.24688373506069183,0.5267173051834106,5.2671730518341064,0.7475869711488485,0.1447468101978302,0.60615844,0.6061584,1.0933454,0.0,0.24872136
277,27.7,0.025956928730010986,0.8156229420568499,0,1,0,0,0,0,0.33584272861480713,0.2773951590061188,0.5699622631072998,5.699622631072998,0.3761482508853078,0.13402287662029266,0.616205,0.6162051,1.0936785,0.0,0.25629833
278,27.8,0.008529424667358398,0.7998502587288954,0,1,0,0,0,0,0.2674553692340851,0.021895036101341248,-0.6838735938072205,-6.838735938072205,0.4931686073541641,0.13056127727031708,0.6757751,0.6757752,1.2329811,0.0,0.25352812
279,27.9,0.006012618541717529,0.7893640859994389,0,1,0,0,0,0,0.22596479952335358,0.21397367119789124,-0.41490569710731506,-4.149056971073151,0.5631807390600443,0.13338598608970642,0.7204708,0.7204708,1.3362031,0.0,0.25199488
280,28.0,0.01380777359008789,0.7223483315027501,0,1,0,0,0,0,0.23504531383514404,-0.12810081243515015,0.09080514311790466,0.9080514311790466,0.5993956010788679,1.0924532413482666,0.7342071,0.7342071,1.3623936,0.0,0.26005068
281,28.1,0.0014426112174987793,0.634723597228281,0,1,0,0,0,0,0.22324322164058685,0.19947630167007446,-0.1180209219455719,-1.180209219455719,0.6173387989401817,1.034006118774414,0.75253373,0.75253385,1.4043093,0.0,0.26033697
282,28.2,0.02059924602508545,0.5504771357478684,0,1,0,0,0,0,0.15525643527507782,0.18150930106639862,-0.6798678636550903,-6.798678636550903,0.6126785483211279,0.9531211853027344,0.7918484,0.7918483,1.5071037,0.0,0.27241704
283,28.3,0.009079277515411377,0.4709702760828438,0,1,0,0,0,0,0.09898507595062256,0.10556148737668991,-0.5627135932445526,-5.627135932445526,0.5848997868597507,0.8434534072875977,0.80045366,0.8004538,1.5442286,0.0,0.28914058
284,28.4,0.03173530101776123,0.39938327995771106,1,0,0,0,0,0,0.05500081926584244,0.2307138890028,-0.4398425668478012,-4.398425668478012,0.5772952791303396,0.7006758451461792,0.7867779,0.786778,1.454139,0.0,0.36756134
285,28.5,0.04131227731704712,0.3421254772710991,1,0,0,0,0,0,0.04688829183578491,0.5985042452812195,-0.08112527430057526,-0.8112527430057526,0.5604376001283526,0.530175507068634,0.6777978,0.6777978,1.3049698,0.0,0.32453412
286,28.6,0.026763856410980225,0.3019101881868238,1,0,0,0,0,0,0.04395207017660141,0.46249037981033325,-0.029362216591835022,-0.2936221659183502,0.5179103054106236,0.3551093637943268,0.5528987,0.5528986,1.049258,0.0,0.37490043
287,28.7,0.0253942608833313,0.27829643098225554,1,0,0,0,0,0,0.04092354327440262,0.04999430477619171,-0.030285269021987915,-0.30285269021987915,0.46144978143274784,0.19340868294239044,0.41490796,0.4149079,0.76753914,0.0,0.3157613
288,28.8,0.012053906917572021,0.2673848445709832,1,0,0,0,0,0,0.04235432669520378,-0.08447903394699097,0.014307834208011627,0.14307834208011627,0.45069065131247044,0.06517785787582397,0.33570135,0.33570132,0.4595891,0.0,0.32578987
289,28.9,0.009584516286849976,0.2663589406054845,1,0,0,0,0,0,0.037289418280124664,-0.00780798215419054,-0.05064908415079117,-0.5064908415079117,0.443970094434917,0.023599620908498764,0.27029988,0.27029988,0.40603602,0.0,0.43907517
290,29.0,0.013183563947677612,0.2710542697589109,1,0,0,0,0,0,0.037263233214616776,0.3683018088340759,-0.00026185065507888794,-0.0026185065507888794,0.45498564280569553,0.09517371654510498,0.22186409,0.22186409,0.3201279,0.0,0.33989933
291,29.1,0.008384555578231812,0.27779697178534835,1,0,0,0,0,0,0.03748432546854019,0.3242834210395813,0.0022109225392341614,0.022109225392341614,0.17785099148750305,0.1292830854654312,0.1806943,0.18069428,0.22839205,0.0,0.31132686
292,29.2,0.01772245764732361,0.28428748351256683,1,0,0,0,0,0,0.042850639671087265,-0.03777175769209862,0.053663142025470734,0.5366314202547073,0.2948252223432064,0.14369136095046997,0.19447404,0.19447404,0.2317979,0.0,0.3548034
293,29.3,0.0327930748462677,0.2892146362019954,1,0,0,0,0,0,0.037659067660570145,0.7252833843231201,-0.051915720105171204,-0.519157201051712,0.3723064623773098,0.1507384181022644,0.1987807,0.19878069,0.26733753,0.0,0.36801285
294,29.4,0.09218776226043701,0.2917218322274293,1,0,0,0,0,0,0.037536051124334335,0.9788127541542053,-0.0012301653623580933,-0.012301653623580933,0.40226737409830093,0.1568111628293991,0.22258505,0.22258505,0.31738442,0.0,0.41236466
295,29.5,0.09704037010669708,0.29239399832558965,1,0,0,0,0,0,0.038781192153692245,0.973547101020813,0.012451410293579102,0.12451410293579102,0.39987074583768845,0.161682590842247,0.24579278,0.24579275,0.37176424,0.0,0.35945463
296,29.6,0.09723217785358429,0.2918188342052259,1,0,0,0,0,0,0.03954232484102249,0.9778457283973694,0.00761132687330246,0.0761132687330246,0.4151022797450423,0.1653166115283966,0.24974225,0.24974227,0.38609517,0.0,0.326231
297,29.7,0.09738126024603844,0.290215905629176,1,0,0,0,0,0,0.03666149079799652,0.981016218662262,-0.028808340430259705,-0.28808340430259705,0.42908615805208683,0.16863657534122467,0.24406289,0.24406289,0.36862138,0.0,0.27074674
298,29.8,0.09750955179333687,0.2877856959973586,1,0,0,0,0,0,0.036448486149311066,0.9811766743659973,-0.0021300464868545532,-0.021300464868545532,0.44597131479531527,0.17115209996700287,0.2771695,0.2771695,0.4295113,0.0,0.3519656
299,29.9,0.09770630300045013,0.2857937070694083,1,0,0,0,0,0,0.03667072579264641,0.9800145626068115,0.002222396433353424,0.02222396433353424,0.4816119745373726,0.16887573897838593,0.28845057,0.28845057,0.41625303,0.0,0.38082814
300,30.0,0.09789171814918518,0.2854445580436793,1,0,0,0,0,0,0.03984753042459488,0.9807404279708862,0.03176804631948471,0.3176804631948471,0.47639522701501846,0.16347093880176544,0.26120865,0.2612086,0.37690526,0.0,0.36377653
301,30.1,0.09807765483856201,0.28671622346302783,1,0,0,0,0,0,0.03650948032736778,0.9808953404426575,-0.033380500972270966,-0.33380500972270966,0.48484172485768795,0.15618473291397095,0.24610496,0.24610491,0.34888113,0.0,0.2647158
302,30.2,0.09837141633033752,0.28901314404793643,1,0,0,0,0,0,0.036958180367946625,0.9796518683433533,0.004487000405788422,0.044870004057884216,0.4863507845439017,0.14764080941677094,0.249424,0.249424,0.28304586,0.0,0.33509308
303,30.3,0.09831881523132324,0.2917121398458875,1,0,0,0,0,0,0.037681855261325836,0.9821942448616028,0.007236748933792114,0.07236748933792114,0.4637298546731472,0.13878268003463745,0.22779444,0.22779441,0.3384994,0.0,0.41316137
304,30.4,0.09856373071670532,0.29421982852687045,1,0,0,0,0,0,0.03695010766386986,0.9708254933357239,-0.007317475974559784,-0.07317475974559784,0.4710100404918194,0.12967927753925323,0.22699547,0.22699544,0.33406603,0.0,0.34410104
305,30.5,0.09836161136627197,0.2958621912973176,1,0,0,0,0,0,0.03842735290527344,0.976236879825592,0.014772452414035797,0.14772452414035797,0.48815234936773777,0.12212499976158142,0.24641001,0.24640998,0.3556543,0.0,0.2807033
306,30.6,0.09668701887130737,0.29626017625057477,1,0,0,0,0,0,0.03974031284451485,0.8669444918632507,0.013129599392414093,0.13129599392414093,0.48006370943039656,0.11721572279930115,0.2577538,0.25775373,0.37536907,0.0,0.30539462
307,30.7,0.06966841220855713,0.2956101618330451,1,0,0,0,0,0,0.04158969596028328,0.46559470891952515,0.018493831157684326,0.18493831157684326,0.5009378250688314,0.11556464433670044,0.28361905,0.28361905,0.41517356,0.0,0.33988324
308,30.8,0.026291847229003906,0.2940408094549032,1,0,0,0,0,0,0.039410386234521866,-0.10895238816738129,-0.021793097257614136,-0.21793097257614136,0.5225411355495453,0.1136980652809143,0.2989275,0.2989275,0.42746574,0.0,0.33599973
309,30.9,0.03822493553161621,0.29291881952750765,1,0,0,0,0,0,0.049754466861486435,-0.5235171318054199,0.10344080626964569,1.034408062696457,0.527877651154995,0.10978853702545166,0.2985117,0.29851168,0.4205667,0.0,0.3516273
310,31.0,0.06748944520950317,0.2955781113681286,1,0,0,0,0,0,0.044513601809740067,-0.7842364311218262,-0.052408650517463684,-0.5240865051746368,0.5160411819815636,0.10362944006919861,0.27886924,0.27886927,0.4006723,0.0,0.36757618
311,31.1,0.08295577764511108,0.2959697535537844,1,0,0,0,0,0,0.06381747871637344,-0.8509568572044373,0.19303876906633377,1.9303876906633377,0.47959398105740547,0.10379590839147568,0.23861267,0.23861267,0.34585136,0.0,0.36975044
312,31.2,0.08662563562393188,0.3011183111135445,1,0,0,0,0,0,0.05860595405101776,-0.8836541175842285,-0.052115246653556824,-0.5211524665355682,0.48688061721622944,0.10236749798059464,0.19860621,0.19860622,0.29040933,0.0,0.36833322
313,31.3,0.08789491653442383,0.3042348471993295,1,0,0,0,0,0,0.09127926826477051,-0.8655605912208557,0.32673314213752747,3.2673314213752747,0.505917850881815,0.10782679915428162,0.18706949,0.1870695,0.26255324,0.0,0.3974371
314,31.4,0.08253923058509827,0.31091311372369623,1,0,0,0,0,0,0.055032119154930115,-0.8084750175476074,-0.36247149109840393,-3.6247149109840393,0.48026583157479763,0.1150253489613533,0.20576106,0.20576106,0.31728828,0.0,0.3324337
315,31.5,0.081017404794693,0.31064884160842476,1,0,0,0,0,0,0.0768236592411995,-0.8174377083778381,0.2179154008626938,2.179154008626938,0.4551428984850645,0.1317775547504425,0.21234016,0.21234016,0.3099271,0.0,0.33077905
316,31.6,0.08632063865661621,0.31062245234370667,1,0,0,0,0,0,0.06185048818588257,-0.9195740222930908,-0.14973171055316925,-1.4973171055316925,0.47568697296082973,0.14729464054107666,0.25836393,0.25836393,0.3414011,0.0,0.2253131
317,31.7,0.09399662911891937,0.31376866255665625,1,0,0,0,0,0,0.12063530087471008,-0.9025049805641174,0.5878481268882751,5.8784812688827515,0.484236404299736,0.16349706053733826,0.26705173,0.26705173,0.32687834,0.0,0.3685568
318,31.8,0.091056689620018,0.32126572532427056,1,0,0,0,0,0,0.15323475003242493,-0.9089931845664978,0.32599449157714844,3.2599449157714844,0.47949722595512867,0.18947334587574005,0.30203947,0.30203947,0.33827543,0.0,0.3056706
319,31.9,0.09117841720581055,0.3212336060805201,1,0,0,0,0,0,0.12002342194318771,-0.9097694754600525,-0.33211328089237213,-3.3211328089237213,0.4860387947410345,0.22468017041683197,0.3279988,0.3279988,0.43416113,0.0,0.32584834
320,32.0,0.08418011665344238,0.314227033789676,1,0,0,0,0,0,0.1024274230003357,-0.9503549933433533,-0.1759599894285202,-1.759599894285202,0.47757360339164734,0.25152257084846497,0.34053224,0.34053224,0.42954457,0.0,0.24998897
321,32.1,0.08557061105966568,0.3101266731947827,1,0,0,0,0,0,0.12379050999879837,-0.8329828381538391,0.21363086998462677,2.1363086998462677,0.5050826203078032,0.2612961232662201,0.3470471,0.3470471,0.41269696,0.0,0.35425267
322,32.2,0.08996934443712234,0.3085857323704435,1,0,0,0,0,0,0.2029000073671341,-0.9136085510253906,0.7910949736833572,7.910949736833572,0.5359038785099983,0.25954580307006836,0.303547,0.303547,0.34120086,0.0,0.3881325
323,32.3,0.08242450654506683,0.31058284756690213,1,0,0,0,0,0,0.2562353312969208,-0.8238454461097717,0.5333532392978668,5.333532392978668,0.5075526554137468,0.2576552629470825,0.32352525,0.32352525,0.41588575,0.0,0.3226498
324,32.4,0.07338711619377136,0.3123521613837714,1,0,0,0,0,0,0.2323514223098755,-0.7447896003723145,-0.23883908987045288,-2.388390898704529,0.4712309204041958,0.25935009121894836,0.36602288,0.36602288,0.4235137,0.0,0.3770899
325,32.5,0.07708856463432312,0.31361856361018114,1,0,0,0,0,0,0.333452045917511,-0.7768886089324951,1.011006236076355,10.11006236076355,0.46379100531339645,0.23680917918682098,0.3785897,0.37858972,0.5922337,0.0,0.3080384
326,32.6,0.07800978422164917,0.3178784146830702,1,0,0,0,0,0,0.36726123094558716,-0.7782557606697083,0.3380918502807617,3.380918502807617,0.49536948651075363,0.22951315343379974,0.40401104,0.40401098,0.61052233,0.0,0.28462183
327,32.7,0.07678323984146118,0.31788936962796943,1,0,0,0,0,0,0.40160465240478516,-0.7673677206039429,0.34343421459198,3.4343421459198,0.4994479939341545,0.22615134716033936,0.41613132,0.41613132,0.6172297,0.0,0.34176663
328,32.8,0.06634300947189331,0.3190000306494367,1,0,0,0,0,0,0.40230366587638855,-0.5587646961212158,0.0069901347160339355,0.06990134716033936,0.48452167585492134,0.22967973351478577,0.39065647,0.39065647,0.56434846,0.0,0.39219555
329,32.9,0.05376112461090088,0.3149910671558154,1,0,0,0,0,0,0.3000747561454773,-0.5309926271438599,-1.0222890973091125,-10.222890973091125,0.4820388872176409,0.2308504730463028,0.35431257,0.35431257,0.52552974,0.0,0.32823688
330,33.0,0.05356961488723755,0.3060824786601548,1,0,0,0,0,0,0.20259524881839752,-0.5266237258911133,-0.9747950732707977,-9.747950732707977,0.47936913929879665,0.22291171550750732,0.35662,0.35662007,0.5846602,0.0,0.2526876
331,33.1,0.05262935161590576,0.2948599392798197,1,0,0,0,0,0,0.09467511624097824,-0.534085750579834,-1.0792013257741928,-10.792013257741928,0.5062261186540127,0.2024301290512085,0.38657966,0.38657966,0.5656626,0.0,0.37084156
332,33.2,0.04425227642059326,0.2837512905713253,1,0,0,0,0,0,0.05672866851091385,-0.3159957230091095,-0.3794644773006439,-3.794644773006439,0.45784822665154934,0.1801762580871582,0.3254834,0.32548335,0.551275,0.0,0.39030182
333,33.3,0.011078476905822754,0.2753156383987325,1,0,0,0,0,0,0.038764454424381256,0.012108276598155499,-0.17964214086532593,-1.7964214086532593,0.4580516405403614,0.16232147812843323,0.28766194,0.28766194,0.4919571,0.0,0.38207266
334,33.4,0.0004680752754211426,0.2705441949981051,1,0,0,0,0,0,0.038256749510765076,-0.006379914935678244,-0.005077049136161804,-0.05077049136161804,0.45728024281561375,0.1474757343530655,0.25886947,0.25886947,0.3940773,0.0,0.36478138
335,33.5,0.0001442432403564453,0.2694600648908152,1,0,0,0,0,0,0.037454620003700256,-0.002937604207545519,-0.008021295070648193,-0.08021295070648193,0.4516253415495157,0.13706329464912415,0.24303678,0.24303678,0.3791698,0.0,0.3198124
336,33.6,0.0009217262268066406,0.2705623203420995,1,0,0,0,0,0,0.0381457656621933,-0.01401408202946186,0.00691145658493042,0.0691145658493042,0.44953296706080437,0.12815400958061218,0.21675247,0.21675247,0.36924666,0.0,0.36216325
337,33.7,0.0007200837135314941,0.27266813592566463,1,0,0,0,0,0,0.03787693753838539,-0.0047842212952673435,-0.002688281238079071,-0.02688281238079071,0.4819839857518673,0.11958355456590652,0.21211226,0.21211228,0.3521575,0.0,0.30480543
338,33.8,0.0010995864868164062,0.2747370738112034,1,0,0,0,0,0,0.03919920697808266,-0.013993161730468273,0.013222694396972656,0.13222694396972656,0.45333515107631683,0.11156801134347916,0.2341037,0.23410366,0.4079377,0.0,0.38341114
339,33.9,0.0013341307640075684,0.2763881755966131,1,0,0,0,0,0,0.03848026320338249,-0.013989959843456745,-0.007189437747001648,-0.07189437747001648,0.4549577385187149,0.10542281717061996,0.24459615,0.24459615,0.425239,0.0,0.31193414
340,34.0,0.0013260245323181152,0.277424405717168,1,0,0,0,0,0,0.03800896182656288,-0.014017182402312756,-0.004713013768196106,-0.04713013768196106,0.422033675480634,0.1009012833237648,0.2703796,0.2703796,0.39367402,0.0,0.4684844
341,34.1,0.001317441463470459,0.2779237340873264,1,0,0,0,0,0,0.0378410629928112,-0.013950342312455177,-0.0016789883375167847,-0.016789883375167847,0.43212307430803776,0.09837202727794647,0.26645553,0.26645553,0.3436687,0.0,0.43123016
342,34.2,0.0013113021850585938,0.2779459445019268,1,0,0,0,0,0,0.037795089185237885,-0.013812711462378502,-0.0004597380757331848,-0.004597380757331848,0.45885128900408745,0.09536589682102203,0.3124618,0.31246182,0.37148613,0.0,0.3308562
343,34.3,0.001304030418395996,0.2777654445103457,1,0,0,0,0,0,0.03936508297920227,-0.013574032112956047,0.01569993793964386,0.1569993793964386,0.4596116952598095,0.09201829880475998,0.33481365,0.33481365,0.39036107,0.0,0.31102446
344,34.4,0.0012967586517333984,0.27752540722553,1,0,0,0,0,0,0.038522977381944656,-0.013384007848799229,-0.008421055972576141,-0.08421055972576141,0.42829531617462635,0.0877719298005104,0.2808753,0.2808753,0.47108805,0.0,0.32679415
345,34.5,0.001292109489440918,0.277135954155048,1,0,0,0,0,0,0.037908125668764114,-0.013330762274563313,-0.00614851713180542,-0.0614851713180542,0.4454724099487066,0.08199229091405869,0.28719127,0.28719127,0.46360025,0.0,0.32191336
346,34.6,0.0012843012809753418,0.27668308281488874,1,0,0,0,0,0,0.037320978939533234,-0.013431099243462086,-0.005871467292308807,-0.058714672923088074,0.4856895375996828,0.07553281635046005,0.26295757,0.26295757,0.43359905,0.0,0.41093454
347,34.7,0.0012716054916381836,0.2762937995114947,1,0,0,0,0,0,0.03714089095592499,-0.01296561025083065,-0.0018008798360824585,-0.018008798360824585,0.4705065283924341,0.06945870816707611,0.27616763,0.27616763,0.47892183,0.0,0.4069684
348,34.8,0.0012761354446411133,0.27602391563831086,1,0,0,0,0,0,0.037289589643478394,-0.013355203904211521,0.0014869868755340576,0.014869868755340576,0.4213674571365118,0.06492263823747635,0.28238747,0.28238747,0.33517444,0.0,0.33204794
349,34.9,0.0012663006782531738,0.27587126601014456,1,0,0,0,0,0,0.03746943548321724,-0.0134956706315279,0.0017984583973884583,0.017984583973884583,0.41354460269212723,0.06012699007987976,0.27543047,0.27543047,0.33496192,0.0,0.33200303
350,35.0,0.001258552074432373,0.27579452001380944,1,0,0,0,0,0,0.038313060998916626,-0.013050323352217674,0.008436255156993866,0.08436255156993866,0.41742643900215626,0.05537682771682739,0.27067417,0.27067417,0.4538859,0.0,0.26433772
351,35.1,0.0012450814247131348,0.27570504558974096,1,0,0,0,0,0,0.037093937397003174,-0.013021063059568405,-0.012191236019134521,-0.12191236019134521,0.4370201947167516,0.04967419430613518,0.26001874,0.26001874,0.4342531,0.0,0.37153283
352,35.2,0.0012516379356384277,0.2756172153645364,1,0,0,0,0,0,0.037000227719545364,-0.01280945260077715,-0.0009370967745780945,-0.009370967745780945,0.4628655146807432,0.04484044760465622,0.24578223,0.24578223,0.41910243,0.0,0.37775686
353,35.3,0.0012378692626953125,0.27553421560017544,1,0,0,0,0,0,0.0376540869474411,-0.013498138636350632,0.006538592278957367,0.06538592278957367,0.42896922025829554,0.04074898362159729,0.26252398,0.26252398,0.46682572,0.0,0.42568654
354,35.4,0.0012328624725341797,0.2755067883784512,1,0,0,0,0,0,0.03694310411810875,-0.012769707478582859,-0.007109828293323517,-0.07109828293323517,0.4127392964437604,0.03889898583292961,0.27799642,0.27799642,0.34586808,0.0,0.3846927
355,35.5,0.00122910737991333,0.27555840161057654,1,0,0,0,0,0,0.03830058500170708,-0.012777762487530708,0.013574808835983276,0.13574808835983276,0.42060908675193787,0.03695463389158249,0.27160057,0.27160057,0.3467335,0.0,0.36006355
356,35.6,0.0012170076370239258,0.275637924940346,1,0,0,0,0,0,0.03698156401515007,-0.012812931090593338,-0.013190209865570068,-0.13190209865570068,0.4276834153570235,0.03503964841365814,0.27516028,0.2751603,0.45328635,0.0,0.32573494
357,35.7,0.0012156367301940918,0.2757361483992107,1,0,0,0,0,0,0.03681757673621178,-0.012701494619250298,-0.0016398727893829346,-0.016398727893829346,0.4146385444328189,0.03305123746395111,0.24596094,0.24596094,0.34154248,0.0,0.34598812
358,35.8,0.001208662986755371,0.2757939420244959,1,0,0,0,0,0,0.03779354691505432,-0.012694227509200573,0.009759701788425446,0.09759701788425446,0.45866099977865815,0.031219149008393288,0.24869855,0.24869855,0.39152366,0.0,0.33077464
359,35.9,0.0010810494422912598,0.27584400209272664,1,0,0,0,0,0,0.036796942353248596,-0.012705550529062748,-0.009966045618057251,-0.09966045618057251,0.42855134373530746,0.029019644483923912,0.2154296,0.2154296,0.40174976,0.0,0.43488872
360,36.0,0.001316368579864502,0.27578019055496905,1,0,0,0,0,0,0.038282789289951324,-0.012307161465287209,0.014858469367027283,0.14858469367027283,0.1280578770674765,0.027051860466599464,0.21422184,0.21422184,0.39222866,0.0,0.41821513
361,36.1,0.0011856555938720703,0.2756860281982192,1,0,0,0,0,0,0.0375494658946991,-0.01245810091495514,-0.007333233952522278,-0.07333233952522278,0.22328638285398483,0.02556493878364563,0.2459644,0.2459644,0.34234318,0.0,0.313197
362,36.2,0.0011896491050720215,0.27562055850989475,1,0,0,0,0,0,0.03999951481819153,-0.012243089266121387,0.024500489234924316,0.24500489234924316,0.27606720523908734,0.0242712814360857,0.26001853,0.26001853,0.35649443,0.0,0.35746193
363,36.3,0.0011796355247497559,0.27561586238624125,1,0,0,0,0,0,0.0366610512137413,-0.012410988099873066,-0.03338463604450226,-0.3338463604450226,0.32027044892311096,0.02305353432893753,0.28550228,0.28550228,0.36734325,0.0,0.2570526
364,36.4,0.0011731982231140137,0.27570397541785296,1,0,0,0,0,0,0.03662213683128357,-0.012463540770113468,-0.00038914382457733154,-0.0038914382457733154,0.3693320779129863,0.021519426256418228,0.29208454,0.29208454,0.47058302,0.0,0.34899122
365,36.5,0.0011638998985290527,0.2759440026299511,1,0,0,0,0,0,0.03650319203734398,-0.012728246860206127,-0.0011894479393959045,-0.011894479393959045,0.41247718315571547,0.020485956221818924,0.31527483,0.31527483,0.42724547,0.0,0.39029685
366,36.6,0.0011565089225769043,0.27625652097745435,1,0,0,0,0,0,0.0364987850189209,-0.012611369602382183,-4.407018423080444e-05,-0.00044070184230804443,0.395789903588593,0.019175030291080475,0.2719721,0.2719721,0.3893054,0.0,0.41027
367,36.7,0.0010381340980529785,0.27639854325523516,1,0,0,0,0,0,0.037604182958602905,-0.011764531023800373,0.011053979396820068,0.11053979396820068,0.37426648568362,0.017465628683567047,0.26114768,0.26114768,0.38483477,0.0,0.30939415
368,36.8,0.0011469721794128418,0.27632643977659344,1,0,0,0,0,0,0.03700043633580208,-0.011911485344171524,-0.00603746622800827,-0.0603746622800827,0.3983132909052074,0.016166670247912407,0.26350594,0.26350594,0.43578464,0.0,0.38336897
369,36.9,0.0011412501335144043,0.276217076702453,1,0,0,0,0,0,0.03650711476802826,-0.012289274483919144,-0.00493321567773819,-0.0493321567773819,0.40570373297668993,0.015397571958601475,0.28437793,0.28437793,0.37334913,0.0,0.37645048
370,37.0,0.0011349916458129883,0.2761717375537156,1,0,0,0,0,0,0.0365404337644577,-0.012156208045780659,0.0003331899642944336,0.003331899642944336,0.41675059287808836,0.01477892231196165,0.28302932,0.28302932,0.38710886,0.0,0.3477232
371,37.1,0.0011296868324279785,0.2761048304688658,1,0,0,0,0,0,0.03654353693127632,-0.012043806724250317,3.1031668186187744e-05,0.00031031668186187744,0.39502640324644744,0.014070029370486736,0.2783334,0.2783334,0.4745708,0.0,0.4028033
372,37.2,0.0012404322624206543,0.2760357695274953,1,0,0,0,0,0,0.03644964098930359,-0.01214620377868414,-0.0009389594197273254,-0.009389594197273254,0.39964750898070633,0.013015025295317173,0.28270286,0.28270286,0.48854375,0.0,0.3368587
373,37.3,0.0010040998458862305,0.2760434794831137,1,0,0,0,0,0,0.03642696514725685,-0.01216686051338911,-0.0002267584204673767,-0.002267584204673767,0.435902148950845,0.013112993910908699,0.32400763,0.32400763,0.41149968,0.0,0.3906497
374,37.4,0.001112222671508789,0.2761559281164365,1,0,0,0,0,0,0.037652160972356796,-0.011967477388679981,0.01225195825099945,0.1225195825099945,0.40685375267639756,0.01313556544482708,0.27699,0.27699,0.3455333,0.0,0.33884332
375,37.5,0.001103818416595459,0.27622087993331235,1,0,0,0,0,0,0.03878892958164215,-0.011380254290997982,0.011367686092853546,0.11367686092853546,0.4107478172518313,0.012662874534726143,0.26951984,0.26951984,0.34160066,0.0,0.35124758
376,37.6,0.0010971426963806152,0.2762196150413434,1,0,0,0,0,0,0.03673916682600975,-0.011549517512321472,-0.020497627556324005,-0.20497627556324005,0.4080786390695721,0.012240179814398289,0.26233396,0.26233396,0.4495952,0.0,0.3205469
377,37.69,0.001093447208404541,0.27612844809324355,1,0,0,0,0,0,0.036411914974451065,-0.01189289428293705,-0.0036361316839853925,-0.04040146315539325,0.43105542403645813,0.010934230871498585,0.2695582,0.2695582,0.45434958,0.0,0.38371167
378,37.8,0.0011811256408691406,0.27686224032525675,1,0,0,0,0,0,0.07717479765415192,-0.015010102652013302,0.3705716607245532,3.3688332793141202,0.44565382006112486,0.007711073849350214,0.22888765,0.22888768,0.37714696,0.0,0.3606776
379,37.9,0.0013115406036376953,0.2823256629205475,1,0,0,0,0,0,0.16804532706737518,-0.015408365987241268,0.9087052941322327,9.087052941322327,0.4171082314569503,0.014589083380997181,0.22708394,0.22708394,0.36765245,0.0,0.40442505
380,37.99,0.0012938380241394043,0.29226518776280974,1,0,0,0,0,0,0.24120499193668365,-0.013529795221984386,0.8128851652145386,9.032057391272652,0.4131163419224322,0.03863044083118439,0.23542589,0.23542589,0.38270557,0.0,0.30465472
381,38.09,0.00130385160446167,0.3051981904723766,1,0,0,0,0,0,0.3436397612094879,-0.013411142863333225,1.0243476927280426,10.243476927280426,0.41272672917693853,0.0791390985250473,0.24245925,0.2424593,0.38611323,0.0,0.3483255
382,38.19,0.002219855785369873,0.3193646784359234,1,0,0,0,0,0,0.3898282051086426,-0.14059151709079742,0.46188443899154663,4.618844389915466,0.44748894684016705,0.1303054839372635,0.22856908,0.22856906,0.35229936,0.0,0.36496577
383,38.29,0.024966418743133545,0.32618329812010805,1,0,0,0,0,0,0.32588914036750793,-0.33396676182746887,-0.6393906474113464,-6.393906474113464,0.4786559175699949,0.18123094737529755,0.2507679,0.2507679,0.40402198,0.0,0.26849338
384,38.39,0.03361541032791138,0.3238116524922374,1,0,0,0,0,0,0.22114995121955872,-0.3368554711341858,-1.0473918914794922,-10.473918914794922,0.5110912397503853,0.20814049243927002,0.27476043,0.27476034,0.4842102,0.0,0.37665173
385,38.49,0.01616072654724121,0.31559578272094146,1,0,0,0,0,0,0.1867724508047104,0.1889866441488266,-0.3437750041484833,-3.4377500414848328,0.48353516682982445,0.21531514823436737,0.2781792,0.2781792,0.5085703,0.0,0.31862003
386,38.59,0.01250237226486206,0.3085892114578461,1,0,0,0,0,0,0.22126753628253937,0.12247752398252487,0.3449508547782898,3.449508547782898,0.497210007160902,0.20479245483875275,0.25441664,0.2544167,0.4413771,0.0,0.44808573
387,38.69,0.013043820858001709,0.3101111529869205,1,0,0,0,0,0,0.24837902188301086,0.13497085869312286,0.27111485600471497,2.7111485600471497,0.4684802405536175,0.19422148168087006,0.26259136,0.26259136,0.4484315,0.0,0.36914566
388,38.79,0.013266682624816895,0.3142592514957452,1,0,0,0,0,0,0.2199140191078186,0.13436341285705566,-0.2846500277519226,-2.846500277519226,0.45889223739504814,0.1938735842704773,0.25112605,0.25112605,0.4291247,0.0,0.3561186
389,38.89,0.013137876987457275,0.3136959371687771,1,0,0,0,0,0,0.12371204048395157,0.11944503337144852,-0.9620197862386703,-9.620197862386703,0.45350890327244997,0.1985236257314682,0.264275,0.26427498,0.4752469,0.0,0.38314044
390,38.99,0.012197613716125488,0.3081158372844548,1,0,0,0,0,0,0.04197977855801582,0.10997770726680756,-0.8173226192593575,-8.173226192593575,0.4485196969471872,0.20078735053539276,0.3049577,0.3049576,0.57630324,0.0,0.35648984
391,39.09,0.005814850330352783,0.3005276978740308,1,0,0,0,0,0,0.05777397006750107,0.009651749394834042,0.15794191509485245,1.5794191509485245,0.44419082487002015,0.20246610045433044,0.3327868,0.33278674,0.49779642,0.0,0.31637287
392,39.19,0.00037789344787597656,0.297291529222381,1,0,0,0,0,0,0.04786543920636177,-0.0025476308073848486,-0.09908530861139297,-0.9908530861139297,0.47600840777158737,0.20638130605220795,0.27975732,0.27975726,0.4864887,0.0,0.4000245
393,39.29,0.0003387331962585449,0.297361628297524,1,0,0,0,0,0,0.03628518804907799,-0.005650859326124191,-0.11580251157283783,-1.1580251157283783,0.44521059188991785,0.21252231299877167,0.22432533,0.22432533,0.3200318,0.0,0.3453419
394,39.39,0.000496983528137207,0.30041143432815964,1,0,0,0,0,0,0.03655111789703369,-0.0017282319022342563,0.0026592984795570374,0.026592984795570374,0.4802937749773264,0.21897758543491364,0.19153282,0.19153282,0.3525542,0.0,0.38687083
395,39.49,0.00034111738204956055,0.30461548559177043,1,0,0,0,0,0,0.03651443496346474,-0.005358313210308552,-0.0003668293356895447,-0.0036682933568954468,0.44845734210684896,0.2232574075460434,0.23444498,0.23444495,0.3186583,0.0,0.38898876
396,39.59,0.0005676150321960449,0.3091030583615748,1,0,0,0,0,0,0.047307707369327545,-0.0015950739616528153,0.10793272405862808,1.0793272405862808,0.4753945106640458,0.22845019400119781,0.20250985,0.20250984,0.37882316,0.0,0.36742923
397,39.69,0.000550687313079834,0.3133378854293083,1,0,0,0,0,0,0.036635465919971466,-0.012596429325640202,-0.10672241449356079,-1.067224144935608,0.46521767415106297,0.2339070737361908,0.20922513,0.20922509,0.38955358,0.0,0.39356506
398,39.79,0.00042128562927246094,0.3143944162119918,1,0,0,0,0,0,0.06960903853178024,-0.013315597549080849,0.32973572611808777,3.2973572611808777,0.46205874253064394,0.24359509348869324,0.2657183,0.2657183,0.36833173,0.0,0.29249257
399,39.89,0.001049816608428955,0.31500312046682466,1,0,0,0,0,0,0.06310849636793137,-0.010888203047215939,-0.06500542163848877,-0.6500542163848877,0.4937805477529764,0.2535528540611267,0.30426782,0.30426785,0.42808917,0.0,0.2499057
400,39.99,0.001035451889038086,0.31636055071764746,1,0,0,0,0,0,0.06344304978847504,-0.010942116379737854,0.0033455342054367065,0.033455342054367065,0.5032673981040716,0.261743426322937,0.3260686,0.32606864,0.46047086,0.0,0.36853006
401,40.09,0.0010227560997009277,0.3185453558750033,1,0,0,0,0,0,0.06343533843755722,-0.01082992646843195,-7.711350917816162e-05,-0.0007711350917816162,0.5251758527010679,0.26823750138282776,0.3472206,0.3472206,0.51344615,0.0,0.43348446
402,40.19,0.0010082125663757324,0.32102972127921703,1,0,0,0,0,0,0.06340985000133514,-0.010689307004213333,-0.00025488436222076416,-0.0025488436222076416,0.4857528693974018,0.27743270993232727,0.25986788,0.25986785,0.36725858,0.0,0.29920805
403,40.29,0.000958561897277832,0.3231525184293085,1,0,0,0,0,0,0.06604310125112534,-0.009868397377431393,0.026332512497901917,0.26332512497901917,0.48601857759058475,0.28839725255966187,0.22328722,0.22328724,0.41130883,0.0,0.32390088
404,40.39,0.0009967684745788574,0.32510797786041046,1,0,0,0,0,0,0.06341785192489624,-0.010496621020138264,-0.026252493262290955,-0.26252493262290955,0.5134544409811497,0.29960355162620544,0.20792252,0.20792252,0.38864344,0.0,0.38278654
405,40.49,0.0009676814079284668,0.3271119827937976,1,0,0,0,0,0,0.0644722729921341,-0.009540995582938194,0.01054421067237854,0.1054421067237854,0.4961632825434208,0.3099759519100189,0.2362399,0.2362399,0.334652,0.0,0.40516832
406,40.59,0.0009161829948425293,0.32925767838305453,1,0,0,0,0,0,0.06342379003763199,-0.00958249531686306,-0.010484829545021057,-0.10484829545021057,0.4874172303825617,0.3202030658721924,0.2558084,0.2558084,0.370769,0.0,0.38110423
407,40.69,0.000919342041015625,0.33168971800872504,1,0,0,0,0,0,0.06338528543710709,-0.009498842060565948,-0.00038504600524902344,-0.0038504600524902344,0.48406017385423183,0.3307725191116333,0.2428669,0.24286696,0.35695952,0.0,0.28984272
408,40.79,0.0009074211120605469,0.3342073560720471,1,0,0,0,0,0,0.0642411857843399,-0.00930970162153244,0.008559003472328186,0.08559003472328186,0.520088791847229,0.34529975056648254,0.22093908,0.22093908,0.40234786,0.0,0.28781065
409,40.89,0.0008963346481323242,0.33700000662285756,1,0,0,0,0,0,0.06464195251464844,-0.009180238470435143,0.004007667303085327,0.04007667303085327,0.5026645567268133,0.35752904415130615,0.22947535,0.22947529,0.43065828,0.0,0.32677197
410,40.99,0.0008847713470458984,0.34001618707348036,1,0,0,0,0,0,0.06405159085988998,-0.009094985201954842,-0.005903616547584534,-0.05903616547584534,0.5123430080711842,0.3704724609851837,0.27074054,0.2707405,0.39770454,0.0,0.41876626
411,41.09,0.0008727312088012695,0.34326329812335254,1,0,0,0,0,0,0.06329380720853806,-0.009027622640132904,-0.007577836513519287,-0.07577836513519287,0.5243349503725767,0.3829258680343628,0.27561155,0.27561155,0.415229,0.0,0.4010496
412,41.19,0.0008617639541625977,0.3464643095040234,1,0,0,0,0,0,0.06327405571937561,-0.00892344955354929,-0.00019751489162445068,-0.001975148916244507,0.5004308843053877,0.3978218734264374,0.21824494,0.21824494,0.33054882,0.0,0.26338738
413,41.29,0.0008510351181030273,0.34922943843960885,1,0,0,0,0,0,0.06325577199459076,-0.008806672878563404,-0.00018283724784851074,-0.0018283724784851074,0.5409549903124571,0.41697174310684204,0.19490053,0.19490054,0.3649794,0.0,0.3046962
414,41.39,0.0008398890495300293,0.35199902982740694,1,0,0,0,0,0,0.06323681026697159,-0.008707184344530106,-0.00018961727619171143,-0.0018961727619171143,0.5741405598819256,0.43484261631965637,0.180614,0.18061396,0.34452793,0.0,0.37629053
415,41.49,0.000828862190246582,0.35511618526417177,1,0,0,0,0,0,0.06330589205026627,-0.008610221557319164,0.0006908178329467773,0.0069081783294677734,0.5173141164705157,0.445625901222229,0.22758886,0.22758886,0.34726432,0.0,0.39251792
416,41.59,0.0008192062377929688,0.35831930758281594,1,0,0,0,0,0,0.06321893632411957,-0.008493119850754738,-0.00086955726146698,-0.0086955726146698,0.539593955501914,0.4521089792251587,0.24764687,0.2476469,0.3905657,0.0,0.3800509
417,41.69,0.000808417797088623,0.36135174576808815,1,0,0,0,0,0,0.06512067466974258,-0.008322753012180328,0.019017383456230164,0.19017383456230164,0.5414781477302313,0.45808082818984985,0.23410979,0.23410979,0.37516552,0.0,0.2880673
418,41.79,0.0007979273796081543,0.3638209480615924,1,0,0,0,0,0,0.06346889585256577,-0.008263139054179192,-0.01651778817176819,-0.16517788171768188,0.5383189460262656,0.4709867537021637,0.19937986,0.19937986,0.32436204,0.0,0.33525974
419,41.89,0.0007879734039306641,0.3663056735838124,1,0,0,0,0,0,0.06320107728242874,-0.008177540265023708,-0.0026781857013702393,-0.026781857013702393,0.5650546718388796,0.4721984267234802,0.25219068,0.2521907,0.41563314,0.0,0.38894528
420,41.99,0.0007780194282531738,0.368805594846064,1,0,0,0,0,0,0.06312965601682663,-0.008083609864115715,-0.0007142126560211182,-0.007142126560211182,0.5448387376964092,0.4724104106426239,0.21313086,0.21313089,0.35128897,0.0,0.30233553
421,42.09,0.0007681846618652344,0.37073459909606,1,0,0,0,0,0,0.06477829068899155,-0.007923435419797897,0.01648634672164917,0.1648634672164917,0.5419858051463962,0.4785076975822449,0.18163949,0.18163948,0.30513817,0.0,0.25787318
422,42.19,0.0007582902908325195,0.3725376505906197,1,0,0,0,0,0,0.06324326992034912,-0.007879801094532013,-0.015350207686424255,-0.15350207686424255,0.5697770677506924,0.48395678400993347,0.16812822,0.16812816,0.3294126,0.0,0.3463883
423,42.29,0.0007492899894714355,0.37500397207607983,1,0,0,0,0,0,0.06380593031644821,-0.0077811796218156815,0.005626603960990906,0.05626603960990906,0.547820040024817,0.46282824873924255,0.18551075,0.18551074,0.3115514,0.0,0.4149486
424,42.39,0.0007392764091491699,0.37592656404170977,1,0,0,0,0,0,0.06311577558517456,-0.007690583821386099,-0.006901547312736511,-0.06901547312736511,0.5445671249181032,0.4445149600505829,0.21227467,0.21227464,0.36808258,0.0,0.29940975
425,42.49,0.0007305145263671875,0.3756163055013819,1,0,0,0,0,0,0.06486812233924866,-0.007572157308459282,0.017523467540740967,0.17523467540740967,0.5456788372248411,0.44292283058166504,0.20136262,0.2013626,0.354186,0.0,0.32851535
426,42.59,0.0007210969924926758,0.37571542407580316,1,0,0,0,0,0,0.06303337961435318,-0.007516879588365555,-0.018347427248954773,-0.18347427248954773,0.5726420544087887,0.3934829831123352,0.2536906,0.2536906,0.44808638,0.0,0.4141671
427,42.69,0.0007120370864868164,0.3750383130481063,1,0,0,0,0,0,0.06303540617227554,-0.007435961160808802,2.0265579223632812e-05,0.00020265579223632812,0.5340241007506847,0.35994571447372437,0.21654394,0.21654394,0.38712394,0.0,0.33287537
428,42.79,0.0007032155990600586,0.3730085111927297,1,0,0,0,0,0,0.06338997930288315,-0.007319142110645771,0.00354573130607605,0.0354573130607605,0.5169039256870747,0.350462943315506,0.19624025,0.19624025,0.3586257,0.0,0.28859782
429,42.89,0.00069427490234375,0.36934943314283886,1,0,0,0,0,0,0.06427505612373352,-0.007244498934596777,0.008850768208503723,0.08850768208503723,0.5044544683769345,0.3275925815105438,0.21528974,0.21528967,0.38751474,0.0,0.36761257
430,42.99,0.0006859302520751953,0.36738504671863126,1,0,0,0,0,0,0.06295786798000336,-0.007165951654314995,-0.013171881437301636,-0.13171881437301636,0.5247925203293562,0.283311665058136,0.24697526,0.24697523,0.44706756,0.0,0.41242978
431,43.09,0.0006771087646484375,0.3653255749641282,1,0,0,0,0,0,0.06296567618846893,-0.007096461020410061,7.808208465576172e-05,0.0007808208465576172,0.17668812349438667,0.20602110028266907,0.22832832,0.22832832,0.4192165,0.0,0.3454295
432,43.19,0.0006685853004455566,0.36160443518205154,1,0,0,0,0,0,0.0629652664065361,-0.007007303647696972,-4.0978193283081055e-06,-4.0978193283081055e-05,0.26023606583476067,0.16237038373947144,0.22779495,0.22779495,0.4224465,0.0,0.41822806
433,43.29,0.0006603598594665527,0.35612269850830436,1,0,0,0,0,0,0.06299920380115509,-0.006917452439665794,0.00033937394618988037,0.0033937394618988037,0.3162841461598873,0.11952519416809082,0.2560439,0.2560439,0.4788744,0.0,0.3235459
434,43.39,0.000652313232421875,0.34999986144093165,1,0,0,0,0,0,0.06295028328895569,-0.006837033201009035,-0.0004892051219940186,-0.0048920512199401855,0.34760747384279966,0.1261865794658661,0.22945529,0.22945529,0.42897663,0.0,0.29768375
435,43.49,0.0006442070007324219,0.34388659119926324,1,0,0,0,0,0,0.0629114955663681,-0.006764252204447985,-0.0003878772258758545,-0.003878772258758545,0.41189335845410824,0.1308135688304901,0.22674,0.22674,0.4506096,0.0,0.38569403
436,43.59,0.0006362199783325195,0.33927042597554036,1,0,0,0,0,0,0.06362465769052505,-0.006673892494291067,0.007131621241569519,0.07131621241569519,0.4151393882930279,0.08433526009321213,0.21848765,0.21848765,0.43582764,0.0,0.3567936
437,43.69,0.0006281137466430664,0.3348847499762051,1,0,0,0,0,0,0.06288363039493561,-0.006615334656089544,-0.00741027295589447,-0.0741027295589447,0.43109586648643017,0.11118713766336441,0.2271344,0.2271344,0.45180765,0.0,0.34573925
438,43.79,0.0006204843521118164,0.3327186078915789,1,0,0,0,0,0,0.06323715299367905,-0.0065230149775743484,0.003535225987434387,0.03535225987434387,0.43596445862203836,0.058461274951696396,0.23396535,0.23396535,0.44096863,0.0,0.40403682
439,43.89,0.0006126165390014648,0.33255773763591523,1,0,0,0,0,0,0.06284703314304352,-0.0064551131799817085,-0.0039011985063552856,-0.039011985063552856,0.4622788680717349,0.05293389782309532,0.18179074,0.18179074,0.35154134,0.0,0.338708
440,43.99,0.0006050467491149902,0.3331489032575088,1,0,0,0,0,0,0.06321708858013153,-0.006372548174113035,0.003700554370880127,0.03700554370880127,0.4897553361952305,0.08059133589267731,0.17216282,0.17216282,0.3355226,0.0,0.4351529
441,44.09,0.0005973577499389648,0.33405699589913707,1,0,0,0,0,0,0.06284121423959732,-0.006301544606685638,-0.003758743405342102,-0.03758743405342102,0.2161411363631487,0.0763649120926857,0.14684698,0.14684698,0.28896213,0.0,0.36265934
442,44.19,0.0005900859832763672,0.3353417255051119,1,0,0,0,0,0,0.0631847009062767,-0.006223700940608978,0.0034348666667938232,0.03434866666793823,0.29666158743202686,0.11689743399620056,0.13862999,0.13862999,0.27340856,0.0,0.3125665
443,44.29,0.000582575798034668,0.33675723625759724,1,0,0,0,0,0,0.06409773975610733,-0.006135068833827972,0.009130388498306274,0.09130388498306274,0.3734348714351654,0.17573314905166626,0.17315347,0.17315347,0.333525,0.0,0.36239782
444,44.39,0.0005755424499511719,0.3383439105774053,1,0,0,0,0,0,0.06462261080741882,-0.006046263035386801,0.005248710513114929,0.05248710513114929,0.43168768286705017,0.15058143436908722,0.21340945,0.21340945,0.40471733,0.0,0.4028835
445,44.49,0.0005683302879333496,0.33997048602833835,1,0,0,0,0,0,0.06461581587791443,-0.005967269651591778,-6.794929504394531e-05,-0.0006794929504394531,0.40026268642395735,0.09877044707536697,0.18584839,0.18584839,0.35185018,0.0,0.43763998
446,44.59,0.0005613565444946289,0.34083977862693526,1,0,0,0,0,0,0.06336823105812073,-0.005903064738959074,-0.012475848197937012,-0.12475848197937012,0.4337685024365783,0.062153737992048264,0.19643037,0.19643036,0.37499905,0.0,0.3525367
447,44.69,0.0005546212196350098,0.3405490295532121,1,0,0,0,0,0,0.06304904073476791,-0.005837867967784405,-0.003191903233528137,-0.03191903233528137,0.4823716823011637,0.0919952467083931,0.24052109,0.24052109,0.45495293,0.0,0.30149427
448,44.79,0.0005478262901306152,0.3401205903080031,1,0,0,0,0,0,0.06296946108341217,-0.005786393769085407,-0.0007957965135574341,-0.00795796513557434,0.49844181910157204,0.1334422379732132,0.26853582,0.26853582,0.4946428,0.0,0.36085176
449,44.89,0.0005412101745605469,0.34152151176285206,1,0,0,0,0,0,0.06279005110263824,-0.005735157523304224,-0.0017940998077392578,-0.017940998077392578,0.47304252348840237,0.08765646070241928,0.23597439,0.23597439,0.437882,0.0,0.4104299
450,44.99,0.0005345940589904785,0.3427002504117933,1,0,0,0,0,0,0.06274116039276123,-0.005688504781574011,-0.0004889070987701416,-0.004889070987701416,0.5113024432212114,0.08902893215417862,0.24489081,0.24489081,0.4605887,0.0,0.3371008
451,45.09,0.0005280375480651855,0.3431018168564466,1,0,0,0,0,0,0.06270856410264969,-0.005620994139462709,-0.0003259629011154175,-0.003259629011154175,0.5237119384109974,0.13065533339977264,0.2650664,0.2650664,0.49172926,0.0,0.33978775
452,45.19,0.000521540641784668,0.3450399435133822,1,0,0,0,0,0,0.06342969089746475,-0.005535699427127838,0.007211267948150635,0.07211267948150635,0.49601491913199425,0.12487494945526123,0.2358394,0.23583937,0.43417376,0.0,0.38990995
453,45.29,0.0005152225494384766,0.347904680869604,1,0,0,0,0,0,0.06340990960597992,-0.005479069892317057,-0.00019781291484832764,-0.0019781291484832764,0.5063786115497351,0.11889352649450302,0.22639872,0.2263987,0.42153168,0.0,0.3521732
454,45.39,0.0005089640617370605,0.3499547870645796,1,0,0,0,0,0,0.06436017900705338,-0.005394288804382086,0.009502694010734558,0.09502694010734558,0.516784131526947,0.1461803913116455,0.24227124,0.24227126,0.4478902,0.0,0.34217566
455,45.49,0.0005027651786804199,0.3527345292490329,1,0,0,0,0,0,0.06417227536439896,-0.00533323222771287,-0.0018790364265441895,-0.018790364265441895,0.49181318283081055,0.140665665268898,0.22189535,0.22189537,0.40691215,0.0,0.38758698
456,45.59,0.0004965662956237793,0.35593792528960955,1,0,0,0,0,0,0.06341798603534698,-0.005270332098007202,-0.007542893290519714,-0.07542893290519714,0.49538362585008144,0.12498535960912704,0.2179955,0.2179955,0.40453917,0.0,0.35571292
457,45.69,0.0004906058311462402,0.357913938223936,1,0,0,0,0,0,0.06325709819793701,-0.005201500374823809,-0.0016088783740997314,-0.016088783740997314,0.49292321503162384,0.14033262431621552,0.23015651,0.23015651,0.42354834,0.0,0.3492846
458,45.79,0.00048470497131347656,0.3608357794759225,1,0,0,0,0,0,0.0629306361079216,-0.0051503353752195835,-0.0032646209001541138,-0.03264620900154114,0.4630946945399046,0.11405735462903976,0.20042215,0.20042215,0.3689252,0.0,0.40128228
459,45.89,0.0004787445068359375,0.36235588851450995,1,0,0,0,0,0,0.06279408186674118,-0.005110385362058878,-0.0013655424118041992,-0.013655424118041992,0.48608930967748165,0.10632012039422989,0.23047546,0.23047549,0.4301433,0.0,0.31428447
460,45.99,0.0004729628562927246,0.36365330391765727,1,0,0,0,0,0,0.0627807155251503,-0.005045764148235321,-0.00013366341590881348,-0.0013366341590881348,0.44040200486779213,0.11915410310029984,0.20110783,0.20110783,0.36255324,0.0,0.41155222
461,46.09,0.00046753883361816406,0.3662702816048542,1,0,0,0,0,0,0.06297855824232101,-0.0050087859854102135,0.0019784271717071533,0.019784271717071533,0.4709420008584857,0.0537785105407238,0.201044,0.20104401,0.3819652,0.0,0.35441667
462,46.19,0.00046187639236450195,0.3629588106056665,1,0,0,0,0,0,0.06411112844944,-0.004937759600579739,0.01132570207118988,0.1132570207118988,0.5232520680874586,0.11895260959863663,0.25992098,0.25992095,0.49398094,0.0,0.32831648
463,46.29,0.0004563331604003906,0.35767843834336466,1,0,0,0,0,0,0.06409671157598495,-0.004865854047238827,-0.00014416873455047607,-0.0014416873455047607,0.5674992091953754,0.16951672732830048,0.2691925,0.2691925,0.51193094,0.0,0.35595644
464,46.39,0.0004506707191467285,0.35218645128134707,1,0,0,0,0,0,0.0633443221449852,-0.004816344007849693,-0.007523894309997559,-0.07523894309997559,0.6010069698095322,0.19299396872520447,0.2694756,0.2694756,0.51336575,0.0,0.36842552
465,46.49,0.00044524669647216797,0.3473278411063605,1,0,0,0,0,0,0.06305567175149918,-0.0047614555805921555,-0.0028865039348602295,-0.028865039348602295,0.6209909729659557,0.213383749127388,0.26350328,0.26350328,0.5015105,0.0,0.363559
466,46.59,0.0004400014877319336,0.3438080060694808,1,0,0,0,0,0,0.06264171749353409,-0.0047308094799518585,-0.004139542579650879,-0.04139542579650879,0.6287518441677094,0.23940616846084595,0.25524625,0.25524628,0.48385656,0.0,0.3472776
467,46.69,0.006528913974761963,0.3420797491832013,1,0,0,0,0,0,0.06461773067712784,0.3080524504184723,0.0197601318359375,0.197601318359375,0.6272718459367752,0.26740843057632446,0.24481793,0.24481794,0.4608838,0.0,0.34433487
468,46.79,0.061531245708465576,0.3427790313772967,1,0,0,0,0,0,0.04710376262664795,0.8292970657348633,-0.1751396805047989,-1.751396805047989,0.6079159528017044,0.27316227555274963,0.22876324,0.22876328,0.4256212,0.0,0.36020973
469,46.89,0.09514862298965454,0.34577966099751034,1,0,0,0,0,0,0.03633858636021614,0.9826242327690125,-0.10765176266431808,-1.0765176266431808,0.5806158632040024,0.24912607669830322,0.21819519,0.21819519,0.40319383,0.0,0.37918156
470,46.99,0.09878242015838623,0.34712735335757716,1,0,0,0,0,0,0.03846520930528641,0.9870371222496033,0.021266229450702667,0.21266229450702667,0.5659627802670002,0.20907610654830933,0.22394012,0.22394012,0.41904348,0.0,0.39425758
471,47.09,0.09870600700378418,0.3440287150189094,1,0,0,0,0,0,0.038625702261924744,0.9863907098770142,0.0016049295663833618,0.016049295663833618,0.5750715956091881,0.18867743015289307,0.25306576,0.25306576,0.48199707,0.0,0.3891415
472,47.19,0.09864145517349243,0.3360900088672203,1,0,0,0,0,0,0.038298122584819794,0.985791802406311,-0.0032757967710494995,-0.032757967710494995,0.5772808790206909,0.20769980549812317,0.28713724,0.28713727,0.5499769,0.0,0.3573045
473,47.29,0.09860551357269287,0.3264744766464662,1,0,0,0,0,0,0.039327919483184814,0.9855336546897888,0.010297968983650208,0.10297968983650208,0.5569736696779728,0.2264966070652008,0.2919777,0.29197773,0.55397856,0.0,0.35539547
474,47.39,0.09858733415603638,0.31856176461786156,1,0,0,0,0,0,0.03836239501833916,0.9858605861663818,-0.009655244648456573,-0.09655244648456573,0.5276112146675587,0.2210608571767807,0.28013918,0.28013924,0.5249741,0.0,0.37832865
475,47.49,0.0985853374004364,0.31104019561035323,1,0,0,0,0,0,0.03883335366845131,0.9859740138053894,0.004709586501121521,0.04709586501121521,0.49477680400013924,0.22112341225147247,0.2778194,0.2778194,0.51261646,0.0,0.34797922
476,47.59,0.09860678017139435,0.30856320461491427,1,0,0,0,0,0,0.03907812014222145,0.9863266348838806,0.002447664737701416,0.02447664737701416,0.4902964476495981,0.23127245903015137,0.25727364,0.25727364,0.44722718,0.0,0.35155812
477,47.69,0.0986533910036087,0.30626292388824283,1,0,0,0,0,0,0.03742499649524689,0.9868103861808777,-0.016531236469745636,-0.16531236469745636,0.5223221965134144,0.2946254312992096,0.27648708,0.27648708,0.5505079,0.0,0.30520466
478,47.79,0.09872168302536011,0.3101381427119332,1,0,0,0,0,0,0.03617700934410095,0.9874106049537659,-0.01247987151145935,-0.1247987151145935,0.5290578156709671,0.2556206285953522,0.23642613,0.23642613,0.47096974,0.0,0.43488228
479,47.89,0.09880787134170532,0.31329516791725287,1,0,0,0,0,0,0.0362115278840065,0.9881319403648376,0.00034518539905548096,0.0034518539905548096,0.4844766426831484,0.14567267894744873,0.22881773,0.22881773,0.40872127,0.0,0.37686414
480,47.99,0.09892794489860535,0.3095146679464986,1,0,0,0,0,0,0.036181580275297165,0.9894512891769409,-0.00029947608709335327,-0.0029947608709335327,0.4717058464884758,0.17259714007377625,0.25710857,0.25710857,0.46960056,0.0,0.36682472
481,48.09,0.09905046224594116,0.3096951315944225,1,0,0,0,0,0,0.03617629408836365,0.9906232953071594,-5.286186933517456e-05,-0.0005286186933517456,0.4663372989743948,0.15714408457279205,0.20575723,0.20575725,0.3688931,0.0,0.39388755
482,48.19,0.09915927052497864,0.3135734395327541,1,0,0,0,0,0,0.03625531494617462,0.991436779499054,0.0007902085781097412,0.007902085781097412,0.4450944121927023,0.10169576108455658,0.18247819,0.18247819,0.3304451,0.0,0.3811964
483,48.29,0.08804523944854736,0.31621092214389646,1,0,0,0,0,0,0.03636738657951355,0.7212510704994202,0.0011207163333892822,0.011207163333892822,0.4259446542710066,0.10711342096328735,0.23264405,0.23264407,0.46173054,0.0,0.35912654
484,48.39,0.050411105155944824,0.3147577395589769,1,0,0,0,0,0,0.03628755733370781,0.38495948910713196,-0.0007982924580574036,-0.007982924580574036,0.4769951943308115,0.17979881167411804,0.2384159,0.2384159,0.4748092,0.0,0.35438296
485,48.49,0.010075509548187256,0.32451106529281626,1,0,0,0,0,0,0.03770865127444267,0.006795851513743401,0.014210939407348633,0.14210939407348633,0.4951068889349699,0.2245490401983261,0.19751704,0.19751704,0.39209086,0.0,0.34495708
486,48.59,2.2470951080322266e-05,0.3388224443961041,1,0,0,0,0,0,0.03644710034132004,-0.00017117589595727623,-0.012615509331226349,-0.1261550933122635,0.4721887093037367,0.11481752246618271,0.19015811,0.19015811,0.37647837,0.0,0.44823548
487,48.69,3.343820571899414e-05,0.34643290994391807,1,0,0,0,0,0,0.03631722554564476,-0.00036664254730567336,-0.001298747956752777,-0.012987479567527771,0.4437308106571436,0.031509220600128174,0.21306051,0.21306051,0.27590963,0.0,0.4155456
488,48.79,3.2007694244384766e-05,0.3445119533247798,1,0,0,0,0,0,0.0368250347673893,-0.0004148127918597311,0.0050780922174453735,0.050780922174453735,0.45327440463006496,0.0855644941329956,0.2895506,0.2895506,0.53089684,0.0,0.34566173
489,48.89,3.2067298889160156e-05,0.3397594782733755,1,0,0,0,0,0,0.03619346767663956,-0.0004470043641049415,-0.006315670907497406,-0.06315670907497406,0.4676785487681627,0.03604533523321152,0.26722312,0.26722312,0.5090466,0.0,0.43226132
490,48.99,3.153085708618164e-05,0.3423579270227224,1,0,0,0,0,0,0.037917785346508026,-0.000469679303932935,0.017243176698684692,0.17243176698684692,0.4508787002414465,0.0711478739976883,0.22969128,0.22969128,0.427675,0.0,0.38830516
491,49.09,3.445148468017578e-05,0.34736620526885753,1,0,0,0,0,0,0.036178771406412125,-0.0005375437322072685,-0.017390139400959015,-0.17390139400959015,0.4622349627315998,0.06773439049720764,0.23945403,0.23945403,0.4473965,0.0,0.3492251
492,49.19,3.272294998168945e-05,0.34952167136779755,1,0,0,0,0,0,0.03645522519946098,-0.00029576075030490756,0.0027645379304885864,0.027645379304885864,0.4761575870215893,0.057440534234046936,0.28913465,0.28913465,0.5398706,0.0,0.4025713
493,49.29,3.403425216674805e-05,0.3499173910213602,1,0,0,0,0,0,0.03632023185491562,-0.0003653540916275233,-0.0013499334454536438,-0.013499334454536438,0.4845098741352558,0.04438707232475281,0.27817634,0.27817634,0.5241954,0.0,0.37940848
494,49.39,3.355741500854492e-05,0.35196768537183254,1,0,0,0,0,0,0.03618525341153145,-0.0005647960351780057,-0.0013497844338417053,-0.013497844338417053,0.4879756961017847,0.08362925797700882,0.30130008,0.30130008,0.5576265,0.0,0.34489316
495,49.49,3.528594970703125e-05,0.35208435221539025,1,0,0,0,0,0,0.03638613224029541,-0.0003646191325969994,0.002008788287639618,0.02008788287639618,0.5138461068272591,0.11254063248634338,0.32835844,0.32835844,0.605613,0.0,0.34360793
496,49.59,3.522634506225586e-05,0.35212646308593043,1,0,0,0,0,0,0.03644808009266853,-0.0003091627440880984,0.0006194785237312317,0.006194785237312317,0.5330728255212307,0.1440146118402481,0.34286886,0.34286886,0.6281669,0.0,0.32190007
497,49.69,3.641843795776367e-05,0.3530740829378316,1,0,0,0,0,0,0.036456070840358734,-0.0002956769894808531,7.990747690200806e-05,0.0007990747690200806,0.27566931396722794,0.19651228189468384,0.35813367,0.35813367,0.6496414,0.0,0.2858178
498,49.79,3.4332275390625e-05,0.3552771546470592,1,0,0,0,0,0,0.03638460487127304,-0.00038943791878409684,-0.0007146596908569336,-0.007146596908569336,0.40398775041103363,0.2718890905380249,0.3667264,0.3667264,0.6527324,0.0,0.2890837
499,49.89,3.552436828613281e-05,0.36129114635726856,1,0,0,0,0,0,0.036388665437698364,-0.0003744111454579979,4.060566425323486e-05,0.00040605664253234863,0.47342806309461594,0.2799234092235565,0.3449625,0.34496254,0.61793125,0.0,0.31706768
500,49.99,3.5703182220458984e-05,0.3680375419748312,1,0,0,0,0,0,0.03627261519432068,-0.0005458648083731532,-0.0011605024337768555,-0.011605024337768555,0.5255760923027992,0.2847083806991577,0.3581739,0.3581739,0.6478644,0.0,0.32189402
501,50.09,3.635883331298828e-05,0.37348179999831244,1,0,0,0,0,0,0.03637585788965225,-0.0003999065374955535,0.0010324269533157349,0.010324269533157349,0.5459039434790611,0.23817548155784607,0.34234783,0.3423478,0.6315224,0.0,0.40063214
502,50.19,3.6776065826416016e-05,0.37878405347931876,1,0,0,0,0,0,0.03630950674414635,-0.0004733427194878459,-0.0006635114550590515,-0.006635114550590515,0.5457768253982067,0.12984730303287506,0.35267067,0.35267067,0.66982305,0.0,0.40508172
503,50.29,3.6597251892089844e-05,0.3751445323816076,1,0,0,0,0,0,0.0362694151699543,-0.000542342197149992,-0.0004009157419204712,-0.004009157419204712,0.5316440165042877,0.2391899824142456,0.37605706,0.37605706,0.71695524,0.0,0.36371824
504,50.39,3.7550926208496094e-05,0.3603412523936844,1,0,0,0,0,0,0.03626634180545807,-0.0005244991043582559,-3.073364496231079e-05,-0.0003073364496231079,0.5158680230379105,0.14740175008773804,0.35116646,0.35116646,0.65593886,0.0,0.31767243
505,50.49,3.5881996154785156e-05,0.3531291435382087,1,0,0,0,0,0,0.0361614003777504,-0.0008069829782471061,-0.0010494142770767212,-0.010494142770767212,0.5146862827241421,0.04278518259525299,0.2492544,0.2492544,0.4968537,0.0,0.3841832
506,50.59,3.796815872192383e-05,0.3516082826890352,1,0,0,0,0,0,0.03616702929139137,-0.0008104278822429478,5.628913640975952e-05,0.0005628913640975952,0.5759309194982052,0.26299676299095154,0.20632789,0.20632789,0.412211,0.0,0.25849667
507,50.69,3.9577484130859375e-05,0.3482454002250228,1,0,0,0,0,0,0.036211516708135605,-0.0006580115295946598,0.0004448741674423218,0.004448741674423218,0.6272988691926003,0.38652968406677246,0.22875048,0.2287505,0.45575705,0.0,0.32733065
508,50.79,3.8504600524902344e-05,0.3424274518107,1,0,0,0,0,0,0.03617342934012413,-0.0008001577225513756,-0.0003808736801147461,-0.003808736801147461,0.6061397045850754,0.30957239866256714,0.21370073,0.2137006,0.42580456,0.0,0.45234165
509,50.89,3.838539123535156e-05,0.3445818137716741,1,0,0,0,0,0,0.03680101037025452,-0.0008397516212426126,0.0062758103013038635,0.06275810301303864,0.603660736232996,0.1301509588956833,0.14197706,0.14197706,0.28027064,0.0,0.44096014
510,50.99,3.898143768310547e-05,0.3434617720989215,1,0,0,0,0,0,0.03788162022829056,-0.0005593198584392667,0.010806098580360413,0.10806098580360413,0.6392785236239433,0.2694874107837677,0.23715109,0.23715109,0.45946884,0.0,0.36581746
511,51.09,3.784894943237305e-05,0.34447623235680447,1,0,0,0,0,0,0.03864056244492531,-0.00027720374055206776,0.007589422166347504,0.07589422166347504,0.6508935987949371,0.28553444147109985,0.20281963,0.20281963,0.3910969,0.0,0.39057347
512,51.19,4.4286251068115234e-05,0.3490899373868781,1,0,0,0,0,0,0.03867792338132858,6.279729132074863e-05,0.00037360936403274536,0.0037360936403274536,0.6729963049292564,0.3528693914413452,0.17576276,0.17576277,0.3412137,0.0,0.3505159
513,51.29,4.273653030395508e-05,0.35555924253747984,1,0,0,0,0,0,0.0386614166200161,5.8644665841711685e-05,-0.0001650676131248474,-0.0016506761312484741,0.6939498111605644,0.46998628973960876,0.15789613,0.15789607,0.3084709,0.0,0.315501
514,51.39,4.506111145019531e-05,0.35907676715323733,1,0,0,0,0,0,0.03867220878601074,3.316688525956124e-05,0.00010792165994644165,0.0010792165994644165,0.6945670247077942,0.5236600041389465,0.1826137,0.1826137,0.3548845,0.0,0.30001417
515,51.49,4.8220157623291016e-05,0.35132192745407376,1,0,0,0,0,0,0.037730857729911804,0.00011214170808671042,-0.00941351056098938,-0.0941351056098938,0.6649227291345596,0.45331260561943054,0.30107173,0.30107173,0.5773137,0.0,0.38173866
516,51.59,4.762411117553711e-05,0.3272789727465608,1,0,0,0,0,0,0.03693770244717598,0.00017448925063945353,-0.007931552827358246,-0.07931552827358246,0.6811131164431572,0.43616029620170593,0.40828773,0.40828773,0.80526185,0.0,0.44464785
517,51.69,4.9233436584472656e-05,0.2995746173089646,1,0,0,0,0,0,0.03650495037436485,0.00010308830678695813,-0.004327520728111267,-0.04327520728111267,0.6936201229691505,0.475859671831131,0.3216306,0.3216309,0.6367301,0.0,0.3481719
518,51.79,4.9054622650146484e-05,0.27916196503677493,1,0,0,0,0,0,0.03633701801300049,5.8078821894014254e-05,-0.0016793236136436462,-0.016793236136436462,0.6903158724308014,0.5536326766014099,0.2641983,0.2641983,0.51549846,0.0,0.31769857
519,51.89,4.89354133605957e-05,0.2600697894178927,1,0,0,0,0,0,0.03622641786932945,3.1643270631320775e-05,-0.0011060014367103577,-0.011060014367103577,0.6898360513150692,0.5747988224029541,0.25681818,0.25681818,0.49076468,0.0,0.3212325
520,51.99,4.881620407104492e-05,0.248670228062014,1,0,0,0,0,0,0.03618990629911423,2.7281901566311717e-05,-0.0003651157021522522,-0.003651157021522522,0.668654590845108,0.5104906558990479,0.24727468,0.24727468,0.46297333,0.0,0.30739874
521,52.09,4.857778549194336e-05,0.2490714389608354,1,0,0,0,0,0,0.036117371171712875,1.623419302632101e-05,-0.0007253512740135193,-0.007253512740135193,0.6179536283016205,0.3665098547935486,0.25093603,0.25093606,0.46154913,0.0,0.31030303
522,52.19,4.839897155761719e-05,0.25253167691583567,1,0,0,0,0,0,0.03736360743641853,3.546908556018025e-05,0.01246236264705658,0.1246236264705658,0.5304080136120319,0.09958676993846893,0.27046758,0.27046764,0.47586197,0.0,0.39857024
523,52.29,4.83393669128418e-05,0.24425041883823295,1,0,0,0,0,0,0.037879642099142075,3.612581349443644e-05,0.005160346627235413,0.051603466272354126,0.5205500684678555,0.17146740853786469,0.37752864,0.37752864,0.75371635,0.0,0.47045112
524,52.39,4.83393669128418e-05,0.231663834990673,1,0,0,0,0,0,0.038943514227867126,6.167869287310168e-05,0.010638721287250519,0.10638721287250519,0.48938747588545084,0.13712440431118011,0.21489161,0.21489161,0.42420134,0.0,0.41825846
525,52.49,4.8100948333740234e-05,0.23084859636229083,1,0,0,0,0,0,0.039182014763355255,7.2698705480434e-05,0.0023850053548812866,0.023850053548812866,0.5710811354219913,0.3021579086780548,0.2265156,0.2265156,0.45289093,0.0,0.359305
526,52.59,4.8100948333740234e-05,0.2348862468995867,1,0,0,0,0,0,0.03773779049515724,7.525392720708624e-05,-0.014442242681980133,-0.14442242681980133,0.5619583465158939,0.4017564058303833,0.122874826,0.12287489,0.24509856,0.0,0.2902208
527,52.69,4.774332046508789e-05,0.2529676923207207,1,0,0,0,0,0,0.037138428539037704,7.076600013533607e-05,-0.0059936195611953735,-0.059936195611953735,0.5314191579818726,0.41818374395370483,0.13699685,0.13699685,0.26617283,0.0,0.28735372
528,52.79,4.786252975463867e-05,0.2724020673711973,1,0,0,0,0,0,0.03676174208521843,6.355308141792193e-05,-0.003766864538192749,-0.03766864538192749,0.5259831063449383,0.31544458866119385,0.14464629,0.14464635,0.28612626,0.0,0.34278703
529,52.89,4.76837158203125e-05,0.2708363286061164,1,0,0,0,0,0,0.03640730306506157,4.6456851123366505e-05,-0.0035443902015686035,-0.035443902015686035,0.5280641969293356,0.2781985104084015,0.2371121,0.2371121,0.4590981,0.0,0.40964687
530,52.99,4.744529724121094e-05,0.2751185289445639,1,0,0,0,0,0,0.0362740121781826,2.9578211979242042e-05,-0.0013329088687896729,-0.013329088687896729,0.5792112294584513,0.44445326924324036,0.16493891,0.164939,0.30931342,0.0,0.2724145
531,53.09,4.7266483306884766e-05,0.279986848850978,1,0,0,0,0,0,0.03627043962478638,3.251569069107063e-05,-3.5725533962249756e-05,-0.00035725533962249756,0.6432695798575878,0.5509552359580994,0.176115,0.176115,0.32274628,0.0,0.37600085
532,53.19,4.690885543823242e-05,0.2799724644128083,1,0,0,0,0,0,0.03735949471592903,1.985589369724039e-05,0.010890550911426544,0.10890550911426544,0.7317223735153675,0.6540443897247314,0.15038842,0.15038843,0.27217636,0.0,0.3735889
533,53.29,4.696846008300781e-05,0.2881878827258493,1,0,0,0,0,0,0.038638532161712646,4.3719068344216794e-05,0.012790374457836151,0.1279037445783615,0.8075981587171555,0.7582524418830872,0.12291917,0.12291922,0.21181771,0.0,0.27975056
534,53.39,4.70280647277832e-05,0.31602615806217416,1,0,0,0,0,0,0.038011204451322556,3.532905247993767e-05,-0.006273277103900909,-0.0627327710390091,0.8283072486519814,0.7660967707633972,0.17660058,0.17660052,0.32363194,0.0,0.23149785
535,53.49,4.684925079345703e-05,0.35720035071954315,1,0,0,0,0,0,0.03692495450377464,6.202967051649466e-05,-0.010862499475479126,-0.10862499475479126,0.7876190692186356,0.5733726620674133,0.26715526,0.26715532,0.51823,0.0,0.3339664
536,53.59,4.667043685913086e-05,0.39934350777641625,1,0,0,0,0,0,0.03677261620759964,4.782747782883234e-05,-0.0015233829617500305,-0.015233829617500305,0.8358947932720184,0.48239773511886597,0.25948346,0.25948346,0.51869106,0.0,0.3859108
537,53.69,4.6372413635253906e-05,0.4505468801534629,0,1,0,0,0,0,0.036618832498788834,4.9796530220191926e-05,-0.0015378370881080627,-0.015378370881080627,0.9165754318237305,0.6128977537155151,0.25708959,0.25708967,0.51327884,0.0,0.27819028
538,53.79,4.649162292480469e-05,0.5126627903625094,0,1,0,0,0,0,0.03633185476064682,2.3755252186674625e-05,-0.0028697773814201355,-0.028697773814201355,0.933478832244873,0.7236577272415161,0.32349756,0.32349774,0.6454027,0.0,0.21483824
539,53.89,4.601478576660156e-05,0.5782763725459534,0,1,0,0,0,0,0.036150336265563965,9.774211093827034e-07,-0.0018151849508285522,-0.018151849508285522,0.9040836468338966,0.682788610458374,0.4584352,0.45843527,0.91632456,0.0,0.22843856
540,53.99,4.607439041137695e-05,0.5534136642814869,0,1,0,0,0,0,0.03613724559545517,-6.4012856455519795e-06,-0.00013090670108795166,-0.0013090670108795166,0.7848695032298565,0.4623575210571289,1.0152055,1.0152055,1.4116275,0.0,0.17368622
541,54.09,4.595518112182617e-05,0.48909675598068536,0,1,0,0,0,0,0.0361291728913784,-7.426024239975959e-06,-8.072704076766968e-05,-0.0008072704076766968,0.6668601892888546,0.7450953722000122,0.8062577,0.8062577,1.5564175,0.0,0.09831641
542,54.19,4.559755325317383e-05,0.4078696286951422,1,0,0,0,0,0,0.037860531359910965,1.4471265785687137e-05,0.017313584685325623,0.17313584685325623,0.8233868777751923,0.8966505527496338,0.9757819,0.97578186,1.8445936,0.0,0.20461147
543,54.29,4.565715789794922e-05,0.32391349136377623,1,0,0,0,0,0,0.03864538297057152,2.664694875420537e-05,0.00784851610660553,0.0784851610660553,0.8386393338441849,0.89162278175354,0.77519125,0.77519125,1.453161,0.0,0.19483864
544,54.39,4.559755325317383e-05,0.2544232362933516,1,0,0,0,0,0,0.038659948855638504,3.8178615795914084e-05,0.00014565885066986084,0.0014565885066986084,0.8699592649936676,0.8819770216941833,0.5054062,0.5054062,0.9233288,0.0,0.1769578
545,54.49,4.547834396362305e-05,0.20415284069880213,1,0,0,0,0,0,0.03739558905363083,4.5672848500544205e-05,-0.012643598020076752,-0.12643598020076752,0.8803183138370514,0.9564480781555176,0.2752756,0.2752756,0.49461454,0.0,0.2952635
546,54.59,4.547834396362305e-05,0.15965717458894035,1,0,0,0,0,0,0.0365043543279171,3.47426685038954e-05,-0.008912347257137299,-0.08912347257137299,0.8395793633535504,1.0337358713150024,0.17536241,0.17536241,0.31177634,0.0,0.24789798
547,54.69,4.51207160949707e-05,0.11022529250831548,1,0,0,0,0,0,0.03641638532280922,2.4361776013392955e-05,-0.0008796900510787964,-0.008796900510787964,0.9631624929606915,1.293107509613037,0.04287286,0.04287286,0.075491995,0.0,0.27395087
548,54.79,4.500150680541992e-05,0.0670193717812756,1,0,0,0,0,0,0.036219071596860886,-3.0126711862976663e-06,-0.0019731372594833374,-0.019731372594833374,1.0802145227789879,1.5,0.034874324,0.034874324,0.068084046,0.0,0.30190864
549,54.89,4.488229751586914e-05,0.0802924334978764,1,0,0,0,0,0,0.03613770753145218,-8.68572806211887e-06,-0.0008136406540870667,-0.008136406540870667,1.1354732662439346,1.5,0.0429251,0.0429251,0.08559503,0.0,0.3830295
550,54.99,4.470348358154297e-05,0.15321810559932447,1,0,0,0,0,0,0.036763470619916916,-4.892601282335818e-06,0.006257630884647369,0.0625763088464737,1.158652126789093,1.5,0.053114206,0.053114206,0.106218874,0.0,0.30128592
551,55.09,4.45246696472168e-05,0.25409708924318863,1,0,0,0,0,0,0.03893586993217468,2.0075358406757005e-05,0.021723993122577667,0.21723993122577667,1.1291897594928741,1.5,0.090338655,0.0903387,0.18052757,0.0,0.22970778
552,55.19,4.45246696472168e-05,0.3642236097545206,1,0,0,0,0,0,0.03741232305765152,3.8431870052590966e-05,-0.015235468745231628,-0.15235468745231628,1.0618917793035507,1.5,0.15015237,0.15015237,0.29987764,0.0,0.2267653
553,55.29,4.4345855712890625e-05,0.4752431228720819,0,1,0,0,0,0,0.036929063498973846,4.2046263843076304e-05,-0.004832595586776733,-0.048325955867767334,0.961650624871254,1.5,0.20133242,0.20133244,0.40099013,0.0,0.33424136
554,55.39,4.4405460357666016e-05,0.5837872036832259,0,1,0,0,0,0,0.036505427211523056,2.5899975298671052e-05,-0.004236362874507904,-0.04236362874507904,0.8974376916885376,1.5,0.16911024,0.16911024,0.32103866,0.0,0.48958483
555,55.49,4.410743713378906e-05,0.6893660542496529,0,1,0,0,0,0,0.03626953065395355,-7.0660644269082695e-06,-0.002358965575695038,-0.02358965575695038,0.9554306343197823,1.5,0.22133163,0.22133164,0.4324381,0.0,0.37523383
556,55.59,4.398822784423828e-05,0.7444738630684795,0,1,0,0,0,0,0.036183912307024,-1.4490190551441628e-05,-0.0008561834692955017,-0.008561834692955017,0.9891938120126724,0.627364456653595,0.23131068,0.23131059,0.45524687,0.0,0.26800558
557,55.69,4.357099533081055e-05,0.7005667046226729,0,1,0,0,0,0,0.037362292408943176,-1.3715064142161282e-06,0.011783801019191742,0.11783801019191742,0.9160658940672874,0.48540276288986206,0.29032525,0.29032522,0.5595295,0.0,0.20135736
558,55.79,4.363059997558594e-05,0.6635450332033457,0,1,0,0,0,0,0.038628555834293365,1.1721377632056829e-05,0.012662634253501892,0.12662634253501892,0.873187966644764,0.33154135942459106,0.32290465,0.32290465,0.6338705,0.0,0.100541785
559,55.89,4.380941390991211e-05,0.6324155111298497,0,1,0,0,0,0,0.03866654634475708,1.389105000271229e-05,0.000379905104637146,0.00379905104637146,0.9090645238757133,0.3477766811847687,0.35418913,0.35418916,0.6966423,0.0,0.18809485
560,55.99,4.3451786041259766e-05,0.6020389787347864,0,1,0,0,0,0,0.03694638982415199,2.3548405806650408e-05,-0.017201565206050873,-0.17201565206050873,0.9072030037641525,0.33302146196365356,0.35417578,0.35417578,0.69805205,0.0,0.19486581
561,56.09,4.3451786041259766e-05,0.5745939720933724,0,1,0,0,0,0,0.03650258481502533,1.4299120266514365e-05,-0.004438050091266632,-0.04438050091266632,0.8783155009150505,0.3271231949329376,0.29016662,0.29016674,0.57390916,0.0,0.22539435
562,56.19,4.32133674621582e-05,0.5526815718572768,0,1,0,0,0,0,0.03627263382077217,-1.729454379528761e-05,-0.0022995099425315857,-0.022995099425315857,0.8411061260849237,0.293926864862442,0.21370766,0.21370766,0.42433918,0.0,0.34516057
563,56.29,4.309415817260742e-05,0.5349854719116676,0,1,0,0,0,0,0.03622407838702202,-1.683417212916538e-05,-0.0004855543375015259,-0.004855543375015259,0.84425088763237,0.19197480380535126,0.18642543,0.18642543,0.37239078,0.0,0.31269923
564,56.39,4.279613494873047e-05,0.5210180808900968,0,1,0,0,0,0,0.03611433133482933,-3.317815571790561e-05,-0.0010974705219268799,-0.010974705219268799,0.7887506932020187,0.12556321918964386,0.17973967,0.17973967,0.35428563,0.0,0.18464941
565,56.49,4.267692565917969e-05,0.5110796427127808,0,1,0,0,0,0,0.03672964125871658,-2.482399759173859e-05,0.006153099238872528,0.06153099238872528,0.8024957776069641,0.09971438348293304,0.18290785,0.18290785,0.35572416,0.0,0.26598343
566,56.59,4.273653030395508e-05,0.5018614416594762,0,1,0,0,0,0,0.03895571455359459,9.993588719225954e-06,0.02226073294878006,0.2226073294878006,0.8239252530038357,0.1682131141424179,0.20008974,0.20008972,0.39485583,0.0,0.3078039
567,56.69,4.26173210144043e-05,0.49524389871642205,0,1,0,0,0,0,0.03730371594429016,9.154561666946393e-06,-0.01651998609304428,-0.1651998609304428,0.8102803975343704,0.17296858131885529,0.13507746,0.13507749,0.25178242,0.0,0.28288043
568,56.79,4.2557716369628906e-05,0.49551702717711965,0,1,0,0,0,0,0.036621857434511185,1.167604023066815e-05,-0.006818585097789764,-0.06818585097789764,0.5208691013976932,0.04850117489695549,0.104320556,0.104320556,0.16010813,0.0,0.18470466
569,56.89,4.2438507080078125e-05,0.5032350314867868,0,1,0,0,0,0,0.036498233675956726,-1.0246422732507199e-07,-0.0012362375855445862,-0.012362375855445862,0.639377910643816,0.14872139692306519,0.07704762,0.07704762,0.14828825,0.0,0.15211454
570,56.99,4.202127456665039e-05,0.516264074612053,0,1,0,0,0,0,0.036141011863946915,-3.608882980188355e-05,-0.003572218120098114,-0.03572218120098114,0.7295797318220139,0.2243664264678955,0.058075473,0.058075473,0.11161449,0.0,0.26258457
571,57.09,4.1961669921875e-05,0.5290528781622801,0,1,0,0,0,0,0.03830122575163841,-1.0825152457982767e-05,0.021602138876914978,0.21602138876914978,0.7740334514528513,0.10915104299783707,0.044919793,0.044919793,0.089575976,0.0,0.3437529
572,57.19,4.1961669921875e-05,0.5338471327603211,0,1,0,0,0,0,0.039181455969810486,2.8486635983426822e-06,0.008802302181720734,0.08802302181720734,0.7673141863197088,0.08588256686925888,0.08085377,0.08085377,0.14658117,0.0,0.22411315
573,57.29,4.172325134277344e-05,0.5342738646329603,0,1,0,0,0,0,0.038654524832963943,5.162118213775102e-06,-0.005269311368465424,-0.052693113684654236,0.778250016272068,0.12391070276498795,0.10290058,0.10290058,0.18479428,0.0,0.26650813
574,57.39,4.184246063232422e-05,0.5333970881051513,0,1,0,0,0,0,0.03662332892417908,9.311194730798888e-07,-0.020311959087848663,-0.20311959087848663,0.763413580134511,0.07250826060771942,0.111449204,0.111449204,0.1825317,0.0,0.166162
