scenario_group,method_path,method_label,experiment,raw_experiment,config,run_id,source_file,scenario_harmonized,time_sec,time_not_moving
doors_hallway,mcts,mcts,doors_hallway,doors_hallway,,0,metrics_steps_mcts_doors_hallway_doors_hallway_0.csv,True,0.0,0
doors_hallway,mcts,mcts,doors_hallway,doors_hallway,,0,metrics_steps_mcts_doors_hallway_doors_hallway_0.csv,True,0.1,0
doors_hallway,mcts,mcts,doors_hallway,doors_hallway,,0,metrics_steps_mcts_doors_hallway_doors_hallway_0.csv,True,0.2,0
doors_hallway,mcts,mcts,doors_hallway,doors_hallway,,0,metrics_steps_mcts_doors_hallway_doors_hallway_0.csv,True,0.3,0
doors_hallway,mcts,mcts,doors_hallway,doors_hallway,,0,metrics_steps_mcts_doors_hallway_doors_hallway_0.csv,True,0.4,0
doors_hallway,mcts,mcts,doors_hallway,doors_hallway,,0,metrics_steps_mcts_doors_hallway_doors_hallway_0.csv,True,0.5,0
doors_hallway,mcts,mcts,doors_hallway,doors_hallway,,0,metrics_steps_mcts_doors_hallway_doors_hallway_0.csv,True,0.6,0
doors_hallway,mcts,mcts,doors_hallway,doors_hallway,,0,metrics_steps_mcts_doors_hallway_doors_hallway_0.csv,True,0.7,0
doors_hallway,mcts,mcts,doors_hallway,doors_hallway,,0,metrics_steps_mcts_doors_hallway_doors_hallway_0.csv,True,0.8,0
doors_hallway,mcts,mcts,doors_hallway,doors_hallway,,0,metrics_steps_mcts_doors_hallway_doors_hallway_0.csv,True,0.9,0
doors_hallway,mcts,mcts,doors_hallway,doors_hallway,,0,metrics_steps_mcts_doors_hallway_doors_hallway_0.csv,True,1.0,0
doors_hallway,mcts,mcts,doors_hallway,doors_hallway,,0,metrics_steps_mcts_doors_hallway_doors_hallway_0.csv,True,1.1,0
doors_hallway,mcts,mcts,doors_hallway,doors_hallway,,0,metrics_steps_mcts_doors_hallway_doors_hallway_0.csv,True,1.2,0
doors_hallway,mcts,mcts,doors_hallway,doors_hallway,,0,metrics_steps_mcts_doors_hallway_doors_hallway_0.csv,True,1.3,0
doors_hallway,mcts,mcts,doors_hallway,doors_hallway,,0,metrics_steps_mcts_doors_hallway_doors_hallway_0.csv,True,1.4,0
doors_hallway,mcts,mcts,doors_hallway,doors_hallway,,0,metrics_steps_mcts_doors_hallway_doors_hallway_0.csv,True,1.5,0
doors_hallway,mcts,mcts,doors_hallway,doors_hallway,,0,metrics_steps_mcts_doors_hallway_doors_hallway_0.csv,True,1.6,0
doors_hallway,mcts,mcts,doors_hallway,doors_hallway,,0,metrics_steps_mcts_doors_hallway_doors_hallway_0.csv,True,1.7,0
doors_hallway,mcts,mcts,doors_hallway,doors_hallway,,0,metrics_steps_mcts_doors_hallway_doors_hallway_0.csv,True,1.8,0
doors_hallway,mcts,mcts,doors_hallway,doors_hallway,,0,metrics_steps_mcts_doors_hallway_doors_hallway_0.csv,True,1.9,0
doors_hallway,mcts,mcts,doors_hallway,doors_hallway,,0,metrics_steps_mcts_doors_hallway_doors_hallway_0.csv,True,2.0,0
doors_hallway,mcts,mcts,doors_hallway,doors_hallway,,0,metrics_steps_mcts_doors_hallway_doors_hallway_0.csv,True,2.1,0
doors_hallway,mcts,mcts,doors_hallway,doors_hallway,,0,metrics_steps_mcts_doors_hallway_doors_hallway_0.csv,True,2.2,0
doors_hallway,mcts,mcts,doors_hallway,doors_hallway,,0,metrics_steps_mcts_doors_hallway_doors_hallway_0.csv,True,2.3,0
doors_hallway,mcts,mcts,doors_hallway,doors_hallway,,0,metrics_steps_mcts_doors_hallway_doors_hallway_0.csv,True,2.4,0
doors_hallway,mcts,mcts,doors_hallway,doors_hallway,,0,metrics_steps_mcts_doors_hallway_doors_hallway_0.csv,True,2.5,0
doors_hallway,mcts,mcts,doors_hallway,doors_hallway,,0,metrics_steps_mcts_doors_hallway_doors_hallway_0.csv,True,2.6,0
doors_hallway,mcts,mcts,doors_hallway,doors_hallway,,0,metrics_steps_mcts_doors_hallway_doors_hallway_0.csv,True,2.7,0
doors_hallway,mcts,mcts,doors_hallway,doors_hallway,,0,metrics_steps_mcts_doors_hallway_doors_hallway_0.csv,True,2.8,0
doors_hallway,mcts,mcts,doors_hallway,doors_hallway,,0,metrics_steps_mcts_doors_hallway_doors_hallway_0.csv,True,2.9,0
doors_hallway,mcts,mcts,doors_hallway,doors_hallway,,0,metrics_steps_mcts_doors_hallway_doors_hallway_0.csv,True,3.0,0
doors_hallway,mcts,mcts,doors_hallway,doors_hallway,,0,metrics_steps_mcts_doors_hallway_doors_hallway_0.csv,True,3.1,0
doors_hallway,mcts,mcts,doors_hallway,doors_hallway,,0,metrics_steps_mcts_doors_hallway_doors_hallway_0.csv,True,3.2,0
doors_hallway,mcts,mcts,doors_hallway,doors_hallway,,0,metrics_steps_mcts_doors_hallway_doors_hallway_0.csv,True,3.3,0
doors_hallway,mcts,mcts,doors_hallway,doors_hallway,,0,metrics_steps_mcts_doors_hallway_doors_hallway_0.csv,True,3.4,0
doors_hallway,mcts,mcts,doors_hallway,doors_hallway,,0,metrics_steps_mcts_doors_hallway_doors_hallway_0.csv,True,3.5,0
doors_hallway,mcts,mcts,doors_hallway,doors_hallway,,0,metrics_steps_mcts_doors_hallway_doors_hallway_0.csv,True,3.6,0
doors_hallway,mcts,mcts,doors_hallway,doors_hallway,,0,metrics_steps_mcts_doors_hallway_doors_hallway_0.csv,True,3.7,0
doors_hallway,mcts,mcts,doors_hallway,doors_hallway,,0,metrics_steps_mcts_doors_hallway_doors_hallway_0.csv,True,3.8,0
doors_hallway,mcts,mcts,doors_hallway,doors_hallway,,0,metrics_steps_mcts_doors_hallway_doors_hallway_0.csv,True,3.9,0
doors_hallway,mcts,mcts,doors_hallway,doors_hallway,,0,metrics_steps_mcts_doors_hallway_doors_hallway_0.csv,True,4.0,0
doors_hallway,mcts,mcts,doors_hallway,doors_hallway,,0,metrics_steps_mcts_doors_hallway_doors_hallway_0.csv,True,4.1,0
doors_hallway,mcts,mcts,doors_hallway,doors_hallway,,0,metrics_steps_mcts_doors_hallway_doors_hallway_0.csv,True,4.2,0
doors_hallway,mcts,mcts,doors_hallway,doors_hallway,,0,metrics_steps_mcts_doors_hallway_doors_hallway_0.csv,True,4.3,0
doors_hallway,mcts,mcts,doors_hallway,doors_hallway,,0,metrics_steps_mcts_doors_hallway_doors_hallway_0.csv,True,4.4,0
doors_hallway,mcts,mcts,doors_hallway,doors_hallway,,0,metrics_steps_mcts_doors_hallway_doors_hallway_0.csv,True,4.5,0
doors_hallway,mcts,mcts,doors_hallway,doors_hallway,,0,metrics_steps_mcts_doors_hallway_doors_hallway_0.csv,True,4.6,0
doors_hallway,mcts,mcts,doors_hallway,doors_hallway,,0,metrics_steps_mcts_doors_hallway_doors_hallway_0.csv,True,4.7,0
doors_hallway,mcts,mcts,doors_hallway,doors_hallway,,0,metrics_steps_mcts_doors_hallway_doors_hallway_0.csv,True,4.8,0
doors_hallway,mcts,mcts,doors_hallway,doors_hallway,,0,metrics_steps_mcts_doors_hallway_doors_hallway_0.csv,True,4.9,0
doors_hallway,mcts,mcts,doors_hallway,doors_hallway,,0,metrics_steps_mcts_doors_hallway_doors_hallway_0.csv,True,5.0,0
doors_hallway,mcts,mcts,doors_hallway,doors_hallway,,0,metrics_steps_mcts_doors_hallway_doors_hallway_0.csv,True,5.1,0
doors_hallway,mcts,mcts,doors_hallway,doors_hallway,,0,metrics_steps_mcts_doors_hallway_doors_hallway_0.csv,True,5.2,0
doors_hallway,mcts,mcts,doors_hallway,doors_hallway,,0,metrics_steps_mcts_doors_hallway_doors_hallway_0.csv,True,5.3,0
doors_hallway,mcts,mcts,doors_hallway,doors_hallway,,0,metrics_steps_mcts_doors_hallway_doors_hallway_0.csv,True,5.4,0
doors_hallway,mcts,mcts,doors_hallway,doors_hallway,,0,metrics_steps_mcts_doors_hallway_doors_hallway_0.csv,True,5.5,0
doors_hallway,mcts,mcts,doors_hallway,doors_hallway,,0,metrics_steps_mcts_doors_hallway_doors_hallway_0.csv,True,5.6,0
doors_hallway,mcts,mcts,doors_hallway,doors_hallway,,0,metrics_steps_mcts_doors_hallway_doors_hallway_0.csv,True,5.7,0
doors_hallway,mcts,mcts,doors_hallway,doors_hallway,,0,metrics_steps_mcts_doors_hallway_doors_hallway_0.csv,True,5.8,0
doors_hallway,mcts,mcts,doors_hallway,doors_hallway,,0,metrics_steps_mcts_doors_hallway_doors_hallway_0.csv,True,5.9,0
doors_hallway,mcts,mcts,doors_hallway,doors_hallway,,0,metrics_steps_mcts_doors_hallway_doors_hallway_0.csv,True,6.0,0
doors_hallway,mcts,mcts,doors_hallway,doors_hallway,,0,metrics_steps_mcts_doors_hallway_doors_hallway_0.csv,True,6.1,0
doors_hallway,mcts,mcts,doors_hallway,doors_hallway,,0,metrics_steps_mcts_doors_hallway_doors_hallway_0.csv,True,6.2,0
doors_hallway,mcts,mcts,doors_hallway,doors_hallway,,0,metrics_steps_mcts_doors_hallway_doors_hallway_0.csv,True,6.3,0
doors_hallway,mcts,mcts,doors_hallway,doors_hallway,,0,metrics_steps_mcts_doors_hallway_doors_hallway_0.csv,True,6.4,0
doors_hallway,mcts,mcts,doors_hallway,doors_hallway,,0,metrics_steps_mcts_doors_hallway_doors_hallway_0.csv,True,6.5,0
doors_hallway,mcts,mcts,doors_hallway,doors_hallway,,0,metrics_steps_mcts_doors_hallway_doors_hallway_0.csv,True,6.6,0
doors_hallway,mcts,mcts,doors_hallway,doors_hallway,,0,metrics_steps_mcts_doors_hallway_doors_hallway_0.csv,True,6.7,0
doors_hallway,mcts,mcts,doors_hallway,doors_hallway,,0,metrics_steps_mcts_doors_hallway_doors_hallway_0.csv,True,6.8,0
doors_hallway,mcts,mcts,doors_hallway,doors_hallway,,0,metrics_steps_mcts_doors_hallway_doors_hallway_0.csv,True,6.9,0
doors_hallway,mcts,mcts,doors_hallway,doors_hallway,,0,metrics_steps_mcts_doors_hallway_doors_hallway_0.csv,True,7.0,0
doors_hallway,mcts,mcts,doors_hallway,doors_hallway,,0,metrics_steps_mcts_doors_hallway_doors_hallway_0.csv,True,7.1,0
doors_hallway,mcts,mcts,doors_hallway,doors_hallway,,0,metrics_steps_mcts_doors_hallway_doors_hallway_0.csv,True,7.2,0
doors_hallway,mcts,mcts,doors_hallway,doors_hallway,,0,metrics_steps_mcts_doors_hallway_doors_hallway_0.csv,True,7.3,0
doors_hallway,mcts,mcts,doors_hallway,doors_hallway,,0,metrics_steps_mcts_doors_hallway_doors_hallway_0.csv,True,7.4,0
doors_hallway,mcts,mcts,doors_hallway,doors_hallway,,0,metrics_steps_mcts_doors_hallway_doors_hallway_0.csv,True,7.5,0
doors_hallway,mcts,mcts,doors_hallway,doors_hallway,,0,metrics_steps_mcts_doors_hallway_doors_hallway_0.csv,True,7.6,0
doors_hallway,mcts,mcts,doors_hallway,doors_hallway,,0,metrics_steps_mcts_doors_hallway_doors_hallway_0.csv,True,7.7,0
doors_hallway,mcts,mcts,doors_hallway,doors_hallway,,0,metrics_steps_mcts_doors_hallway_doors_hallway_0.csv,True,7.8,0
doors_hallway,mcts,mcts,doors_hallway,doors_hallway,,0,metrics_steps_mcts_doors_hallway_doors_hallway_0.csv,True,7.9,0
doors_hallway,mcts,mcts,doors_hallway,doors_hallway,,0,metrics_steps_mcts_doors_hallway_doors_hallway_0.csv,True,8.0,0
doors_hallway,mcts,mcts,doors_hallway,doors_hallway,,0,metrics_steps_mcts_doors_hallway_doors_hallway_0.csv,True,8.1,0
doors_hallway,mcts,mcts,doors_hallway,doors_hallway,,0,metrics_steps_mcts_doors_hallway_doors_hallway_0.csv,True,8.2,0
doors_hallway,mcts,mcts,doors_hallway,doors_hallway,,0,metrics_steps_mcts_doors_hallway_doors_hallway_0.csv,True,8.3,0
doors_hallway,mcts,mcts,doors_hallway,doors_hallway,,0,metrics_steps_mcts_doors_hallway_doors_hallway_0.csv,True,8.4,0
doors_hallway,mcts,mcts,doors_hallway,doors_hallway,,0,metrics_steps_mcts_doors_hallway_doors_hallway_0.csv,True,8.5,0
doors_hallway,mcts,mcts,doors_hallway,doors_hallway,,0,metrics_steps_mcts_doors_hallway_doors_hallway_0.csv,True,8.6,0
doors_hallway,mcts,mcts,doors_hallway,doors_hallway,,0,metrics_steps_mcts_doors_hallway_doors_hallway_0.csv,True,8.7,0
doors_hallway,mcts,mcts,doors_hallway,doors_hallway,,0,metrics_steps_mcts_doors_hallway_doors_hallway_0.csv,True,8.8,0
doors_hallway,mcts,mcts,doors_hallway,doors_hallway,,0,metrics_steps_mcts_doors_hallway_doors_hallway_0.csv,True,8.9,0
doors_hallway,mcts,mcts,doors_hallway,doors_hallway,,0,metrics_steps_mcts_doors_hallway_doors_hallway_0.csv,True,9.0,0
doors_hallway,mcts,mcts,doors_hallway,doors_hallway,,0,metrics_steps_mcts_doors_hallway_doors_hallway_0.csv,True,9.1,0
doors_hallway,mcts,mcts,doors_hallway,doors_hallway,,0,metrics_steps_mcts_doors_hallway_doors_hallway_0.csv,True,9.2,0
doors_hallway,mcts,mcts,doors_hallway,doors_hallway,,0,metrics_steps_mcts_doors_hallway_doors_hallway_0.csv,True,9.3,0
doors_hallway,mcts,mcts,doors_hallway,doors_hallway,,0,metrics_steps_mcts_doors_hallway_doors_hallway_0.csv,True,9.4,0
doors_hallway,mcts,mcts,doors_hallway,doors_hallway,,0,metrics_steps_mcts_doors_hallway_doors_hallway_0.csv,True,9.5,0
doors_hallway,mcts,mcts,doors_hallway,doors_hallway,,0,metrics_steps_mcts_doors_hallway_doors_hallway_0.csv,True,9.6,0
doors_hallway,mcts,mcts,doors_hallway,doors_hallway,,0,metrics_steps_mcts_doors_hallway_doors_hallway_0.csv,True,9.7,0
doors_hallway,mcts,mcts,doors_hallway,doors_hallway,,0,metrics_steps_mcts_doors_hallway_doors_hallway_0.csv,True,9.8,0
doors_hallway,mcts,mcts,doors_hallway,doors_hallway,,0,metrics_steps_mcts_doors_hallway_doors_hallway_0.csv,True,9.9,0
doors_hallway,mcts,mcts,doors_hallway,doors_hallway,,0,metrics_steps_mcts_doors_hallway_doors_hallway_0.csv,True,10.0,0
doors_hallway,mcts,mcts,doors_hallway,doors_hallway,,0,metrics_steps_mcts_doors_hallway_doors_hallway_0.csv,True,10.1,0
doors_hallway,mcts,mcts,doors_hallway,doors_hallway,,0,metrics_steps_mcts_doors_hallway_doors_hallway_0.csv,True,10.2,0
doors_hallway,mcts,mcts,doors_hallway,doors_hallway,,0,metrics_steps_mcts_doors_hallway_doors_hallway_0.csv,True,10.3,0
doors_hallway,mcts,mcts,doors_hallway,doors_hallway,,0,metrics_steps_mcts_doors_hallway_doors_hallway_0.csv,True,10.4,0
doors_hallway,mcts,mcts,doors_hallway,doors_hallway,,0,metrics_steps_mcts_doors_hallway_doors_hallway_0.csv,True,10.5,0
doors_hallway,mcts,mcts,doors_hallway,doors_hallway,,0,metrics_steps_mcts_doors_hallway_doors_hallway_0.csv,True,10.6,0
doors_hallway,mcts,mcts,doors_hallway,doors_hallway,,0,metrics_steps_mcts_doors_hallway_doors_hallway_0.csv,True,10.7,0
doors_hallway,mcts,mcts,doors_hallway,doors_hallway,,0,metrics_steps_mcts_doors_hallway_doors_hallway_0.csv,True,10.8,0
doors_hallway,mcts,mcts,doors_hallway,doors_hallway,,0,metrics_steps_mcts_doors_hallway_doors_hallway_0.csv,True,10.9,0
doors_hallway,mcts,mcts,doors_hallway,doors_hallway,,0,metrics_steps_mcts_doors_hallway_doors_hallway_0.csv,True,11.0,0
doors_hallway,mcts,mcts,doors_hallway,doors_hallway,,0,metrics_steps_mcts_doors_hallway_doors_hallway_0.csv,True,11.1,0
doors_hallway,mcts,mcts,doors_hallway,doors_hallway,,0,metrics_steps_mcts_doors_hallway_doors_hallway_0.csv,True,11.2,0
doors_hallway,mcts,mcts,doors_hallway,doors_hallway,,0,metrics_steps_mcts_doors_hallway_doors_hallway_0.csv,True,11.3,0
doors_hallway,mcts,mcts,doors_hallway,doors_hallway,,0,metrics_steps_mcts_doors_hallway_doors_hallway_0.csv,True,11.4,0
doors_hallway,mcts,mcts,doors_hallway,doors_hallway,,0,metrics_steps_mcts_doors_hallway_doors_hallway_0.csv,True,11.5,0
doors_hallway,mcts,mcts,doors_hallway,doors_hallway,,0,metrics_steps_mcts_doors_hallway_doors_hallway_0.csv,True,11.6,0
doors_hallway,mcts,mcts,doors_hallway,doors_hallway,,0,metrics_steps_mcts_doors_hallway_doors_hallway_0.csv,True,11.7,0
doors_hallway,mcts,mcts,doors_hallway,doors_hallway,,0,metrics_steps_mcts_doors_hallway_doors_hallway_0.csv,True,11.8,0
doors_hallway,mcts,mcts,doors_hallway,doors_hallway,,0,metrics_steps_mcts_doors_hallway_doors_hallway_0.csv,True,11.9,0
doors_hallway,mcts,mcts,doors_hallway,doors_hallway,,0,metrics_steps_mcts_doors_hallway_doors_hallway_0.csv,True,12.0,0
doors_hallway,mcts,mcts,doors_hallway,doors_hallway,,0,metrics_steps_mcts_doors_hallway_doors_hallway_0.csv,True,12.1,0
doors_hallway,mcts,mcts,doors_hallway,doors_hallway,,0,metrics_steps_mcts_doors_hallway_doors_hallway_0.csv,True,12.2,0
doors_hallway,mcts,mcts,doors_hallway,doors_hallway,,0,metrics_steps_mcts_doors_hallway_doors_hallway_0.csv,True,12.3,0
doors_hallway,mcts,mcts,doors_hallway,doors_hallway,,0,metrics_steps_mcts_doors_hallway_doors_hallway_0.csv,True,12.4,0
doors_hallway,mcts,mcts,doors_hallway,doors_hallway,,0,metrics_steps_mcts_doors_hallway_doors_hallway_0.csv,True,12.5,0
doors_hallway,mcts,mcts,doors_hallway,doors_hallway,,0,metrics_steps_mcts_doors_hallway_doors_hallway_0.csv,True,12.6,0
doors_hallway,mcts,mcts,doors_hallway,doors_hallway,,0,metrics_steps_mcts_doors_hallway_doors_hallway_0.csv,True,12.7,0
doors_hallway,mcts,mcts,doors_hallway,doors_hallway,,0,metrics_steps_mcts_doors_hallway_doors_hallway_0.csv,True,12.8,0
doors_hallway,mcts,mcts,doors_hallway,doors_hallway,,0,metrics_steps_mcts_doors_hallway_doors_hallway_0.csv,True,12.9,0
doors_hallway,mcts,mcts,doors_hallway,doors_hallway,,0,metrics_steps_mcts_doors_hallway_doors_hallway_0.csv,True,13.0,0
doors_hallway,mcts,mcts,doors_hallway,doors_hallway,,0,metrics_steps_mcts_doors_hallway_doors_hallway_0.csv,True,13.1,0
doors_hallway,mcts,mcts,doors_hallway,doors_hallway,,0,metrics_steps_mcts_doors_hallway_doors_hallway_0.csv,True,13.2,0
doors_hallway,mcts,mcts,doors_hallway,doors_hallway,,0,metrics_steps_mcts_doors_hallway_doors_hallway_0.csv,True,13.3,0
doors_hallway,mcts,mcts,doors_hallway,doors_hallway,,0,metrics_steps_mcts_doors_hallway_doors_hallway_0.csv,True,13.4,0
doors_hallway,mcts,mcts,doors_hallway,doors_hallway,,0,metrics_steps_mcts_doors_hallway_doors_hallway_0.csv,True,13.5,0
doors_hallway,mcts,mcts,doors_hallway,doors_hallway,,0,metrics_steps_mcts_doors_hallway_doors_hallway_0.csv,True,13.6,0
doors_hallway,mcts,mcts,doors_hallway,doors_hallway,,0,metrics_steps_mcts_doors_hallway_doors_hallway_0.csv,True,13.7,0
doors_hallway,mcts,mcts,doors_hallway,doors_hallway,,0,metrics_steps_mcts_doors_hallway_doors_hallway_0.csv,True,13.8,0
doors_hallway,mcts,mcts,doors_hallway,doors_hallway,,0,metrics_steps_mcts_doors_hallway_doors_hallway_0.csv,True,13.9,0
doors_hallway,mcts,mcts,doors_hallway,doors_hallway,,0,metrics_steps_mcts_doors_hallway_doors_hallway_0.csv,True,14.0,0
doors_hallway,mcts,mcts,doors_hallway,doors_hallway,,0,metrics_steps_mcts_doors_hallway_doors_hallway_0.csv,True,14.1,0
doors_hallway,mcts,mcts,doors_hallway,doors_hallway,,0,metrics_steps_mcts_doors_hallway_doors_hallway_0.csv,True,14.2,0
doors_hallway,mcts,mcts,doors_hallway,doors_hallway,,0,metrics_steps_mcts_doors_hallway_doors_hallway_0.csv,True,14.3,0
doors_hallway,mcts,mcts,doors_hallway,doors_hallway,,0,metrics_steps_mcts_doors_hallway_doors_hallway_0.csv,True,14.4,0
doors_hallway,mcts,mcts,doors_hallway,doors_hallway,,0,metrics_steps_mcts_doors_hallway_doors_hallway_0.csv,True,14.5,0
doors_hallway,mcts,mcts,doors_hallway,doors_hallway,,0,metrics_steps_mcts_doors_hallway_doors_hallway_0.csv,True,14.6,0
doors_hallway,mcts,mcts,doors_hallway,doors_hallway,,0,metrics_steps_mcts_doors_hallway_doors_hallway_0.csv,True,14.7,0
doors_hallway,mcts,mcts,doors_hallway,doors_hallway,,0,metrics_steps_mcts_doors_hallway_doors_hallway_0.csv,True,14.8,0
doors_hallway,mcts,mcts,doors_hallway,doors_hallway,,0,metrics_steps_mcts_doors_hallway_doors_hallway_0.csv,True,14.9,0
doors_hallway,mcts,mcts,doors_hallway,doors_hallway,,0,metrics_steps_mcts_doors_hallway_doors_hallway_0.csv,True,15.0,0
doors_hallway,mcts,mcts,doors_hallway,doors_hallway,,0,metrics_steps_mcts_doors_hallway_doors_hallway_0.csv,True,15.1,0
doors_hallway,mcts,mcts,doors_hallway,doors_hallway,,0,metrics_steps_mcts_doors_hallway_doors_hallway_0.csv,True,15.2,0
doors_hallway,mcts,mcts,doors_hallway,doors_hallway,,0,metrics_steps_mcts_doors_hallway_doors_hallway_0.csv,True,15.3,0
doors_hallway,mcts,mcts,doors_hallway,doors_hallway,,0,metrics_steps_mcts_doors_hallway_doors_hallway_0.csv,True,15.4,0
doors_hallway,mcts,mcts,doors_hallway,doors_hallway,,0,metrics_steps_mcts_doors_hallway_doors_hallway_0.csv,True,15.5,0
doors_hallway,mcts,mcts,doors_hallway,doors_hallway,,0,metrics_steps_mcts_doors_hallway_doors_hallway_0.csv,True,15.6,0
doors_hallway,mcts,mcts,doors_hallway,doors_hallway,,0,metrics_steps_mcts_doors_hallway_doors_hallway_0.csv,True,15.7,0
doors_hallway,mcts,mcts,doors_hallway,doors_hallway,,0,metrics_steps_mcts_doors_hallway_doors_hallway_0.csv,True,15.8,0
doors_hallway,mcts,mcts,doors_hallway,doors_hallway,,0,metrics_steps_mcts_doors_hallway_doors_hallway_0.csv,True,15.9,0
doors_hallway,mcts,mcts,doors_hallway,doors_hallway,,0,metrics_steps_mcts_doors_hallway_doors_hallway_0.csv,True,16.0,0
doors_hallway,mcts,mcts,doors_hallway,doors_hallway,,0,metrics_steps_mcts_doors_hallway_doors_hallway_0.csv,True,16.1,0
doors_hallway,mcts,mcts,doors_hallway,doors_hallway,,0,metrics_steps_mcts_doors_hallway_doors_hallway_0.csv,True,16.2,0
doors_hallway,mcts,mcts,doors_hallway,doors_hallway,,0,metrics_steps_mcts_doors_hallway_doors_hallway_0.csv,True,16.3,0
doors_hallway,mcts,mcts,doors_hallway,doors_hallway,,0,metrics_steps_mcts_doors_hallway_doors_hallway_0.csv,True,16.4,0
doors_hallway,mcts,mcts,doors_hallway,doors_hallway,,0,metrics_steps_mcts_doors_hallway_doors_hallway_0.csv,True,16.5,0
doors_hallway,mcts,mcts,doors_hallway,doors_hallway,,0,metrics_steps_mcts_doors_hallway_doors_hallway_0.csv,True,16.6,0
doors_hallway,mcts,mcts,doors_hallway,doors_hallway,,0,metrics_steps_mcts_doors_hallway_doors_hallway_0.csv,True,16.7,0
doors_hallway,mcts,mcts,doors_hallway,doors_hallway,,0,metrics_steps_mcts_doors_hallway_doors_hallway_0.csv,True,16.8,0
doors_hallway,mcts,mcts,doors_hallway,doors_hallway,,0,metrics_steps_mcts_doors_hallway_doors_hallway_0.csv,True,16.9,0
doors_hallway,mcts,mcts,doors_hallway,doors_hallway,,0,metrics_steps_mcts_doors_hallway_doors_hallway_0.csv,True,17.0,0
doors_hallway,mcts,mcts,doors_hallway,doors_hallway,,0,metrics_steps_mcts_doors_hallway_doors_hallway_0.csv,True,17.1,0
doors_hallway,mcts,mcts,doors_hallway,doors_hallway,,0,metrics_steps_mcts_doors_hallway_doors_hallway_0.csv,True,17.2,0
doors_hallway,mcts,mcts,doors_hallway,doors_hallway,,0,metrics_steps_mcts_doors_hallway_doors_hallway_0.csv,True,17.3,0
doors_hallway,mcts,mcts,doors_hallway,doors_hallway,,0,metrics_steps_mcts_doors_hallway_doors_hallway_0.csv,True,17.4,0
doors_hallway,mcts,mcts,doors_hallway,doors_hallway,,0,metrics_steps_mcts_doors_hallway_doors_hallway_0.csv,True,17.5,0
doors_hallway,mcts,mcts,doors_hallway,doors_hallway,,0,metrics_steps_mcts_doors_hallway_doors_hallway_0.csv,True,17.6,0
doors_hallway,mcts,mcts,doors_hallway,doors_hallway,,0,metrics_steps_mcts_doors_hallway_doors_hallway_0.csv,True,17.7,0
doors_hallway,mcts,mcts,doors_hallway,doors_hallway,,0,metrics_steps_mcts_doors_hallway_doors_hallway_0.csv,True,17.8,0
doors_hallway,mcts,mcts,doors_hallway,doors_hallway,,0,metrics_steps_mcts_doors_hallway_doors_hallway_0.csv,True,17.9,0
doors_hallway,mcts,mcts,doors_hallway,doors_hallway,,0,metrics_steps_mcts_doors_hallway_doors_hallway_0.csv,True,18.0,0
doors_hallway,mcts,mcts,doors_hallway,doors_hallway,,0,metrics_steps_mcts_doors_hallway_doors_hallway_0.csv,True,18.1,0
doors_hallway,mcts,mcts,doors_hallway,doors_hallway,,0,metrics_steps_mcts_doors_hallway_doors_hallway_0.csv,True,18.2,0
doors_hallway,mcts,mcts,doors_hallway,doors_hallway,,0,metrics_steps_mcts_doors_hallway_doors_hallway_0.csv,True,18.3,0
doors_hallway,mcts,mcts,doors_hallway,doors_hallway,,0,metrics_steps_mcts_doors_hallway_doors_hallway_0.csv,True,18.4,0
doors_hallway,mcts,mcts,doors_hallway,doors_hallway,,0,metrics_steps_mcts_doors_hallway_doors_hallway_0.csv,True,18.5,0
doors_hallway,mcts,mcts,doors_hallway,doors_hallway,,0,metrics_steps_mcts_doors_hallway_doors_hallway_0.csv,True,18.6,0
doors_hallway,mcts,mcts,doors_hallway,doors_hallway,,0,metrics_steps_mcts_doors_hallway_doors_hallway_0.csv,True,18.7,0
doors_hallway,mcts,mcts,doors_hallway,doors_hallway,,0,metrics_steps_mcts_doors_hallway_doors_hallway_0.csv,True,18.8,0
doors_hallway,mcts,mcts,doors_hallway,doors_hallway,,0,metrics_steps_mcts_doors_hallway_doors_hallway_0.csv,True,18.9,0
doors_hallway,mcts,mcts,doors_hallway,doors_hallway,,0,metrics_steps_mcts_doors_hallway_doors_hallway_0.csv,True,19.0,0
doors_hallway,mcts,mcts,doors_hallway,doors_hallway,,0,metrics_steps_mcts_doors_hallway_doors_hallway_0.csv,True,19.1,0
doors_hallway,mcts,mcts,doors_hallway,doors_hallway,,0,metrics_steps_mcts_doors_hallway_doors_hallway_0.csv,True,19.2,0
doors_hallway,mcts,mcts,doors_hallway,doors_hallway,,0,metrics_steps_mcts_doors_hallway_doors_hallway_0.csv,True,19.3,0
doors_hallway,mcts,mcts,doors_hallway,doors_hallway,,0,metrics_steps_mcts_doors_hallway_doors_hallway_0.csv,True,19.4,0
doors_hallway,mcts,mcts,doors_hallway,doors_hallway,,0,metrics_steps_mcts_doors_hallway_doors_hallway_0.csv,True,19.5,0
doors_hallway,mcts,mcts,doors_hallway,doors_hallway,,0,metrics_steps_mcts_doors_hallway_doors_hallway_0.csv,True,19.6,0
doors_hallway,mcts,mcts,doors_hallway,doors_hallway,,0,metrics_steps_mcts_doors_hallway_doors_hallway_0.csv,True,19.7,0
doors_hallway,mcts,mcts,doors_hallway,doors_hallway,,0,metrics_steps_mcts_doors_hallway_doors_hallway_0.csv,True,19.8,0
doors_hallway,mcts,mcts,doors_hallway,doors_hallway,,0,metrics_steps_mcts_doors_hallway_doors_hallway_0.csv,True,19.9,0
doors_hallway,mcts,mcts,doors_hallway,doors_hallway,,0,metrics_steps_mcts_doors_hallway_doors_hallway_0.csv,True,20.0,0
doors_hallway,mcts,mcts,doors_hallway,doors_hallway,,0,metrics_steps_mcts_doors_hallway_doors_hallway_0.csv,True,20.1,0
doors_hallway,mcts,mcts,doors_hallway,doors_hallway,,0,metrics_steps_mcts_doors_hallway_doors_hallway_0.csv,True,20.2,0
doors_hallway,mcts,mcts,doors_hallway,doors_hallway,,0,metrics_steps_mcts_doors_hallway_doors_hallway_0.csv,True,20.3,0
doors_hallway,mcts,mcts,doors_hallway,doors_hallway,,0,metrics_steps_mcts_doors_hallway_doors_hallway_0.csv,True,20.4,0
doors_hallway,mcts,mcts,doors_hallway,doors_hallway,,0,metrics_steps_mcts_doors_hallway_doors_hallway_0.csv,True,20.5,0
doors_hallway,mcts,mcts,doors_hallway,doors_hallway,,0,metrics_steps_mcts_doors_hallway_doors_hallway_0.csv,True,20.6,0
doors_hallway,mcts,mcts,doors_hallway,doors_hallway,,0,metrics_steps_mcts_doors_hallway_doors_hallway_0.csv,True,20.7,0
doors_hallway,mcts,mcts,doors_hallway,doors_hallway,,0,metrics_steps_mcts_doors_hallway_doors_hallway_0.csv,True,20.8,0
doors_hallway,mcts,mcts,doors_hallway,doors_hallway,,0,metrics_steps_mcts_doors_hallway_doors_hallway_0.csv,True,20.9,0
doors_hallway,mcts,mcts,doors_hallway,doors_hallway,,0,metrics_steps_mcts_doors_hallway_doors_hallway_0.csv,True,21.0,0
doors_hallway,mcts,mcts,doors_hallway,doors_hallway,,0,metrics_steps_mcts_doors_hallway_doors_hallway_0.csv,True,21.1,0
doors_hallway,mcts,mcts,doors_hallway,doors_hallway,,0,metrics_steps_mcts_doors_hallway_doors_hallway_0.csv,True,21.2,0
doors_hallway,mcts,mcts,doors_hallway,doors_hallway,,0,metrics_steps_mcts_doors_hallway_doors_hallway_0.csv,True,21.3,0
doors_hallway,mcts,mcts,doors_hallway,doors_hallway,,0,metrics_steps_mcts_doors_hallway_doors_hallway_0.csv,True,21.4,0
doors_hallway,mcts,mcts,doors_hallway,doors_hallway,,0,metrics_steps_mcts_doors_hallway_doors_hallway_0.csv,True,21.5,0
doors_hallway,mcts,mcts,doors_hallway,doors_hallway,,0,metrics_steps_mcts_doors_hallway_doors_hallway_0.csv,True,21.6,0
doors_hallway,mcts,mcts,doors_hallway,doors_hallway,,0,metrics_steps_mcts_doors_hallway_doors_hallway_0.csv,True,21.7,0
doors_hallway,mcts,mcts,doors_hallway,doors_hallway,,0,metrics_steps_mcts_doors_hallway_doors_hallway_0.csv,True,21.8,0
doors_hallway,mcts,mcts,doors_hallway,doors_hallway,,0,metrics_steps_mcts_doors_hallway_doors_hallway_0.csv,True,21.9,0
doors_hallway,mcts,mcts,doors_hallway,doors_hallway,,0,metrics_steps_mcts_doors_hallway_doors_hallway_0.csv,True,22.0,0
doors_hallway,mcts,mcts,doors_hallway,doors_hallway,,0,metrics_steps_mcts_doors_hallway_doors_hallway_0.csv,True,22.1,0
doors_hallway,mcts,mcts,doors_hallway,doors_hallway,,0,metrics_steps_mcts_doors_hallway_doors_hallway_0.csv,True,22.2,0
doors_hallway,mcts,mcts,doors_hallway,doors_hallway,,0,metrics_steps_mcts_doors_hallway_doors_hallway_0.csv,True,22.3,0
doors_hallway,mcts,mcts,doors_hallway,doors_hallway,,0,metrics_steps_mcts_doors_hallway_doors_hallway_0.csv,True,22.4,0
doors_hallway,mcts,mcts,doors_hallway,doors_hallway,,0,metrics_steps_mcts_doors_hallway_doors_hallway_0.csv,True,22.5,0
doors_hallway,mcts,mcts,doors_hallway,doors_hallway,,0,metrics_steps_mcts_doors_hallway_doors_hallway_0.csv,True,22.6,0
doors_hallway,mcts,mcts,doors_hallway,doors_hallway,,0,metrics_steps_mcts_doors_hallway_doors_hallway_0.csv,True,22.7,0
doors_hallway,mcts,mcts,doors_hallway,doors_hallway,,0,metrics_steps_mcts_doors_hallway_doors_hallway_0.csv,True,22.8,0
doors_hallway,mcts,mcts,doors_hallway,doors_hallway,,0,metrics_steps_mcts_doors_hallway_doors_hallway_0.csv,True,22.9,0
doors_hallway,mcts,mcts,doors_hallway,doors_hallway,,0,metrics_steps_mcts_doors_hallway_doors_hallway_0.csv,True,23.0,0
doors_hallway,mcts,mcts,doors_hallway,doors_hallway,,0,metrics_steps_mcts_doors_hallway_doors_hallway_0.csv,True,23.1,0
doors_hallway,mcts,mcts,doors_hallway,doors_hallway,,0,metrics_steps_mcts_doors_hallway_doors_hallway_0.csv,True,23.2,0
doors_hallway,mcts,mcts,doors_hallway,doors_hallway,,0,metrics_steps_mcts_doors_hallway_doors_hallway_0.csv,True,23.3,0
doors_hallway,mcts,mcts,doors_hallway,doors_hallway,,0,metrics_steps_mcts_doors_hallway_doors_hallway_0.csv,True,23.4,0
doors_hallway,mcts,mcts,doors_hallway,doors_hallway,,0,metrics_steps_mcts_doors_hallway_doors_hallway_0.csv,True,23.5,0
doors_hallway,mcts,mcts,doors_hallway,doors_hallway,,0,metrics_steps_mcts_doors_hallway_doors_hallway_0.csv,True,23.6,0
doors_hallway,mcts,mcts,doors_hallway,doors_hallway,,0,metrics_steps_mcts_doors_hallway_doors_hallway_0.csv,True,23.7,0
doors_hallway,mcts,mcts,doors_hallway,doors_hallway,,0,metrics_steps_mcts_doors_hallway_doors_hallway_0.csv,True,23.8,0
doors_hallway,mcts,mcts,doors_hallway,doors_hallway,,0,metrics_steps_mcts_doors_hallway_doors_hallway_0.csv,True,23.9,0
doors_hallway,mcts,mcts,doors_hallway,doors_hallway,,0,metrics_steps_mcts_doors_hallway_doors_hallway_0.csv,True,24.0,0
doors_hallway,mcts,mcts,doors_hallway,doors_hallway,,0,metrics_steps_mcts_doors_hallway_doors_hallway_0.csv,True,24.1,0
doors_hallway,mcts,mcts,doors_hallway,doors_hallway,,0,metrics_steps_mcts_doors_hallway_doors_hallway_0.csv,True,24.2,0
doors_hallway,mcts,mcts,doors_hallway,doors_hallway,,0,metrics_steps_mcts_doors_hallway_doors_hallway_0.csv,True,24.3,0
doors_hallway,mcts,mcts,doors_hallway,doors_hallway,,0,metrics_steps_mcts_doors_hallway_doors_hallway_0.csv,True,24.4,0
doors_hallway,mcts,mcts,doors_hallway,doors_hallway,,0,metrics_steps_mcts_doors_hallway_doors_hallway_0.csv,True,24.5,0
doors_hallway,mcts,mcts,doors_hallway,doors_hallway,,0,metrics_steps_mcts_doors_hallway_doors_hallway_0.csv,True,24.6,0
doors_hallway,mcts,mcts,doors_hallway,doors_hallway,,0,metrics_steps_mcts_doors_hallway_doors_hallway_0.csv,True,24.7,0
doors_hallway,mcts,mcts,doors_hallway,doors_hallway,,0,metrics_steps_mcts_doors_hallway_doors_hallway_0.csv,True,24.8,0
doors_hallway,mcts,mcts,doors_hallway,doors_hallway,,0,metrics_steps_mcts_doors_hallway_doors_hallway_0.csv,True,24.9,0
doors_hallway,mcts,mcts,doors_hallway,doors_hallway,,0,metrics_steps_mcts_doors_hallway_doors_hallway_0.csv,True,25.0,0
doors_hallway,mcts,mcts,doors_hallway,doors_hallway,,0,metrics_steps_mcts_doors_hallway_doors_hallway_0.csv,True,25.1,0
doors_hallway,mcts,mcts,doors_hallway,doors_hallway,,0,metrics_steps_mcts_doors_hallway_doors_hallway_0.csv,True,25.2,0
doors_hallway,mcts,mcts,doors_hallway,doors_hallway,,0,metrics_steps_mcts_doors_hallway_doors_hallway_0.csv,True,25.3,0
doors_hallway,mcts,mcts,doors_hallway,doors_hallway,,0,metrics_steps_mcts_doors_hallway_doors_hallway_0.csv,True,25.4,0
doors_hallway,mcts,mcts,doors_hallway,doors_hallway,,0,metrics_steps_mcts_doors_hallway_doors_hallway_0.csv,True,25.5,0
doors_hallway,mcts,mcts,doors_hallway,doors_hallway,,0,metrics_steps_mcts_doors_hallway_doors_hallway_0.csv,True,25.6,0
doors_hallway,mcts,mcts,doors_hallway,doors_hallway,,0,metrics_steps_mcts_doors_hallway_doors_hallway_0.csv,True,25.7,0
doors_hallway,mcts,mcts,doors_hallway,doors_hallway,,0,metrics_steps_mcts_doors_hallway_doors_hallway_0.csv,True,25.8,0
doors_hallway,mcts,mcts,doors_hallway,doors_hallway,,0,metrics_steps_mcts_doors_hallway_doors_hallway_0.csv,True,25.9,0
doors_hallway,mcts,mcts,doors_hallway,doors_hallway,,0,metrics_steps_mcts_doors_hallway_doors_hallway_0.csv,True,26.0,0
doors_hallway,mcts,mcts,doors_hallway,doors_hallway,,0,metrics_steps_mcts_doors_hallway_doors_hallway_0.csv,True,26.1,0
doors_hallway,mcts,mcts,doors_hallway,doors_hallway,,0,metrics_steps_mcts_doors_hallway_doors_hallway_0.csv,True,26.2,0
doors_hallway,mcts,mcts,doors_hallway,doors_hallway,,0,metrics_steps_mcts_doors_hallway_doors_hallway_0.csv,True,26.3,0
doors_hallway,mcts,mcts,doors_hallway,doors_hallway,,0,metrics_steps_mcts_doors_hallway_doors_hallway_0.csv,True,26.4,0
doors_hallway,mcts,mcts,doors_hallway,doors_hallway,,0,metrics_steps_mcts_doors_hallway_doors_hallway_0.csv,True,26.5,0
doors_hallway,mcts,mcts,doors_hallway,doors_hallway,,0,metrics_steps_mcts_doors_hallway_doors_hallway_0.csv,True,26.6,0
doors_hallway,mcts,mcts,doors_hallway,doors_hallway,,0,metrics_steps_mcts_doors_hallway_doors_hallway_0.csv,True,26.7,0
intersection_hallway,mcts,mcts,intersection_hallway,3_crossing,,0,metrics_steps_mcts_intersection_hallway_3_crossing_0.csv,True,0.0,0
intersection_hallway,mcts,mcts,intersection_hallway,3_crossing,,0,metrics_steps_mcts_intersection_hallway_3_crossing_0.csv,True,0.1,0
intersection_hallway,mcts,mcts,intersection_hallway,3_crossing,,0,metrics_steps_mcts_intersection_hallway_3_crossing_0.csv,True,0.2,0
intersection_hallway,mcts,mcts,intersection_hallway,3_crossing,,0,metrics_steps_mcts_intersection_hallway_3_crossing_0.csv,True,0.3,0
intersection_hallway,mcts,mcts,intersection_hallway,3_crossing,,0,metrics_steps_mcts_intersection_hallway_3_crossing_0.csv,True,0.4,0
intersection_hallway,mcts,mcts,intersection_hallway,3_crossing,,0,metrics_steps_mcts_intersection_hallway_3_crossing_0.csv,True,0.5,0
intersection_hallway,mcts,mcts,intersection_hallway,3_crossing,,0,metrics_steps_mcts_intersection_hallway_3_crossing_0.csv,True,0.6,0
intersection_hallway,mcts,mcts,intersection_hallway,3_crossing,,0,metrics_steps_mcts_intersection_hallway_3_crossing_0.csv,True,0.7,0
intersection_hallway,mcts,mcts,intersection_hallway,3_crossing,,0,metrics_steps_mcts_intersection_hallway_3_crossing_0.csv,True,0.8,0
intersection_hallway,mcts,mcts,intersection_hallway,3_crossing,,0,metrics_steps_mcts_intersection_hallway_3_crossing_0.csv,True,0.9,0
intersection_hallway,mcts,mcts,intersection_hallway,3_crossing,,0,metrics_steps_mcts_intersection_hallway_3_crossing_0.csv,True,1.0,0
intersection_hallway,mcts,mcts,intersection_hallway,3_crossing,,0,metrics_steps_mcts_intersection_hallway_3_crossing_0.csv,True,1.1,0
intersection_hallway,mcts,mcts,intersection_hallway,3_crossing,,0,metrics_steps_mcts_intersection_hallway_3_crossing_0.csv,True,1.2,0
intersection_hallway,mcts,mcts,intersection_hallway,3_crossing,,0,metrics_steps_mcts_intersection_hallway_3_crossing_0.csv,True,1.3,0
intersection_hallway,mcts,mcts,intersection_hallway,3_crossing,,0,metrics_steps_mcts_intersection_hallway_3_crossing_0.csv,True,1.4,0
intersection_hallway,mcts,mcts,intersection_hallway,3_crossing,,0,metrics_steps_mcts_intersection_hallway_3_crossing_0.csv,True,1.5,0
intersection_hallway,mcts,mcts,intersection_hallway,3_crossing,,0,metrics_steps_mcts_intersection_hallway_3_crossing_0.csv,True,1.6,0
intersection_hallway,mcts,mcts,intersection_hallway,3_crossing,,0,metrics_steps_mcts_intersection_hallway_3_crossing_0.csv,True,1.7,0
intersection_hallway,mcts,mcts,intersection_hallway,3_crossing,,0,metrics_steps_mcts_intersection_hallway_3_crossing_0.csv,True,1.8,0
intersection_hallway,mcts,mcts,intersection_hallway,3_crossing,,0,metrics_steps_mcts_intersection_hallway_3_crossing_0.csv,True,1.9,0
intersection_hallway,mcts,mcts,intersection_hallway,3_crossing,,0,metrics_steps_mcts_intersection_hallway_3_crossing_0.csv,True,2.0,0
intersection_hallway,mcts,mcts,intersection_hallway,3_crossing,,0,metrics_steps_mcts_intersection_hallway_3_crossing_0.csv,True,2.1,0
intersection_hallway,mcts,mcts,intersection_hallway,3_crossing,,0,metrics_steps_mcts_intersection_hallway_3_crossing_0.csv,True,2.2,0
intersection_hallway,mcts,mcts,intersection_hallway,3_crossing,,0,metrics_steps_mcts_intersection_hallway_3_crossing_0.csv,True,2.3,0
intersection_hallway,mcts,mcts,intersection_hallway,3_crossing,,0,metrics_steps_mcts_intersection_hallway_3_crossing_0.csv,True,2.4,0
intersection_hallway,mcts,mcts,intersection_hallway,3_crossing,,0,metrics_steps_mcts_intersection_hallway_3_crossing_0.csv,True,2.5,0
intersection_hallway,mcts,mcts,intersection_hallway,3_crossing,,0,metrics_steps_mcts_intersection_hallway_3_crossing_0.csv,True,2.6,0
intersection_hallway,mcts,mcts,intersection_hallway,3_crossing,,0,metrics_steps_mcts_intersection_hallway_3_crossing_0.csv,True,2.7,0
intersection_hallway,mcts,mcts,intersection_hallway,3_crossing,,0,metrics_steps_mcts_intersection_hallway_3_crossing_0.csv,True,2.8,0
intersection_hallway,mcts,mcts,intersection_hallway,3_crossing,,0,metrics_steps_mcts_intersection_hallway_3_crossing_0.csv,True,2.9,0
intersection_hallway,mcts,mcts,intersection_hallway,3_crossing,,0,metrics_steps_mcts_intersection_hallway_3_crossing_0.csv,True,3.0,0
intersection_hallway,mcts,mcts,intersection_hallway,3_crossing,,0,metrics_steps_mcts_intersection_hallway_3_crossing_0.csv,True,3.1,0
intersection_hallway,mcts,mcts,intersection_hallway,3_crossing,,0,metrics_steps_mcts_intersection_hallway_3_crossing_0.csv,True,3.2,0
intersection_hallway,mcts,mcts,intersection_hallway,3_crossing,,0,metrics_steps_mcts_intersection_hallway_3_crossing_0.csv,True,3.3,0
intersection_hallway,mcts,mcts,intersection_hallway,3_crossing,,0,metrics_steps_mcts_intersection_hallway_3_crossing_0.csv,True,3.4,0
intersection_hallway,mcts,mcts,intersection_hallway,3_crossing,,0,metrics_steps_mcts_intersection_hallway_3_crossing_0.csv,True,3.5,0
intersection_hallway,mcts,mcts,intersection_hallway,3_crossing,,0,metrics_steps_mcts_intersection_hallway_3_crossing_0.csv,True,3.6,0
intersection_hallway,mcts,mcts,intersection_hallway,3_crossing,,0,metrics_steps_mcts_intersection_hallway_3_crossing_0.csv,True,3.7,0
intersection_hallway,mcts,mcts,intersection_hallway,3_crossing,,0,metrics_steps_mcts_intersection_hallway_3_crossing_0.csv,True,3.8,0
intersection_hallway,mcts,mcts,intersection_hallway,3_crossing,,0,metrics_steps_mcts_intersection_hallway_3_crossing_0.csv,True,3.9,0
intersection_hallway,mcts,mcts,intersection_hallway,3_crossing,,0,metrics_steps_mcts_intersection_hallway_3_crossing_0.csv,True,4.0,0
intersection_hallway,mcts,mcts,intersection_hallway,3_crossing,,0,metrics_steps_mcts_intersection_hallway_3_crossing_0.csv,True,4.1,0
intersection_hallway,mcts,mcts,intersection_hallway,3_crossing,,0,metrics_steps_mcts_intersection_hallway_3_crossing_0.csv,True,4.2,0
intersection_hallway,mcts,mcts,intersection_hallway,3_crossing,,0,metrics_steps_mcts_intersection_hallway_3_crossing_0.csv,True,4.3,0
intersection_hallway,mcts,mcts,intersection_hallway,3_crossing,,0,metrics_steps_mcts_intersection_hallway_3_crossing_0.csv,True,4.4,0
intersection_hallway,mcts,mcts,intersection_hallway,3_crossing,,0,metrics_steps_mcts_intersection_hallway_3_crossing_0.csv,True,4.5,0
intersection_hallway,mcts,mcts,intersection_hallway,3_crossing,,0,metrics_steps_mcts_intersection_hallway_3_crossing_0.csv,True,4.6,0
intersection_hallway,mcts,mcts,intersection_hallway,3_crossing,,0,metrics_steps_mcts_intersection_hallway_3_crossing_0.csv,True,4.7,0
intersection_hallway,mcts,mcts,intersection_hallway,3_crossing,,0,metrics_steps_mcts_intersection_hallway_3_crossing_0.csv,True,4.8,0
intersection_hallway,mcts,mcts,intersection_hallway,3_crossing,,0,metrics_steps_mcts_intersection_hallway_3_crossing_0.csv,True,4.9,0
intersection_hallway,mcts,mcts,intersection_hallway,3_crossing,,0,metrics_steps_mcts_intersection_hallway_3_crossing_0.csv,True,5.0,0
intersection_hallway,mcts,mcts,intersection_hallway,3_crossing,,0,metrics_steps_mcts_intersection_hallway_3_crossing_0.csv,True,5.1,0
intersection_hallway,mcts,mcts,intersection_hallway,3_crossing,,0,metrics_steps_mcts_intersection_hallway_3_crossing_0.csv,True,5.2,0
intersection_hallway,mcts,mcts,intersection_hallway,3_crossing,,0,metrics_steps_mcts_intersection_hallway_3_crossing_0.csv,True,5.3,0
intersection_hallway,mcts,mcts,intersection_hallway,3_crossing,,0,metrics_steps_mcts_intersection_hallway_3_crossing_0.csv,True,5.4,0
intersection_hallway,mcts,mcts,intersection_hallway,3_crossing,,0,metrics_steps_mcts_intersection_hallway_3_crossing_0.csv,True,5.5,0
intersection_hallway,mcts,mcts,intersection_hallway,3_crossing,,0,metrics_steps_mcts_intersection_hallway_3_crossing_0.csv,True,5.6,0
intersection_hallway,mcts,mcts,intersection_hallway,3_crossing,,0,metrics_steps_mcts_intersection_hallway_3_crossing_0.csv,True,5.7,0
intersection_hallway,mcts,mcts,intersection_hallway,3_crossing,,0,metrics_steps_mcts_intersection_hallway_3_crossing_0.csv,True,5.8,0
intersection_hallway,mcts,mcts,intersection_hallway,3_crossing,,0,metrics_steps_mcts_intersection_hallway_3_crossing_0.csv,True,5.9,0
intersection_hallway,mcts,mcts,intersection_hallway,3_crossing,,0,metrics_steps_mcts_intersection_hallway_3_crossing_0.csv,True,6.0,0
intersection_hallway,mcts,mcts,intersection_hallway,3_crossing,,0,metrics_steps_mcts_intersection_hallway_3_crossing_0.csv,True,6.1,0
intersection_hallway,mcts,mcts,intersection_hallway,3_crossing,,0,metrics_steps_mcts_intersection_hallway_3_crossing_0.csv,True,6.2,0
intersection_hallway,mcts,mcts,intersection_hallway,3_crossing,,0,metrics_steps_mcts_intersection_hallway_3_crossing_0.csv,True,6.3,0
intersection_hallway,mcts,mcts,intersection_hallway,3_crossing,,0,metrics_steps_mcts_intersection_hallway_3_crossing_0.csv,True,6.4,0
intersection_hallway,mcts,mcts,intersection_hallway,3_crossing,,0,metrics_steps_mcts_intersection_hallway_3_crossing_0.csv,True,6.5,0
intersection_hallway,mcts,mcts,intersection_hallway,3_crossing,,0,metrics_steps_mcts_intersection_hallway_3_crossing_0.csv,True,6.6,0
intersection_hallway,mcts,mcts,intersection_hallway,3_crossing,,0,metrics_steps_mcts_intersection_hallway_3_crossing_0.csv,True,6.7,0
intersection_hallway,mcts,mcts,intersection_hallway,3_crossing,,0,metrics_steps_mcts_intersection_hallway_3_crossing_0.csv,True,6.8,0
intersection_hallway,mcts,mcts,intersection_hallway,3_crossing,,0,metrics_steps_mcts_intersection_hallway_3_crossing_0.csv,True,6.9,0
intersection_hallway,mcts,mcts,intersection_hallway,3_crossing,,0,metrics_steps_mcts_intersection_hallway_3_crossing_0.csv,True,7.0,0
intersection_hallway,mcts,mcts,intersection_hallway,3_crossing,,0,metrics_steps_mcts_intersection_hallway_3_crossing_0.csv,True,7.1,0
intersection_hallway,mcts,mcts,intersection_hallway,3_crossing,,0,metrics_steps_mcts_intersection_hallway_3_crossing_0.csv,True,7.2,0
intersection_hallway,mcts,mcts,intersection_hallway,3_crossing,,0,metrics_steps_mcts_intersection_hallway_3_crossing_0.csv,True,7.3,0
intersection_hallway,mcts,mcts,intersection_hallway,3_crossing,,0,metrics_steps_mcts_intersection_hallway_3_crossing_0.csv,True,7.4,0
intersection_hallway,mcts,mcts,intersection_hallway,3_crossing,,0,metrics_steps_mcts_intersection_hallway_3_crossing_0.csv,True,7.5,0
intersection_hallway,mcts,mcts,intersection_hallway,3_crossing,,0,metrics_steps_mcts_intersection_hallway_3_crossing_0.csv,True,7.6,0
intersection_hallway,mcts,mcts,intersection_hallway,3_crossing,,0,metrics_steps_mcts_intersection_hallway_3_crossing_0.csv,True,7.7,0
intersection_hallway,mcts,mcts,intersection_hallway,3_crossing,,0,metrics_steps_mcts_intersection_hallway_3_crossing_0.csv,True,7.8,0
intersection_hallway,mcts,mcts,intersection_hallway,3_crossing,,0,metrics_steps_mcts_intersection_hallway_3_crossing_0.csv,True,7.9,0
intersection_hallway,mcts,mcts,intersection_hallway,3_crossing,,0,metrics_steps_mcts_intersection_hallway_3_crossing_0.csv,True,8.0,0
intersection_hallway,mcts,mcts,intersection_hallway,3_crossing,,0,metrics_steps_mcts_intersection_hallway_3_crossing_0.csv,True,8.1,0
intersection_hallway,mcts,mcts,intersection_hallway,3_crossing,,0,metrics_steps_mcts_intersection_hallway_3_crossing_0.csv,True,8.2,0
intersection_hallway,mcts,mcts,intersection_hallway,3_crossing,,0,metrics_steps_mcts_intersection_hallway_3_crossing_0.csv,True,8.3,0
intersection_hallway,mcts,mcts,intersection_hallway,3_crossing,,0,metrics_steps_mcts_intersection_hallway_3_crossing_0.csv,True,8.4,0
intersection_hallway,mcts,mcts,intersection_hallway,3_crossing,,0,metrics_steps_mcts_intersection_hallway_3_crossing_0.csv,True,8.5,0
intersection_hallway,mcts,mcts,intersection_hallway,3_crossing,,0,metrics_steps_mcts_intersection_hallway_3_crossing_0.csv,True,8.6,0
intersection_hallway,mcts,mcts,intersection_hallway,3_crossing,,0,metrics_steps_mcts_intersection_hallway_3_crossing_0.csv,True,8.7,0
intersection_hallway,mcts,mcts,intersection_hallway,3_crossing,,0,metrics_steps_mcts_intersection_hallway_3_crossing_0.csv,True,8.8,0
intersection_hallway,mcts,mcts,intersection_hallway,3_crossing,,0,metrics_steps_mcts_intersection_hallway_3_crossing_0.csv,True,8.9,0
intersection_hallway,mcts,mcts,intersection_hallway,3_crossing,,0,metrics_steps_mcts_intersection_hallway_3_crossing_0.csv,True,9.0,0
intersection_hallway,mcts,mcts,intersection_hallway,3_crossing,,0,metrics_steps_mcts_intersection_hallway_3_crossing_0.csv,True,9.1,0
intersection_hallway,mcts,mcts,intersection_hallway,3_crossing,,0,metrics_steps_mcts_intersection_hallway_3_crossing_0.csv,True,9.2,0
intersection_hallway,mcts,mcts,intersection_hallway,3_crossing,,0,metrics_steps_mcts_intersection_hallway_3_crossing_0.csv,True,9.3,0
intersection_hallway,mcts,mcts,intersection_hallway,3_crossing,,0,metrics_steps_mcts_intersection_hallway_3_crossing_0.csv,True,9.4,0
intersection_hallway,mcts,mcts,intersection_hallway,3_crossing,,0,metrics_steps_mcts_intersection_hallway_3_crossing_0.csv,True,9.5,0
intersection_hallway,mcts,mcts,intersection_hallway,3_crossing,,0,metrics_steps_mcts_intersection_hallway_3_crossing_0.csv,True,9.6,0
intersection_hallway,mcts,mcts,intersection_hallway,3_crossing,,0,metrics_steps_mcts_intersection_hallway_3_crossing_0.csv,True,9.7,0
intersection_hallway,mcts,mcts,intersection_hallway,3_crossing,,0,metrics_steps_mcts_intersection_hallway_3_crossing_0.csv,True,9.8,0
intersection_hallway,mcts,mcts,intersection_hallway,3_crossing,,0,metrics_steps_mcts_intersection_hallway_3_crossing_0.csv,True,9.9,0
intersection_hallway,mcts,mcts,intersection_hallway,3_crossing,,0,metrics_steps_mcts_intersection_hallway_3_crossing_0.csv,True,10.0,0
intersection_hallway,mcts,mcts,intersection_hallway,3_crossing,,0,metrics_steps_mcts_intersection_hallway_3_crossing_0.csv,True,10.1,0
intersection_hallway,mcts,mcts,intersection_hallway,3_crossing,,0,metrics_steps_mcts_intersection_hallway_3_crossing_0.csv,True,10.2,0
intersection_hallway,mcts,mcts,intersection_hallway,3_crossing,,0,metrics_steps_mcts_intersection_hallway_3_crossing_0.csv,True,10.3,0
intersection_hallway,mcts,mcts,intersection_hallway,3_crossing,,0,metrics_steps_mcts_intersection_hallway_3_crossing_0.csv,True,10.4,0
intersection_hallway,mcts,mcts,intersection_hallway,3_crossing,,0,metrics_steps_mcts_intersection_hallway_3_crossing_0.csv,True,10.5,0
intersection_hallway,mcts,mcts,intersection_hallway,3_crossing,,0,metrics_steps_mcts_intersection_hallway_3_crossing_0.csv,True,10.6,0
intersection_hallway,mcts,mcts,intersection_hallway,3_crossing,,0,metrics_steps_mcts_intersection_hallway_3_crossing_0.csv,True,10.7,0
intersection_hallway,mcts,mcts,intersection_hallway,3_crossing,,0,metrics_steps_mcts_intersection_hallway_3_crossing_0.csv,True,10.8,0
intersection_hallway,mcts,mcts,intersection_hallway,3_crossing,,0,metrics_steps_mcts_intersection_hallway_3_crossing_0.csv,True,10.9,0
intersection_hallway,mcts,mcts,intersection_hallway,3_crossing,,0,metrics_steps_mcts_intersection_hallway_3_crossing_0.csv,True,11.0,0
intersection_hallway,mcts,mcts,intersection_hallway,3_crossing,,0,metrics_steps_mcts_intersection_hallway_3_crossing_0.csv,True,11.1,0
intersection_hallway,mcts,mcts,intersection_hallway,3_crossing,,0,metrics_steps_mcts_intersection_hallway_3_crossing_0.csv,True,11.2,0
intersection_hallway,mcts,mcts,intersection_hallway,3_crossing,,0,metrics_steps_mcts_intersection_hallway_3_crossing_0.csv,True,11.3,0
intersection_hallway,mcts,mcts,intersection_hallway,3_crossing,,0,metrics_steps_mcts_intersection_hallway_3_crossing_0.csv,True,11.4,0
intersection_hallway,mcts,mcts,intersection_hallway,3_crossing,,0,metrics_steps_mcts_intersection_hallway_3_crossing_0.csv,True,11.5,0
intersection_hallway,mcts,mcts,intersection_hallway,3_crossing,,0,metrics_steps_mcts_intersection_hallway_3_crossing_0.csv,True,11.6,0
intersection_hallway,mcts,mcts,intersection_hallway,3_crossing,,0,metrics_steps_mcts_intersection_hallway_3_crossing_0.csv,True,11.7,0
intersection_hallway,mcts,mcts,intersection_hallway,3_crossing,,0,metrics_steps_mcts_intersection_hallway_3_crossing_0.csv,True,11.8,0
intersection_hallway,mcts,mcts,intersection_hallway,3_crossing,,0,metrics_steps_mcts_intersection_hallway_3_crossing_0.csv,True,11.9,0
intersection_hallway,mcts,mcts,intersection_hallway,3_crossing,,0,metrics_steps_mcts_intersection_hallway_3_crossing_0.csv,True,12.0,0
intersection_hallway,mcts,mcts,intersection_hallway,3_crossing,,0,metrics_steps_mcts_intersection_hallway_3_crossing_0.csv,True,12.1,0
intersection_hallway,mcts,mcts,intersection_hallway,3_crossing,,0,metrics_steps_mcts_intersection_hallway_3_crossing_0.csv,True,12.2,0
intersection_hallway,mcts,mcts,intersection_hallway,3_crossing,,0,metrics_steps_mcts_intersection_hallway_3_crossing_0.csv,True,12.3,0
intersection_hallway,mcts,mcts,intersection_hallway,3_crossing,,0,metrics_steps_mcts_intersection_hallway_3_crossing_0.csv,True,12.4,0
intersection_hallway,mcts,mcts,intersection_hallway,3_crossing,,0,metrics_steps_mcts_intersection_hallway_3_crossing_0.csv,True,12.5,0
intersection_hallway,mcts,mcts,intersection_hallway,3_crossing,,0,metrics_steps_mcts_intersection_hallway_3_crossing_0.csv,True,12.6,0
intersection_hallway,mcts,mcts,intersection_hallway,3_crossing,,0,metrics_steps_mcts_intersection_hallway_3_crossing_0.csv,True,12.7,0
intersection_hallway,mcts,mcts,intersection_hallway,3_crossing,,0,metrics_steps_mcts_intersection_hallway_3_crossing_0.csv,True,12.8,0
intersection_hallway,mcts,mcts,intersection_hallway,3_crossing,,0,metrics_steps_mcts_intersection_hallway_3_crossing_0.csv,True,12.9,0
intersection_hallway,mcts,mcts,intersection_hallway,3_crossing,,0,metrics_steps_mcts_intersection_hallway_3_crossing_0.csv,True,13.0,0
intersection_hallway,mcts,mcts,intersection_hallway,3_crossing,,0,metrics_steps_mcts_intersection_hallway_3_crossing_0.csv,True,13.1,0
intersection_hallway,mcts,mcts,intersection_hallway,3_crossing,,0,metrics_steps_mcts_intersection_hallway_3_crossing_0.csv,True,13.2,0
intersection_hallway,mcts,mcts,intersection_hallway,3_crossing,,0,metrics_steps_mcts_intersection_hallway_3_crossing_0.csv,True,13.3,0
intersection_hallway,mcts,mcts,intersection_hallway,3_crossing,,0,metrics_steps_mcts_intersection_hallway_3_crossing_0.csv,True,13.4,0
intersection_hallway,mcts,mcts,intersection_hallway,3_crossing,,0,metrics_steps_mcts_intersection_hallway_3_crossing_0.csv,True,13.5,0
intersection_hallway,mcts,mcts,intersection_hallway,3_crossing,,0,metrics_steps_mcts_intersection_hallway_3_crossing_0.csv,True,13.6,0
intersection_hallway,mcts,mcts,intersection_hallway,3_crossing,,0,metrics_steps_mcts_intersection_hallway_3_crossing_0.csv,True,13.7,0
intersection_hallway,mcts,mcts,intersection_hallway,3_crossing,,0,metrics_steps_mcts_intersection_hallway_3_crossing_0.csv,True,13.8,0
intersection_hallway,mcts,mcts,intersection_hallway,3_crossing,,0,metrics_steps_mcts_intersection_hallway_3_crossing_0.csv,True,13.9,0
intersection_hallway,mcts,mcts,intersection_hallway,3_crossing,,0,metrics_steps_mcts_intersection_hallway_3_crossing_0.csv,True,14.0,0
intersection_hallway,mcts,mcts,intersection_hallway,3_crossing,,0,metrics_steps_mcts_intersection_hallway_3_crossing_0.csv,True,14.1,0
intersection_hallway,mcts,mcts,intersection_hallway,3_crossing,,0,metrics_steps_mcts_intersection_hallway_3_crossing_0.csv,True,14.2,0
intersection_hallway,mcts,mcts,intersection_hallway,3_crossing,,0,metrics_steps_mcts_intersection_hallway_3_crossing_0.csv,True,14.3,0
intersection_hallway,mcts,mcts,intersection_hallway,3_crossing,,0,metrics_steps_mcts_intersection_hallway_3_crossing_0.csv,True,14.4,0
intersection_hallway,mcts,mcts,intersection_hallway,3_crossing,,0,metrics_steps_mcts_intersection_hallway_3_crossing_0.csv,True,14.5,0
intersection_hallway,mcts,mcts,intersection_hallway,3_crossing,,0,metrics_steps_mcts_intersection_hallway_3_crossing_0.csv,True,14.6,0
intersection_hallway,mcts,mcts,intersection_hallway,3_crossing,,0,metrics_steps_mcts_intersection_hallway_3_crossing_0.csv,True,14.7,0
intersection_hallway,mcts,mcts,intersection_hallway,3_crossing,,0,metrics_steps_mcts_intersection_hallway_3_crossing_0.csv,True,14.8,0
intersection_hallway,mcts,mcts,intersection_hallway,3_crossing,,0,metrics_steps_mcts_intersection_hallway_3_crossing_0.csv,True,14.9,0
intersection_hallway,mcts,mcts,intersection_hallway,3_crossing,,0,metrics_steps_mcts_intersection_hallway_3_crossing_0.csv,True,15.0,0
intersection_hallway,mcts,mcts,intersection_hallway,3_crossing,,0,metrics_steps_mcts_intersection_hallway_3_crossing_0.csv,True,15.1,0
intersection_hallway,mcts,mcts,intersection_hallway,3_crossing,,0,metrics_steps_mcts_intersection_hallway_3_crossing_0.csv,True,15.2,0
intersection_hallway,mcts,mcts,intersection_hallway,3_crossing,,0,metrics_steps_mcts_intersection_hallway_3_crossing_0.csv,True,15.3,0
intersection_hallway,mcts,mcts,intersection_hallway,3_crossing,,0,metrics_steps_mcts_intersection_hallway_3_crossing_0.csv,True,15.4,0
intersection_hallway,mcts,mcts,intersection_hallway,3_crossing,,0,metrics_steps_mcts_intersection_hallway_3_crossing_0.csv,True,15.5,0
intersection_hallway,mcts,mcts,intersection_hallway,3_crossing,,0,metrics_steps_mcts_intersection_hallway_3_crossing_0.csv,True,15.6,0
intersection_hallway,mcts,mcts,intersection_hallway,3_crossing,,0,metrics_steps_mcts_intersection_hallway_3_crossing_0.csv,True,15.7,0
intersection_hallway,mcts,mcts,intersection_hallway,3_crossing,,0,metrics_steps_mcts_intersection_hallway_3_crossing_0.csv,True,15.8,0
intersection_hallway,mcts,mcts,intersection_hallway,3_crossing,,0,metrics_steps_mcts_intersection_hallway_3_crossing_0.csv,True,15.9,0
intersection_hallway,mcts,mcts,intersection_hallway,3_crossing,,0,metrics_steps_mcts_intersection_hallway_3_crossing_0.csv,True,16.0,0
intersection_hallway,mcts,mcts,intersection_hallway,3_crossing,,0,metrics_steps_mcts_intersection_hallway_3_crossing_0.csv,True,16.1,0
intersection_hallway,mcts,mcts,intersection_hallway,3_crossing,,0,metrics_steps_mcts_intersection_hallway_3_crossing_0.csv,True,16.2,0
intersection_hallway,mcts,mcts,intersection_hallway,3_crossing,,0,metrics_steps_mcts_intersection_hallway_3_crossing_0.csv,True,16.3,0
intersection_hallway,mcts,mcts,intersection_hallway,3_crossing,,0,metrics_steps_mcts_intersection_hallway_3_crossing_0.csv,True,16.4,0
intersection_hallway,mcts,mcts,intersection_hallway,3_crossing,,0,metrics_steps_mcts_intersection_hallway_3_crossing_0.csv,True,16.5,0
intersection_hallway,mcts,mcts,intersection_hallway,3_crossing,,0,metrics_steps_mcts_intersection_hallway_3_crossing_0.csv,True,16.6,0
narrow_hallway,mcts,mcts,1_ahead_robot,1_ahead_robot,,0,metrics_steps_mcts_narrow_hallway_1_ahead_robot_0.csv,False,0.0,0
narrow_hallway,mcts,mcts,1_ahead_robot,1_ahead_robot,,0,metrics_steps_mcts_narrow_hallway_1_ahead_robot_0.csv,False,0.1,0
narrow_hallway,mcts,mcts,1_ahead_robot,1_ahead_robot,,0,metrics_steps_mcts_narrow_hallway_1_ahead_robot_0.csv,False,0.2,0
narrow_hallway,mcts,mcts,1_ahead_robot,1_ahead_robot,,0,metrics_steps_mcts_narrow_hallway_1_ahead_robot_0.csv,False,0.3,0
narrow_hallway,mcts,mcts,1_ahead_robot,1_ahead_robot,,0,metrics_steps_mcts_narrow_hallway_1_ahead_robot_0.csv,False,0.4,0
narrow_hallway,mcts,mcts,1_ahead_robot,1_ahead_robot,,0,metrics_steps_mcts_narrow_hallway_1_ahead_robot_0.csv,False,0.5,0
narrow_hallway,mcts,mcts,1_ahead_robot,1_ahead_robot,,0,metrics_steps_mcts_narrow_hallway_1_ahead_robot_0.csv,False,0.6,0
narrow_hallway,mcts,mcts,1_ahead_robot,1_ahead_robot,,0,metrics_steps_mcts_narrow_hallway_1_ahead_robot_0.csv,False,0.7,0
narrow_hallway,mcts,mcts,1_ahead_robot,1_ahead_robot,,0,metrics_steps_mcts_narrow_hallway_1_ahead_robot_0.csv,False,0.8,0
narrow_hallway,mcts,mcts,1_ahead_robot,1_ahead_robot,,0,metrics_steps_mcts_narrow_hallway_1_ahead_robot_0.csv,False,0.9,0
narrow_hallway,mcts,mcts,1_ahead_robot,1_ahead_robot,,0,metrics_steps_mcts_narrow_hallway_1_ahead_robot_0.csv,False,1.0,0
narrow_hallway,mcts,mcts,1_ahead_robot,1_ahead_robot,,0,metrics_steps_mcts_narrow_hallway_1_ahead_robot_0.csv,False,1.1,0
narrow_hallway,mcts,mcts,1_ahead_robot,1_ahead_robot,,0,metrics_steps_mcts_narrow_hallway_1_ahead_robot_0.csv,False,1.2,0
narrow_hallway,mcts,mcts,1_ahead_robot,1_ahead_robot,,0,metrics_steps_mcts_narrow_hallway_1_ahead_robot_0.csv,False,1.3,0
narrow_hallway,mcts,mcts,1_ahead_robot,1_ahead_robot,,0,metrics_steps_mcts_narrow_hallway_1_ahead_robot_0.csv,False,1.4,0
narrow_hallway,mcts,mcts,1_ahead_robot,1_ahead_robot,,0,metrics_steps_mcts_narrow_hallway_1_ahead_robot_0.csv,False,1.5,0
narrow_hallway,mcts,mcts,1_ahead_robot,1_ahead_robot,,0,metrics_steps_mcts_narrow_hallway_1_ahead_robot_0.csv,False,1.6,0
narrow_hallway,mcts,mcts,1_ahead_robot,1_ahead_robot,,0,metrics_steps_mcts_narrow_hallway_1_ahead_robot_0.csv,False,1.7,0
narrow_hallway,mcts,mcts,1_ahead_robot,1_ahead_robot,,0,metrics_steps_mcts_narrow_hallway_1_ahead_robot_0.csv,False,1.8,0
narrow_hallway,mcts,mcts,1_ahead_robot,1_ahead_robot,,0,metrics_steps_mcts_narrow_hallway_1_ahead_robot_0.csv,False,1.9,0
narrow_hallway,mcts,mcts,1_ahead_robot,1_ahead_robot,,0,metrics_steps_mcts_narrow_hallway_1_ahead_robot_0.csv,False,2.0,0
narrow_hallway,mcts,mcts,1_ahead_robot,1_ahead_robot,,0,metrics_steps_mcts_narrow_hallway_1_ahead_robot_0.csv,False,2.1,0
narrow_hallway,mcts,mcts,1_ahead_robot,1_ahead_robot,,0,metrics_steps_mcts_narrow_hallway_1_ahead_robot_0.csv,False,2.2,0
narrow_hallway,mcts,mcts,1_ahead_robot,1_ahead_robot,,0,metrics_steps_mcts_narrow_hallway_1_ahead_robot_0.csv,False,2.3,0
narrow_hallway,mcts,mcts,1_ahead_robot,1_ahead_robot,,0,metrics_steps_mcts_narrow_hallway_1_ahead_robot_0.csv,False,2.4,0
narrow_hallway,mcts,mcts,1_ahead_robot,1_ahead_robot,,0,metrics_steps_mcts_narrow_hallway_1_ahead_robot_0.csv,False,2.5,0
narrow_hallway,mcts,mcts,1_ahead_robot,1_ahead_robot,,0,metrics_steps_mcts_narrow_hallway_1_ahead_robot_0.csv,False,2.6,0
narrow_hallway,mcts,mcts,1_ahead_robot,1_ahead_robot,,0,metrics_steps_mcts_narrow_hallway_1_ahead_robot_0.csv,False,2.7,0
narrow_hallway,mcts,mcts,1_ahead_robot,1_ahead_robot,,0,metrics_steps_mcts_narrow_hallway_1_ahead_robot_0.csv,False,2.8,0
narrow_hallway,mcts,mcts,1_ahead_robot,1_ahead_robot,,0,metrics_steps_mcts_narrow_hallway_1_ahead_robot_0.csv,False,2.9,0
narrow_hallway,mcts,mcts,1_ahead_robot,1_ahead_robot,,0,metrics_steps_mcts_narrow_hallway_1_ahead_robot_0.csv,False,3.0,0
narrow_hallway,mcts,mcts,1_ahead_robot,1_ahead_robot,,0,metrics_steps_mcts_narrow_hallway_1_ahead_robot_0.csv,False,3.1,0
narrow_hallway,mcts,mcts,1_ahead_robot,1_ahead_robot,,0,metrics_steps_mcts_narrow_hallway_1_ahead_robot_0.csv,False,3.2,0
narrow_hallway,mcts,mcts,1_ahead_robot,1_ahead_robot,,0,metrics_steps_mcts_narrow_hallway_1_ahead_robot_0.csv,False,3.3,0
narrow_hallway,mcts,mcts,1_ahead_robot,1_ahead_robot,,0,metrics_steps_mcts_narrow_hallway_1_ahead_robot_0.csv,False,3.4,0
narrow_hallway,mcts,mcts,1_ahead_robot,1_ahead_robot,,0,metrics_steps_mcts_narrow_hallway_1_ahead_robot_0.csv,False,3.5,0
narrow_hallway,mcts,mcts,1_ahead_robot,1_ahead_robot,,0,metrics_steps_mcts_narrow_hallway_1_ahead_robot_0.csv,False,3.6,0
narrow_hallway,mcts,mcts,1_ahead_robot,1_ahead_robot,,0,metrics_steps_mcts_narrow_hallway_1_ahead_robot_0.csv,False,3.7,0
narrow_hallway,mcts,mcts,1_ahead_robot,1_ahead_robot,,0,metrics_steps_mcts_narrow_hallway_1_ahead_robot_0.csv,False,3.8,0
narrow_hallway,mcts,mcts,1_ahead_robot,1_ahead_robot,,0,metrics_steps_mcts_narrow_hallway_1_ahead_robot_0.csv,False,3.9,0
narrow_hallway,mcts,mcts,1_ahead_robot,1_ahead_robot,,0,metrics_steps_mcts_narrow_hallway_1_ahead_robot_0.csv,False,4.0,0
narrow_hallway,mcts,mcts,1_ahead_robot,1_ahead_robot,,0,metrics_steps_mcts_narrow_hallway_1_ahead_robot_0.csv,False,4.1,0
narrow_hallway,mcts,mcts,1_ahead_robot,1_ahead_robot,,0,metrics_steps_mcts_narrow_hallway_1_ahead_robot_0.csv,False,4.2,0
narrow_hallway,mcts,mcts,1_ahead_robot,1_ahead_robot,,0,metrics_steps_mcts_narrow_hallway_1_ahead_robot_0.csv,False,4.3,0
narrow_hallway,mcts,mcts,1_ahead_robot,1_ahead_robot,,0,metrics_steps_mcts_narrow_hallway_1_ahead_robot_0.csv,False,4.4,0
narrow_hallway,mcts,mcts,1_ahead_robot,1_ahead_robot,,0,metrics_steps_mcts_narrow_hallway_1_ahead_robot_0.csv,False,4.5,0
narrow_hallway,mcts,mcts,1_ahead_robot,1_ahead_robot,,0,metrics_steps_mcts_narrow_hallway_1_ahead_robot_0.csv,False,4.6,0
narrow_hallway,mcts,mcts,1_ahead_robot,1_ahead_robot,,0,metrics_steps_mcts_narrow_hallway_1_ahead_robot_0.csv,False,4.7,0
narrow_hallway,mcts,mcts,1_ahead_robot,1_ahead_robot,,0,metrics_steps_mcts_narrow_hallway_1_ahead_robot_0.csv,False,4.8,0
narrow_hallway,mcts,mcts,1_ahead_robot,1_ahead_robot,,0,metrics_steps_mcts_narrow_hallway_1_ahead_robot_0.csv,False,4.9,0
narrow_hallway,mcts,mcts,1_ahead_robot,1_ahead_robot,,0,metrics_steps_mcts_narrow_hallway_1_ahead_robot_0.csv,False,5.0,0
narrow_hallway,mcts,mcts,1_ahead_robot,1_ahead_robot,,0,metrics_steps_mcts_narrow_hallway_1_ahead_robot_0.csv,False,5.1,0
narrow_hallway,mcts,mcts,1_ahead_robot,1_ahead_robot,,0,metrics_steps_mcts_narrow_hallway_1_ahead_robot_0.csv,False,5.2,0
narrow_hallway,mcts,mcts,1_ahead_robot,1_ahead_robot,,0,metrics_steps_mcts_narrow_hallway_1_ahead_robot_0.csv,False,5.3,0
narrow_hallway,mcts,mcts,1_ahead_robot,1_ahead_robot,,0,metrics_steps_mcts_narrow_hallway_1_ahead_robot_0.csv,False,5.4,0
narrow_hallway,mcts,mcts,1_ahead_robot,1_ahead_robot,,0,metrics_steps_mcts_narrow_hallway_1_ahead_robot_0.csv,False,5.5,0
narrow_hallway,mcts,mcts,1_ahead_robot,1_ahead_robot,,0,metrics_steps_mcts_narrow_hallway_1_ahead_robot_0.csv,False,5.6,0
narrow_hallway,mcts,mcts,1_ahead_robot,1_ahead_robot,,0,metrics_steps_mcts_narrow_hallway_1_ahead_robot_0.csv,False,5.7,0
narrow_hallway,mcts,mcts,1_ahead_robot,1_ahead_robot,,0,metrics_steps_mcts_narrow_hallway_1_ahead_robot_0.csv,False,5.8,0
narrow_hallway,mcts,mcts,1_ahead_robot,1_ahead_robot,,0,metrics_steps_mcts_narrow_hallway_1_ahead_robot_0.csv,False,5.9,0
narrow_hallway,mcts,mcts,1_ahead_robot,1_ahead_robot,,0,metrics_steps_mcts_narrow_hallway_1_ahead_robot_0.csv,False,6.0,0
narrow_hallway,mcts,mcts,1_ahead_robot,1_ahead_robot,,0,metrics_steps_mcts_narrow_hallway_1_ahead_robot_0.csv,False,6.1,0
narrow_hallway,mcts,mcts,1_ahead_robot,1_ahead_robot,,0,metrics_steps_mcts_narrow_hallway_1_ahead_robot_0.csv,False,6.2,0
narrow_hallway,mcts,mcts,1_ahead_robot,1_ahead_robot,,0,metrics_steps_mcts_narrow_hallway_1_ahead_robot_0.csv,False,6.3,0
narrow_hallway,mcts,mcts,1_ahead_robot,1_ahead_robot,,0,metrics_steps_mcts_narrow_hallway_1_ahead_robot_0.csv,False,6.4,0
narrow_hallway,mcts,mcts,1_ahead_robot,1_ahead_robot,,0,metrics_steps_mcts_narrow_hallway_1_ahead_robot_0.csv,False,6.5,0
narrow_hallway,mcts,mcts,1_ahead_robot,1_ahead_robot,,0,metrics_steps_mcts_narrow_hallway_1_ahead_robot_0.csv,False,6.6,0
narrow_hallway,mcts,mcts,1_ahead_robot,1_ahead_robot,,0,metrics_steps_mcts_narrow_hallway_1_ahead_robot_0.csv,False,6.7,0
narrow_hallway,mcts,mcts,1_ahead_robot,1_ahead_robot,,0,metrics_steps_mcts_narrow_hallway_1_ahead_robot_0.csv,False,6.8,0
narrow_hallway,mcts,mcts,1_ahead_robot,1_ahead_robot,,0,metrics_steps_mcts_narrow_hallway_1_ahead_robot_0.csv,False,6.9,0
narrow_hallway,mcts,mcts,1_ahead_robot,1_ahead_robot,,0,metrics_steps_mcts_narrow_hallway_1_ahead_robot_0.csv,False,7.0,0
narrow_hallway,mcts,mcts,1_ahead_robot,1_ahead_robot,,0,metrics_steps_mcts_narrow_hallway_1_ahead_robot_0.csv,False,7.1,0
narrow_hallway,mcts,mcts,1_ahead_robot,1_ahead_robot,,0,metrics_steps_mcts_narrow_hallway_1_ahead_robot_0.csv,False,7.2,0
narrow_hallway,mcts,mcts,1_ahead_robot,1_ahead_robot,,0,metrics_steps_mcts_narrow_hallway_1_ahead_robot_0.csv,False,7.3,0
narrow_hallway,mcts,mcts,1_ahead_robot,1_ahead_robot,,0,metrics_steps_mcts_narrow_hallway_1_ahead_robot_0.csv,False,7.4,0
narrow_hallway,mcts,mcts,1_ahead_robot,1_ahead_robot,,0,metrics_steps_mcts_narrow_hallway_1_ahead_robot_0.csv,False,7.5,0
narrow_hallway,mcts,mcts,1_ahead_robot,1_ahead_robot,,0,metrics_steps_mcts_narrow_hallway_1_ahead_robot_0.csv,False,7.6,0
narrow_hallway,mcts,mcts,1_ahead_robot,1_ahead_robot,,0,metrics_steps_mcts_narrow_hallway_1_ahead_robot_0.csv,False,7.7,0
narrow_hallway,mcts,mcts,1_ahead_robot,1_ahead_robot,,0,metrics_steps_mcts_narrow_hallway_1_ahead_robot_0.csv,False,7.8,0
narrow_hallway,mcts,mcts,1_ahead_robot,1_ahead_robot,,0,metrics_steps_mcts_narrow_hallway_1_ahead_robot_0.csv,False,7.9,0
narrow_hallway,mcts,mcts,1_ahead_robot,1_ahead_robot,,0,metrics_steps_mcts_narrow_hallway_1_ahead_robot_0.csv,False,8.0,0
narrow_hallway,mcts,mcts,1_ahead_robot,1_ahead_robot,,0,metrics_steps_mcts_narrow_hallway_1_ahead_robot_0.csv,False,8.1,0
narrow_hallway,mcts,mcts,1_ahead_robot,1_ahead_robot,,0,metrics_steps_mcts_narrow_hallway_1_ahead_robot_0.csv,False,8.2,0
narrow_hallway,mcts,mcts,1_ahead_robot,1_ahead_robot,,0,metrics_steps_mcts_narrow_hallway_1_ahead_robot_0.csv,False,8.3,0
narrow_hallway,mcts,mcts,1_ahead_robot,1_ahead_robot,,0,metrics_steps_mcts_narrow_hallway_1_ahead_robot_0.csv,False,8.4,0
narrow_hallway,mcts,mcts,1_ahead_robot,1_ahead_robot,,0,metrics_steps_mcts_narrow_hallway_1_ahead_robot_0.csv,False,8.5,0
narrow_hallway,mcts,mcts,1_ahead_robot,1_ahead_robot,,0,metrics_steps_mcts_narrow_hallway_1_ahead_robot_0.csv,False,8.6,0
narrow_hallway,mcts,mcts,1_ahead_robot,1_ahead_robot,,0,metrics_steps_mcts_narrow_hallway_1_ahead_robot_0.csv,False,8.7,0
narrow_hallway,mcts,mcts,1_ahead_robot,1_ahead_robot,,0,metrics_steps_mcts_narrow_hallway_1_ahead_robot_0.csv,False,8.8,0
narrow_hallway,mcts,mcts,1_ahead_robot,1_ahead_robot,,0,metrics_steps_mcts_narrow_hallway_1_ahead_robot_0.csv,False,8.9,0
narrow_hallway,mcts,mcts,1_ahead_robot,1_ahead_robot,,0,metrics_steps_mcts_narrow_hallway_1_ahead_robot_0.csv,False,9.0,0
narrow_hallway,mcts,mcts,1_ahead_robot,1_ahead_robot,,0,metrics_steps_mcts_narrow_hallway_1_ahead_robot_0.csv,False,9.1,0
narrow_hallway,mcts,mcts,1_ahead_robot,1_ahead_robot,,0,metrics_steps_mcts_narrow_hallway_1_ahead_robot_0.csv,False,9.2,0
narrow_hallway,mcts,mcts,1_ahead_robot,1_ahead_robot,,0,metrics_steps_mcts_narrow_hallway_1_ahead_robot_0.csv,False,9.3,0
narrow_hallway,mcts,mcts,1_ahead_robot,1_ahead_robot,,0,metrics_steps_mcts_narrow_hallway_1_ahead_robot_0.csv,False,9.4,0
narrow_hallway,mcts,mcts,1_ahead_robot,1_ahead_robot,,0,metrics_steps_mcts_narrow_hallway_1_ahead_robot_0.csv,False,9.5,0
narrow_hallway,mcts,mcts,1_ahead_robot,1_ahead_robot,,0,metrics_steps_mcts_narrow_hallway_1_ahead_robot_0.csv,False,9.6,0
narrow_hallway,mcts,mcts,1_ahead_robot,1_ahead_robot,,0,metrics_steps_mcts_narrow_hallway_1_ahead_robot_0.csv,False,9.7,0
narrow_hallway,mcts,mcts,1_ahead_robot,1_ahead_robot,,0,metrics_steps_mcts_narrow_hallway_1_ahead_robot_0.csv,False,9.8,0
narrow_hallway,mcts,mcts,1_ahead_robot,1_ahead_robot,,0,metrics_steps_mcts_narrow_hallway_1_ahead_robot_0.csv,False,9.9,0
narrow_hallway,mcts,mcts,1_ahead_robot,1_ahead_robot,,0,metrics_steps_mcts_narrow_hallway_1_ahead_robot_0.csv,False,10.0,0
narrow_hallway,mcts,mcts,1_ahead_robot,1_ahead_robot,,0,metrics_steps_mcts_narrow_hallway_1_ahead_robot_0.csv,False,10.1,0
narrow_hallway,mcts,mcts,1_ahead_robot,1_ahead_robot,,0,metrics_steps_mcts_narrow_hallway_1_ahead_robot_0.csv,False,10.2,0
narrow_hallway,mcts,mcts,1_ahead_robot,1_ahead_robot,,0,metrics_steps_mcts_narrow_hallway_1_ahead_robot_0.csv,False,10.3,0
narrow_hallway,mcts,mcts,1_ahead_robot,1_ahead_robot,,0,metrics_steps_mcts_narrow_hallway_1_ahead_robot_0.csv,False,10.4,0
narrow_hallway,mcts,mcts,1_ahead_robot,1_ahead_robot,,0,metrics_steps_mcts_narrow_hallway_1_ahead_robot_0.csv,False,10.5,0
narrow_hallway,mcts,mcts,1_ahead_robot,1_ahead_robot,,0,metrics_steps_mcts_narrow_hallway_1_ahead_robot_0.csv,False,10.6,0
narrow_hallway,mcts,mcts,1_ahead_robot,1_ahead_robot,,0,metrics_steps_mcts_narrow_hallway_1_ahead_robot_0.csv,False,10.7,0
narrow_hallway,mcts,mcts,1_ahead_robot,1_ahead_robot,,0,metrics_steps_mcts_narrow_hallway_1_ahead_robot_0.csv,False,10.8,0
narrow_hallway,mcts,mcts,1_ahead_robot,1_ahead_robot,,0,metrics_steps_mcts_narrow_hallway_1_ahead_robot_0.csv,False,10.9,0
narrow_hallway,mcts,mcts,1_ahead_robot,1_ahead_robot,,0,metrics_steps_mcts_narrow_hallway_1_ahead_robot_0.csv,False,11.0,0
narrow_hallway,mcts,mcts,1_ahead_robot,1_ahead_robot,,0,metrics_steps_mcts_narrow_hallway_1_ahead_robot_0.csv,False,11.1,0
narrow_hallway,mcts,mcts,1_ahead_robot,1_ahead_robot,,0,metrics_steps_mcts_narrow_hallway_1_ahead_robot_0.csv,False,11.2,0
narrow_hallway,mcts,mcts,1_ahead_robot,1_ahead_robot,,0,metrics_steps_mcts_narrow_hallway_1_ahead_robot_0.csv,False,11.3,0
narrow_hallway,mcts,mcts,1_ahead_robot,1_ahead_robot,,0,metrics_steps_mcts_narrow_hallway_1_ahead_robot_0.csv,False,11.4,0
narrow_hallway,mcts,mcts,1_ahead_robot,1_ahead_robot,,0,metrics_steps_mcts_narrow_hallway_1_ahead_robot_0.csv,False,11.5,0
narrow_hallway,mcts,mcts,1_ahead_robot,1_ahead_robot,,0,metrics_steps_mcts_narrow_hallway_1_ahead_robot_0.csv,False,11.6,0
narrow_hallway,mcts,mcts,1_ahead_robot,1_ahead_robot,,0,metrics_steps_mcts_narrow_hallway_1_ahead_robot_0.csv,False,11.7,0
narrow_hallway,mcts,mcts,1_ahead_robot,1_ahead_robot,,0,metrics_steps_mcts_narrow_hallway_1_ahead_robot_0.csv,False,11.8,0
narrow_hallway,mcts,mcts,1_ahead_robot,1_ahead_robot,,0,metrics_steps_mcts_narrow_hallway_1_ahead_robot_0.csv,False,11.9,0
narrow_hallway,mcts,mcts,1_ahead_robot,1_ahead_robot,,0,metrics_steps_mcts_narrow_hallway_1_ahead_robot_0.csv,False,12.0,0
narrow_hallway,mcts,mcts,1_ahead_robot,1_ahead_robot,,0,metrics_steps_mcts_narrow_hallway_1_ahead_robot_0.csv,False,12.1,0
narrow_hallway,mcts,mcts,1_ahead_robot,1_ahead_robot,,0,metrics_steps_mcts_narrow_hallway_1_ahead_robot_0.csv,False,12.2,0
narrow_hallway,mcts,mcts,1_ahead_robot,1_ahead_robot,,0,metrics_steps_mcts_narrow_hallway_1_ahead_robot_0.csv,False,12.3,0
narrow_hallway,mcts,mcts,1_ahead_robot,1_ahead_robot,,0,metrics_steps_mcts_narrow_hallway_1_ahead_robot_0.csv,False,12.4,0
narrow_hallway,mcts,mcts,1_ahead_robot,1_ahead_robot,,0,metrics_steps_mcts_narrow_hallway_1_ahead_robot_0.csv,False,12.5,0
narrow_hallway,mcts,mcts,1_ahead_robot,1_ahead_robot,,0,metrics_steps_mcts_narrow_hallway_1_ahead_robot_0.csv,False,12.6,0
narrow_hallway,mcts,mcts,1_ahead_robot,1_ahead_robot,,0,metrics_steps_mcts_narrow_hallway_1_ahead_robot_0.csv,False,12.7,0
narrow_hallway,mcts,mcts,1_ahead_robot,1_ahead_robot,,0,metrics_steps_mcts_narrow_hallway_1_ahead_robot_0.csv,False,12.8,0
narrow_hallway,mcts,mcts,1_ahead_robot,1_ahead_robot,,0,metrics_steps_mcts_narrow_hallway_1_ahead_robot_0.csv,False,12.9,0
narrow_hallway,mcts,mcts,1_ahead_robot,1_ahead_robot,,0,metrics_steps_mcts_narrow_hallway_1_ahead_robot_0.csv,False,13.0,0
narrow_hallway,mcts,mcts,1_ahead_robot,1_ahead_robot,,0,metrics_steps_mcts_narrow_hallway_1_ahead_robot_0.csv,False,13.1,0
narrow_hallway,mcts,mcts,1_ahead_robot,1_ahead_robot,,0,metrics_steps_mcts_narrow_hallway_1_ahead_robot_0.csv,False,13.2,0
narrow_hallway,mcts,mcts,1_ahead_robot,1_ahead_robot,,0,metrics_steps_mcts_narrow_hallway_1_ahead_robot_0.csv,False,13.3,0
narrow_hallway,mcts,mcts,1_ahead_robot,1_ahead_robot,,0,metrics_steps_mcts_narrow_hallway_1_ahead_robot_0.csv,False,13.4,0
narrow_hallway,mcts,mcts,1_ahead_robot,1_ahead_robot,,0,metrics_steps_mcts_narrow_hallway_1_ahead_robot_0.csv,False,13.5,0
narrow_hallway,mcts,mcts,1_ahead_robot,1_ahead_robot,,0,metrics_steps_mcts_narrow_hallway_1_ahead_robot_0.csv,False,13.6,0
narrow_hallway,mcts,mcts,1_ahead_robot,1_ahead_robot,,0,metrics_steps_mcts_narrow_hallway_1_ahead_robot_0.csv,False,13.7,0
narrow_hallway,mcts,mcts,1_ahead_robot,1_ahead_robot,,0,metrics_steps_mcts_narrow_hallway_1_ahead_robot_0.csv,False,13.8,0
narrow_hallway,mcts,mcts,1_ahead_robot,1_ahead_robot,,0,metrics_steps_mcts_narrow_hallway_1_ahead_robot_0.csv,False,13.9,0
narrow_hallway,mcts,mcts,1_ahead_robot,1_ahead_robot,,0,metrics_steps_mcts_narrow_hallway_1_ahead_robot_0.csv,False,14.0,0
narrow_hallway,mcts,mcts,1_ahead_robot,1_ahead_robot,,0,metrics_steps_mcts_narrow_hallway_1_ahead_robot_0.csv,False,14.1,0
narrow_hallway,mcts,mcts,1_ahead_robot,1_ahead_robot,,0,metrics_steps_mcts_narrow_hallway_1_ahead_robot_0.csv,False,14.2,0
narrow_hallway,mcts,mcts,1_behind_robot,1_behind_robot,,0,metrics_steps_mcts_narrow_hallway_1_behind_robot_0.csv,False,0.0,0
narrow_hallway,mcts,mcts,1_behind_robot,1_behind_robot,,0,metrics_steps_mcts_narrow_hallway_1_behind_robot_0.csv,False,0.1,0
narrow_hallway,mcts,mcts,1_behind_robot,1_behind_robot,,0,metrics_steps_mcts_narrow_hallway_1_behind_robot_0.csv,False,0.2,0
narrow_hallway,mcts,mcts,1_behind_robot,1_behind_robot,,0,metrics_steps_mcts_narrow_hallway_1_behind_robot_0.csv,False,0.3,0
narrow_hallway,mcts,mcts,1_behind_robot,1_behind_robot,,0,metrics_steps_mcts_narrow_hallway_1_behind_robot_0.csv,False,0.4,0
narrow_hallway,mcts,mcts,1_behind_robot,1_behind_robot,,0,metrics_steps_mcts_narrow_hallway_1_behind_robot_0.csv,False,0.5,0
narrow_hallway,mcts,mcts,1_behind_robot,1_behind_robot,,0,metrics_steps_mcts_narrow_hallway_1_behind_robot_0.csv,False,0.6,0
narrow_hallway,mcts,mcts,1_behind_robot,1_behind_robot,,0,metrics_steps_mcts_narrow_hallway_1_behind_robot_0.csv,False,0.7,0
narrow_hallway,mcts,mcts,1_behind_robot,1_behind_robot,,0,metrics_steps_mcts_narrow_hallway_1_behind_robot_0.csv,False,0.8,0
narrow_hallway,mcts,mcts,1_behind_robot,1_behind_robot,,0,metrics_steps_mcts_narrow_hallway_1_behind_robot_0.csv,False,0.9,0
narrow_hallway,mcts,mcts,1_behind_robot,1_behind_robot,,0,metrics_steps_mcts_narrow_hallway_1_behind_robot_0.csv,False,1.0,0
narrow_hallway,mcts,mcts,1_behind_robot,1_behind_robot,,0,metrics_steps_mcts_narrow_hallway_1_behind_robot_0.csv,False,1.1,0
narrow_hallway,mcts,mcts,1_behind_robot,1_behind_robot,,0,metrics_steps_mcts_narrow_hallway_1_behind_robot_0.csv,False,1.2,0
narrow_hallway,mcts,mcts,1_behind_robot,1_behind_robot,,0,metrics_steps_mcts_narrow_hallway_1_behind_robot_0.csv,False,1.3,0
narrow_hallway,mcts,mcts,1_behind_robot,1_behind_robot,,0,metrics_steps_mcts_narrow_hallway_1_behind_robot_0.csv,False,1.4,0
narrow_hallway,mcts,mcts,1_behind_robot,1_behind_robot,,0,metrics_steps_mcts_narrow_hallway_1_behind_robot_0.csv,False,1.5,0
narrow_hallway,mcts,mcts,1_behind_robot,1_behind_robot,,0,metrics_steps_mcts_narrow_hallway_1_behind_robot_0.csv,False,1.6,0
narrow_hallway,mcts,mcts,1_behind_robot,1_behind_robot,,0,metrics_steps_mcts_narrow_hallway_1_behind_robot_0.csv,False,1.7,0
narrow_hallway,mcts,mcts,1_behind_robot,1_behind_robot,,0,metrics_steps_mcts_narrow_hallway_1_behind_robot_0.csv,False,1.8,0
narrow_hallway,mcts,mcts,1_behind_robot,1_behind_robot,,0,metrics_steps_mcts_narrow_hallway_1_behind_robot_0.csv,False,1.9,0
narrow_hallway,mcts,mcts,1_behind_robot,1_behind_robot,,0,metrics_steps_mcts_narrow_hallway_1_behind_robot_0.csv,False,2.0,0
narrow_hallway,mcts,mcts,1_behind_robot,1_behind_robot,,0,metrics_steps_mcts_narrow_hallway_1_behind_robot_0.csv,False,2.1,0
narrow_hallway,mcts,mcts,1_behind_robot,1_behind_robot,,0,metrics_steps_mcts_narrow_hallway_1_behind_robot_0.csv,False,2.2,0
narrow_hallway,mcts,mcts,1_behind_robot,1_behind_robot,,0,metrics_steps_mcts_narrow_hallway_1_behind_robot_0.csv,False,2.3,0
narrow_hallway,mcts,mcts,1_behind_robot,1_behind_robot,,0,metrics_steps_mcts_narrow_hallway_1_behind_robot_0.csv,False,2.4,0
narrow_hallway,mcts,mcts,1_behind_robot,1_behind_robot,,0,metrics_steps_mcts_narrow_hallway_1_behind_robot_0.csv,False,2.5,0
narrow_hallway,mcts,mcts,1_behind_robot,1_behind_robot,,0,metrics_steps_mcts_narrow_hallway_1_behind_robot_0.csv,False,2.6,0
narrow_hallway,mcts,mcts,1_behind_robot,1_behind_robot,,0,metrics_steps_mcts_narrow_hallway_1_behind_robot_0.csv,False,2.7,0
narrow_hallway,mcts,mcts,1_behind_robot,1_behind_robot,,0,metrics_steps_mcts_narrow_hallway_1_behind_robot_0.csv,False,2.8,0
narrow_hallway,mcts,mcts,1_behind_robot,1_behind_robot,,0,metrics_steps_mcts_narrow_hallway_1_behind_robot_0.csv,False,2.9,0
narrow_hallway,mcts,mcts,1_behind_robot,1_behind_robot,,0,metrics_steps_mcts_narrow_hallway_1_behind_robot_0.csv,False,3.0,0
narrow_hallway,mcts,mcts,1_behind_robot,1_behind_robot,,0,metrics_steps_mcts_narrow_hallway_1_behind_robot_0.csv,False,3.1,0
narrow_hallway,mcts,mcts,1_behind_robot,1_behind_robot,,0,metrics_steps_mcts_narrow_hallway_1_behind_robot_0.csv,False,3.2,0
narrow_hallway,mcts,mcts,1_behind_robot,1_behind_robot,,0,metrics_steps_mcts_narrow_hallway_1_behind_robot_0.csv,False,3.3,0
narrow_hallway,mcts,mcts,1_behind_robot,1_behind_robot,,0,metrics_steps_mcts_narrow_hallway_1_behind_robot_0.csv,False,3.4,0
narrow_hallway,mcts,mcts,1_behind_robot,1_behind_robot,,0,metrics_steps_mcts_narrow_hallway_1_behind_robot_0.csv,False,3.5,0
narrow_hallway,mcts,mcts,1_behind_robot,1_behind_robot,,0,metrics_steps_mcts_narrow_hallway_1_behind_robot_0.csv,False,3.6,0
narrow_hallway,mcts,mcts,1_behind_robot,1_behind_robot,,0,metrics_steps_mcts_narrow_hallway_1_behind_robot_0.csv,False,3.7,0
narrow_hallway,mcts,mcts,1_behind_robot,1_behind_robot,,0,metrics_steps_mcts_narrow_hallway_1_behind_robot_0.csv,False,3.8,0
narrow_hallway,mcts,mcts,1_behind_robot,1_behind_robot,,0,metrics_steps_mcts_narrow_hallway_1_behind_robot_0.csv,False,3.9,0
narrow_hallway,mcts,mcts,1_behind_robot,1_behind_robot,,0,metrics_steps_mcts_narrow_hallway_1_behind_robot_0.csv,False,4.0,0
narrow_hallway,mcts,mcts,1_behind_robot,1_behind_robot,,0,metrics_steps_mcts_narrow_hallway_1_behind_robot_0.csv,False,4.1,0
narrow_hallway,mcts,mcts,1_behind_robot,1_behind_robot,,0,metrics_steps_mcts_narrow_hallway_1_behind_robot_0.csv,False,4.2,0
narrow_hallway,mcts,mcts,1_behind_robot,1_behind_robot,,0,metrics_steps_mcts_narrow_hallway_1_behind_robot_0.csv,False,4.3,0
narrow_hallway,mcts,mcts,1_behind_robot,1_behind_robot,,0,metrics_steps_mcts_narrow_hallway_1_behind_robot_0.csv,False,4.4,0
narrow_hallway,mcts,mcts,1_behind_robot,1_behind_robot,,0,metrics_steps_mcts_narrow_hallway_1_behind_robot_0.csv,False,4.5,0
narrow_hallway,mcts,mcts,1_behind_robot,1_behind_robot,,0,metrics_steps_mcts_narrow_hallway_1_behind_robot_0.csv,False,4.6,0
narrow_hallway,mcts,mcts,1_behind_robot,1_behind_robot,,0,metrics_steps_mcts_narrow_hallway_1_behind_robot_0.csv,False,4.7,0
narrow_hallway,mcts,mcts,1_behind_robot,1_behind_robot,,0,metrics_steps_mcts_narrow_hallway_1_behind_robot_0.csv,False,4.8,0
narrow_hallway,mcts,mcts,1_behind_robot,1_behind_robot,,0,metrics_steps_mcts_narrow_hallway_1_behind_robot_0.csv,False,4.9,0
narrow_hallway,mcts,mcts,1_behind_robot,1_behind_robot,,0,metrics_steps_mcts_narrow_hallway_1_behind_robot_0.csv,False,5.0,0
narrow_hallway,mcts,mcts,1_behind_robot,1_behind_robot,,0,metrics_steps_mcts_narrow_hallway_1_behind_robot_0.csv,False,5.1,0
narrow_hallway,mcts,mcts,1_behind_robot,1_behind_robot,,0,metrics_steps_mcts_narrow_hallway_1_behind_robot_0.csv,False,5.2,0
narrow_hallway,mcts,mcts,1_behind_robot,1_behind_robot,,0,metrics_steps_mcts_narrow_hallway_1_behind_robot_0.csv,False,5.3,0
narrow_hallway,mcts,mcts,1_behind_robot,1_behind_robot,,0,metrics_steps_mcts_narrow_hallway_1_behind_robot_0.csv,False,5.4,0
narrow_hallway,mcts,mcts,1_behind_robot,1_behind_robot,,0,metrics_steps_mcts_narrow_hallway_1_behind_robot_0.csv,False,5.5,0
narrow_hallway,mcts,mcts,1_behind_robot,1_behind_robot,,0,metrics_steps_mcts_narrow_hallway_1_behind_robot_0.csv,False,5.6,0
narrow_hallway,mcts,mcts,1_behind_robot,1_behind_robot,,0,metrics_steps_mcts_narrow_hallway_1_behind_robot_0.csv,False,5.7,0
narrow_hallway,mcts,mcts,1_behind_robot,1_behind_robot,,0,metrics_steps_mcts_narrow_hallway_1_behind_robot_0.csv,False,5.8,0
narrow_hallway,mcts,mcts,1_behind_robot,1_behind_robot,,0,metrics_steps_mcts_narrow_hallway_1_behind_robot_0.csv,False,5.9,0
narrow_hallway,mcts,mcts,1_behind_robot,1_behind_robot,,0,metrics_steps_mcts_narrow_hallway_1_behind_robot_0.csv,False,6.0,0
narrow_hallway,mcts,mcts,1_behind_robot,1_behind_robot,,0,metrics_steps_mcts_narrow_hallway_1_behind_robot_0.csv,False,6.1,0
narrow_hallway,mcts,mcts,1_behind_robot,1_behind_robot,,0,metrics_steps_mcts_narrow_hallway_1_behind_robot_0.csv,False,6.2,0
narrow_hallway,mcts,mcts,1_behind_robot,1_behind_robot,,0,metrics_steps_mcts_narrow_hallway_1_behind_robot_0.csv,False,6.3,0
narrow_hallway,mcts,mcts,1_behind_robot,1_behind_robot,,0,metrics_steps_mcts_narrow_hallway_1_behind_robot_0.csv,False,6.4,0
narrow_hallway,mcts,mcts,1_behind_robot,1_behind_robot,,0,metrics_steps_mcts_narrow_hallway_1_behind_robot_0.csv,False,6.5,0
narrow_hallway,mcts,mcts,1_behind_robot,1_behind_robot,,0,metrics_steps_mcts_narrow_hallway_1_behind_robot_0.csv,False,6.6,0
narrow_hallway,mcts,mcts,1_behind_robot,1_behind_robot,,0,metrics_steps_mcts_narrow_hallway_1_behind_robot_0.csv,False,6.7,0
narrow_hallway,mcts,mcts,1_behind_robot,1_behind_robot,,0,metrics_steps_mcts_narrow_hallway_1_behind_robot_0.csv,False,6.79,0
narrow_hallway,mcts,mcts,1_behind_robot,1_behind_robot,,0,metrics_steps_mcts_narrow_hallway_1_behind_robot_0.csv,False,6.89,0
narrow_hallway,mcts,mcts,1_behind_robot,1_behind_robot,,0,metrics_steps_mcts_narrow_hallway_1_behind_robot_0.csv,False,6.99,0
narrow_hallway,mcts,mcts,1_behind_robot,1_behind_robot,,0,metrics_steps_mcts_narrow_hallway_1_behind_robot_0.csv,False,7.09,0
narrow_hallway,mcts,mcts,1_behind_robot,1_behind_robot,,0,metrics_steps_mcts_narrow_hallway_1_behind_robot_0.csv,False,7.19,0
narrow_hallway,mcts,mcts,1_behind_robot,1_behind_robot,,0,metrics_steps_mcts_narrow_hallway_1_behind_robot_0.csv,False,7.29,0
narrow_hallway,mcts,mcts,1_behind_robot,1_behind_robot,,0,metrics_steps_mcts_narrow_hallway_1_behind_robot_0.csv,False,7.39,0
narrow_hallway,mcts,mcts,1_behind_robot,1_behind_robot,,0,metrics_steps_mcts_narrow_hallway_1_behind_robot_0.csv,False,7.49,0
narrow_hallway,mcts,mcts,1_behind_robot,1_behind_robot,,0,metrics_steps_mcts_narrow_hallway_1_behind_robot_0.csv,False,7.59,0
narrow_hallway,mcts,mcts,1_behind_robot,1_behind_robot,,0,metrics_steps_mcts_narrow_hallway_1_behind_robot_0.csv,False,7.689999999999999,0
narrow_hallway,mcts,mcts,1_behind_robot,1_behind_robot,,0,metrics_steps_mcts_narrow_hallway_1_behind_robot_0.csv,False,7.79,0
narrow_hallway,mcts,mcts,1_behind_robot,1_behind_robot,,0,metrics_steps_mcts_narrow_hallway_1_behind_robot_0.csv,False,7.89,0
narrow_hallway,mcts,mcts,1_behind_robot,1_behind_robot,,0,metrics_steps_mcts_narrow_hallway_1_behind_robot_0.csv,False,7.99,0
narrow_hallway,mcts,mcts,1_behind_robot,1_behind_robot,,0,metrics_steps_mcts_narrow_hallway_1_behind_robot_0.csv,False,8.09,0
narrow_hallway,mcts,mcts,1_behind_robot,1_behind_robot,,0,metrics_steps_mcts_narrow_hallway_1_behind_robot_0.csv,False,8.19,0
narrow_hallway,mcts,mcts,1_behind_robot,1_behind_robot,,0,metrics_steps_mcts_narrow_hallway_1_behind_robot_0.csv,False,8.29,0
narrow_hallway,mcts,mcts,1_behind_robot,1_behind_robot,,0,metrics_steps_mcts_narrow_hallway_1_behind_robot_0.csv,False,8.39,0
narrow_hallway,mcts,mcts,1_behind_robot,1_behind_robot,,0,metrics_steps_mcts_narrow_hallway_1_behind_robot_0.csv,False,8.49,0
narrow_hallway,mcts,mcts,1_behind_robot,1_behind_robot,,0,metrics_steps_mcts_narrow_hallway_1_behind_robot_0.csv,False,8.59,0
narrow_hallway,mcts,mcts,1_behind_robot,1_behind_robot,,0,metrics_steps_mcts_narrow_hallway_1_behind_robot_0.csv,False,8.69,0
narrow_hallway,mcts,mcts,1_behind_robot,1_behind_robot,,0,metrics_steps_mcts_narrow_hallway_1_behind_robot_0.csv,False,8.79,0
narrow_hallway,mcts,mcts,1_behind_robot,1_behind_robot,,0,metrics_steps_mcts_narrow_hallway_1_behind_robot_0.csv,False,8.89,0
narrow_hallway,mcts,mcts,1_behind_robot,1_behind_robot,,0,metrics_steps_mcts_narrow_hallway_1_behind_robot_0.csv,False,8.99,0
narrow_hallway,mcts,mcts,1_behind_robot,1_behind_robot,,0,metrics_steps_mcts_narrow_hallway_1_behind_robot_0.csv,False,9.09,0
narrow_hallway,mcts,mcts,1_behind_robot,1_behind_robot,,0,metrics_steps_mcts_narrow_hallway_1_behind_robot_0.csv,False,9.19,0
narrow_hallway,mcts,mcts,1_behind_robot,1_behind_robot,,0,metrics_steps_mcts_narrow_hallway_1_behind_robot_0.csv,False,9.29,0
narrow_hallway,mcts,mcts,1_behind_robot,1_behind_robot,,0,metrics_steps_mcts_narrow_hallway_1_behind_robot_0.csv,False,9.39,0
narrow_hallway,mcts,mcts,1_behind_robot,1_behind_robot,,0,metrics_steps_mcts_narrow_hallway_1_behind_robot_0.csv,False,9.49,0
narrow_hallway,mcts,mcts,1_behind_robot,1_behind_robot,,0,metrics_steps_mcts_narrow_hallway_1_behind_robot_0.csv,False,9.59,0
narrow_hallway,mcts,mcts,1_behind_robot,1_behind_robot,,0,metrics_steps_mcts_narrow_hallway_1_behind_robot_0.csv,False,9.69,0
narrow_hallway,mcts,mcts,1_behind_robot,1_behind_robot,,0,metrics_steps_mcts_narrow_hallway_1_behind_robot_0.csv,False,9.79,0
narrow_hallway,mcts,mcts,1_behind_robot,1_behind_robot,,0,metrics_steps_mcts_narrow_hallway_1_behind_robot_0.csv,False,9.89,0
narrow_hallway,mcts,mcts,1_behind_robot,1_behind_robot,,0,metrics_steps_mcts_narrow_hallway_1_behind_robot_0.csv,False,9.99,0
narrow_hallway,mcts,mcts,1_behind_robot,1_behind_robot,,0,metrics_steps_mcts_narrow_hallway_1_behind_robot_0.csv,False,10.09,0
narrow_hallway,mcts,mcts,1_behind_robot,1_behind_robot,,0,metrics_steps_mcts_narrow_hallway_1_behind_robot_0.csv,False,10.19,0
narrow_hallway,mcts,mcts,1_behind_robot,1_behind_robot,,0,metrics_steps_mcts_narrow_hallway_1_behind_robot_0.csv,False,10.29,0
narrow_hallway,mcts,mcts,1_behind_robot,1_behind_robot,,0,metrics_steps_mcts_narrow_hallway_1_behind_robot_0.csv,False,10.39,0
narrow_hallway,mcts,mcts,1_behind_robot,1_behind_robot,,0,metrics_steps_mcts_narrow_hallway_1_behind_robot_0.csv,False,10.49,0
narrow_hallway,mcts,mcts,1_behind_robot,1_behind_robot,,0,metrics_steps_mcts_narrow_hallway_1_behind_robot_0.csv,False,10.59,0
narrow_hallway,mcts,mcts,1_behind_robot,1_behind_robot,,0,metrics_steps_mcts_narrow_hallway_1_behind_robot_0.csv,False,10.69,0
narrow_hallway,mcts,mcts,1_behind_robot,1_behind_robot,,0,metrics_steps_mcts_narrow_hallway_1_behind_robot_0.csv,False,10.79,0
narrow_hallway,mcts,mcts,1_behind_robot,1_behind_robot,,0,metrics_steps_mcts_narrow_hallway_1_behind_robot_0.csv,False,10.89,0
narrow_hallway,mcts,mcts,1_behind_robot,1_behind_robot,,0,metrics_steps_mcts_narrow_hallway_1_behind_robot_0.csv,False,10.99,0
narrow_hallway,mcts,mcts,1_behind_robot,1_behind_robot,,0,metrics_steps_mcts_narrow_hallway_1_behind_robot_0.csv,False,11.09,0
narrow_hallway,mcts,mcts,1_behind_robot,1_behind_robot,,0,metrics_steps_mcts_narrow_hallway_1_behind_robot_0.csv,False,11.19,0
narrow_hallway,mcts,mcts,1_behind_robot,1_behind_robot,,0,metrics_steps_mcts_narrow_hallway_1_behind_robot_0.csv,False,11.29,0
narrow_hallway,mcts,mcts,1_behind_robot,1_behind_robot,,0,metrics_steps_mcts_narrow_hallway_1_behind_robot_0.csv,False,11.39,0
narrow_hallway,mcts,mcts,2_towards_robot,2_towards_robot,,0,metrics_steps_mcts_narrow_hallway_2_towards_robot_0.csv,False,0.0,0
narrow_hallway,mcts,mcts,2_towards_robot,2_towards_robot,,0,metrics_steps_mcts_narrow_hallway_2_towards_robot_0.csv,False,0.1,0
narrow_hallway,mcts,mcts,2_towards_robot,2_towards_robot,,0,metrics_steps_mcts_narrow_hallway_2_towards_robot_0.csv,False,0.2,0
narrow_hallway,mcts,mcts,2_towards_robot,2_towards_robot,,0,metrics_steps_mcts_narrow_hallway_2_towards_robot_0.csv,False,0.3,0
narrow_hallway,mcts,mcts,2_towards_robot,2_towards_robot,,0,metrics_steps_mcts_narrow_hallway_2_towards_robot_0.csv,False,0.4,0
narrow_hallway,mcts,mcts,2_towards_robot,2_towards_robot,,0,metrics_steps_mcts_narrow_hallway_2_towards_robot_0.csv,False,0.5,0
narrow_hallway,mcts,mcts,2_towards_robot,2_towards_robot,,0,metrics_steps_mcts_narrow_hallway_2_towards_robot_0.csv,False,0.6,0
narrow_hallway,mcts,mcts,2_towards_robot,2_towards_robot,,0,metrics_steps_mcts_narrow_hallway_2_towards_robot_0.csv,False,0.7,0
narrow_hallway,mcts,mcts,2_towards_robot,2_towards_robot,,0,metrics_steps_mcts_narrow_hallway_2_towards_robot_0.csv,False,0.8,0
narrow_hallway,mcts,mcts,2_towards_robot,2_towards_robot,,0,metrics_steps_mcts_narrow_hallway_2_towards_robot_0.csv,False,0.9,0
narrow_hallway,mcts,mcts,2_towards_robot,2_towards_robot,,0,metrics_steps_mcts_narrow_hallway_2_towards_robot_0.csv,False,1.0,0
narrow_hallway,mcts,mcts,2_towards_robot,2_towards_robot,,0,metrics_steps_mcts_narrow_hallway_2_towards_robot_0.csv,False,1.1,0
narrow_hallway,mcts,mcts,2_towards_robot,2_towards_robot,,0,metrics_steps_mcts_narrow_hallway_2_towards_robot_0.csv,False,1.2,0
narrow_hallway,mcts,mcts,2_towards_robot,2_towards_robot,,0,metrics_steps_mcts_narrow_hallway_2_towards_robot_0.csv,False,1.3,0
narrow_hallway,mcts,mcts,2_towards_robot,2_towards_robot,,0,metrics_steps_mcts_narrow_hallway_2_towards_robot_0.csv,False,1.4,0
narrow_hallway,mcts,mcts,2_towards_robot,2_towards_robot,,0,metrics_steps_mcts_narrow_hallway_2_towards_robot_0.csv,False,1.5,0
narrow_hallway,mcts,mcts,2_towards_robot,2_towards_robot,,0,metrics_steps_mcts_narrow_hallway_2_towards_robot_0.csv,False,1.6,0
narrow_hallway,mcts,mcts,2_towards_robot,2_towards_robot,,0,metrics_steps_mcts_narrow_hallway_2_towards_robot_0.csv,False,1.7,0
narrow_hallway,mcts,mcts,2_towards_robot,2_towards_robot,,0,metrics_steps_mcts_narrow_hallway_2_towards_robot_0.csv,False,1.8,0
narrow_hallway,mcts,mcts,2_towards_robot,2_towards_robot,,0,metrics_steps_mcts_narrow_hallway_2_towards_robot_0.csv,False,1.9,0
narrow_hallway,mcts,mcts,2_towards_robot,2_towards_robot,,0,metrics_steps_mcts_narrow_hallway_2_towards_robot_0.csv,False,2.0,0
narrow_hallway,mcts,mcts,2_towards_robot,2_towards_robot,,0,metrics_steps_mcts_narrow_hallway_2_towards_robot_0.csv,False,2.1,0
narrow_hallway,mcts,mcts,2_towards_robot,2_towards_robot,,0,metrics_steps_mcts_narrow_hallway_2_towards_robot_0.csv,False,2.2,0
narrow_hallway,mcts,mcts,2_towards_robot,2_towards_robot,,0,metrics_steps_mcts_narrow_hallway_2_towards_robot_0.csv,False,2.3,0
narrow_hallway,mcts,mcts,2_towards_robot,2_towards_robot,,0,metrics_steps_mcts_narrow_hallway_2_towards_robot_0.csv,False,2.4,0
narrow_hallway,mcts,mcts,2_towards_robot,2_towards_robot,,0,metrics_steps_mcts_narrow_hallway_2_towards_robot_0.csv,False,2.5,0
narrow_hallway,mcts,mcts,2_towards_robot,2_towards_robot,,0,metrics_steps_mcts_narrow_hallway_2_towards_robot_0.csv,False,2.6,0
narrow_hallway,mcts,mcts,2_towards_robot,2_towards_robot,,0,metrics_steps_mcts_narrow_hallway_2_towards_robot_0.csv,False,2.7,0
narrow_hallway,mcts,mcts,2_towards_robot,2_towards_robot,,0,metrics_steps_mcts_narrow_hallway_2_towards_robot_0.csv,False,2.8,0
narrow_hallway,mcts,mcts,2_towards_robot,2_towards_robot,,0,metrics_steps_mcts_narrow_hallway_2_towards_robot_0.csv,False,2.9,0
narrow_hallway,mcts,mcts,2_towards_robot,2_towards_robot,,0,metrics_steps_mcts_narrow_hallway_2_towards_robot_0.csv,False,3.0,0
narrow_hallway,mcts,mcts,2_towards_robot,2_towards_robot,,0,metrics_steps_mcts_narrow_hallway_2_towards_robot_0.csv,False,3.1,0
narrow_hallway,mcts,mcts,2_towards_robot,2_towards_robot,,0,metrics_steps_mcts_narrow_hallway_2_towards_robot_0.csv,False,3.2,0
narrow_hallway,mcts,mcts,2_towards_robot,2_towards_robot,,0,metrics_steps_mcts_narrow_hallway_2_towards_robot_0.csv,False,3.3,0
narrow_hallway,mcts,mcts,2_towards_robot,2_towards_robot,,0,metrics_steps_mcts_narrow_hallway_2_towards_robot_0.csv,False,3.4,0
narrow_hallway,mcts,mcts,2_towards_robot,2_towards_robot,,0,metrics_steps_mcts_narrow_hallway_2_towards_robot_0.csv,False,3.5,0
narrow_hallway,mcts,mcts,2_towards_robot,2_towards_robot,,0,metrics_steps_mcts_narrow_hallway_2_towards_robot_0.csv,False,3.6,0
narrow_hallway,mcts,mcts,2_towards_robot,2_towards_robot,,0,metrics_steps_mcts_narrow_hallway_2_towards_robot_0.csv,False,3.7,0
narrow_hallway,mcts,mcts,2_towards_robot,2_towards_robot,,0,metrics_steps_mcts_narrow_hallway_2_towards_robot_0.csv,False,3.8,0
narrow_hallway,mcts,mcts,2_towards_robot,2_towards_robot,,0,metrics_steps_mcts_narrow_hallway_2_towards_robot_0.csv,False,3.9,0
narrow_hallway,mcts,mcts,2_towards_robot,2_towards_robot,,0,metrics_steps_mcts_narrow_hallway_2_towards_robot_0.csv,False,4.0,0
narrow_hallway,mcts,mcts,2_towards_robot,2_towards_robot,,0,metrics_steps_mcts_narrow_hallway_2_towards_robot_0.csv,False,4.1,0
narrow_hallway,mcts,mcts,2_towards_robot,2_towards_robot,,0,metrics_steps_mcts_narrow_hallway_2_towards_robot_0.csv,False,4.2,0
narrow_hallway,mcts,mcts,2_towards_robot,2_towards_robot,,0,metrics_steps_mcts_narrow_hallway_2_towards_robot_0.csv,False,4.3,0
narrow_hallway,mcts,mcts,2_towards_robot,2_towards_robot,,0,metrics_steps_mcts_narrow_hallway_2_towards_robot_0.csv,False,4.4,0
narrow_hallway,mcts,mcts,2_towards_robot,2_towards_robot,,0,metrics_steps_mcts_narrow_hallway_2_towards_robot_0.csv,False,4.5,0
narrow_hallway,mcts,mcts,2_towards_robot,2_towards_robot,,0,metrics_steps_mcts_narrow_hallway_2_towards_robot_0.csv,False,4.6,0
narrow_hallway,mcts,mcts,2_towards_robot,2_towards_robot,,0,metrics_steps_mcts_narrow_hallway_2_towards_robot_0.csv,False,4.7,0
narrow_hallway,mcts,mcts,2_towards_robot,2_towards_robot,,0,metrics_steps_mcts_narrow_hallway_2_towards_robot_0.csv,False,4.8,0
narrow_hallway,mcts,mcts,2_towards_robot,2_towards_robot,,0,metrics_steps_mcts_narrow_hallway_2_towards_robot_0.csv,False,4.9,0
narrow_hallway,mcts,mcts,2_towards_robot,2_towards_robot,,0,metrics_steps_mcts_narrow_hallway_2_towards_robot_0.csv,False,5.0,0
narrow_hallway,mcts,mcts,2_towards_robot,2_towards_robot,,0,metrics_steps_mcts_narrow_hallway_2_towards_robot_0.csv,False,5.1,0
narrow_hallway,mcts,mcts,2_towards_robot,2_towards_robot,,0,metrics_steps_mcts_narrow_hallway_2_towards_robot_0.csv,False,5.2,0
narrow_hallway,mcts,mcts,2_towards_robot,2_towards_robot,,0,metrics_steps_mcts_narrow_hallway_2_towards_robot_0.csv,False,5.3,0
narrow_hallway,mcts,mcts,2_towards_robot,2_towards_robot,,0,metrics_steps_mcts_narrow_hallway_2_towards_robot_0.csv,False,5.4,0
narrow_hallway,mcts,mcts,2_towards_robot,2_towards_robot,,0,metrics_steps_mcts_narrow_hallway_2_towards_robot_0.csv,False,5.5,0
narrow_hallway,mcts,mcts,2_towards_robot,2_towards_robot,,0,metrics_steps_mcts_narrow_hallway_2_towards_robot_0.csv,False,5.6,0
narrow_hallway,mcts,mcts,2_towards_robot,2_towards_robot,,0,metrics_steps_mcts_narrow_hallway_2_towards_robot_0.csv,False,5.7,0
narrow_hallway,mcts,mcts,2_towards_robot,2_towards_robot,,0,metrics_steps_mcts_narrow_hallway_2_towards_robot_0.csv,False,5.8,0
narrow_hallway,mcts,mcts,2_towards_robot,2_towards_robot,,0,metrics_steps_mcts_narrow_hallway_2_towards_robot_0.csv,False,5.9,0
narrow_hallway,mcts,mcts,2_towards_robot,2_towards_robot,,0,metrics_steps_mcts_narrow_hallway_2_towards_robot_0.csv,False,6.0,0
narrow_hallway,mcts,mcts,2_towards_robot,2_towards_robot,,0,metrics_steps_mcts_narrow_hallway_2_towards_robot_0.csv,False,6.1,0
narrow_hallway,mcts,mcts,2_towards_robot,2_towards_robot,,0,metrics_steps_mcts_narrow_hallway_2_towards_robot_0.csv,False,6.2,0
narrow_hallway,mcts,mcts,2_towards_robot,2_towards_robot,,0,metrics_steps_mcts_narrow_hallway_2_towards_robot_0.csv,False,6.3,0
narrow_hallway,mcts,mcts,2_towards_robot,2_towards_robot,,0,metrics_steps_mcts_narrow_hallway_2_towards_robot_0.csv,False,6.4,0
narrow_hallway,mcts,mcts,2_towards_robot,2_towards_robot,,0,metrics_steps_mcts_narrow_hallway_2_towards_robot_0.csv,False,6.5,0
narrow_hallway,mcts,mcts,2_towards_robot,2_towards_robot,,0,metrics_steps_mcts_narrow_hallway_2_towards_robot_0.csv,False,6.6,0
narrow_hallway,mcts,mcts,2_towards_robot,2_towards_robot,,0,metrics_steps_mcts_narrow_hallway_2_towards_robot_0.csv,False,6.7,0
narrow_hallway,mcts,mcts,2_towards_robot,2_towards_robot,,0,metrics_steps_mcts_narrow_hallway_2_towards_robot_0.csv,False,6.8,0
narrow_hallway,mcts,mcts,2_towards_robot,2_towards_robot,,0,metrics_steps_mcts_narrow_hallway_2_towards_robot_0.csv,False,6.9,0
narrow_hallway,mcts,mcts,2_towards_robot,2_towards_robot,,0,metrics_steps_mcts_narrow_hallway_2_towards_robot_0.csv,False,7.0,0
narrow_hallway,mcts,mcts,2_towards_robot,2_towards_robot,,0,metrics_steps_mcts_narrow_hallway_2_towards_robot_0.csv,False,7.1,0
narrow_hallway,mcts,mcts,2_towards_robot,2_towards_robot,,0,metrics_steps_mcts_narrow_hallway_2_towards_robot_0.csv,False,7.2,0
narrow_hallway,mcts,mcts,2_towards_robot,2_towards_robot,,0,metrics_steps_mcts_narrow_hallway_2_towards_robot_0.csv,False,7.3,0
narrow_hallway,mcts,mcts,2_towards_robot,2_towards_robot,,0,metrics_steps_mcts_narrow_hallway_2_towards_robot_0.csv,False,7.4,0
narrow_hallway,mcts,mcts,2_towards_robot,2_towards_robot,,0,metrics_steps_mcts_narrow_hallway_2_towards_robot_0.csv,False,7.5,0
narrow_hallway,mcts,mcts,2_towards_robot,2_towards_robot,,0,metrics_steps_mcts_narrow_hallway_2_towards_robot_0.csv,False,7.6,0
narrow_hallway,mcts,mcts,2_towards_robot,2_towards_robot,,0,metrics_steps_mcts_narrow_hallway_2_towards_robot_0.csv,False,7.7,0
narrow_hallway,mcts,mcts,2_towards_robot,2_towards_robot,,0,metrics_steps_mcts_narrow_hallway_2_towards_robot_0.csv,False,7.8,0
narrow_hallway,mcts,mcts,2_towards_robot,2_towards_robot,,0,metrics_steps_mcts_narrow_hallway_2_towards_robot_0.csv,False,7.9,0
narrow_hallway,mcts,mcts,2_towards_robot,2_towards_robot,,0,metrics_steps_mcts_narrow_hallway_2_towards_robot_0.csv,False,8.0,0
narrow_hallway,mcts,mcts,2_towards_robot,2_towards_robot,,0,metrics_steps_mcts_narrow_hallway_2_towards_robot_0.csv,False,8.1,0
narrow_hallway,mcts,mcts,2_towards_robot,2_towards_robot,,0,metrics_steps_mcts_narrow_hallway_2_towards_robot_0.csv,False,8.2,0
narrow_hallway,mcts,mcts,2_towards_robot,2_towards_robot,,0,metrics_steps_mcts_narrow_hallway_2_towards_robot_0.csv,False,8.3,0
narrow_hallway,mcts,mcts,2_towards_robot,2_towards_robot,,0,metrics_steps_mcts_narrow_hallway_2_towards_robot_0.csv,False,8.4,0
narrow_hallway,mcts,mcts,2_towards_robot,2_towards_robot,,0,metrics_steps_mcts_narrow_hallway_2_towards_robot_0.csv,False,8.5,0
narrow_hallway,mcts,mcts,2_towards_robot,2_towards_robot,,0,metrics_steps_mcts_narrow_hallway_2_towards_robot_0.csv,False,8.6,0
narrow_hallway,mcts,mcts,2_towards_robot,2_towards_robot,,0,metrics_steps_mcts_narrow_hallway_2_towards_robot_0.csv,False,8.7,0
narrow_hallway,mcts,mcts,2_towards_robot,2_towards_robot,,0,metrics_steps_mcts_narrow_hallway_2_towards_robot_0.csv,False,8.8,0
narrow_hallway,mcts,mcts,2_towards_robot,2_towards_robot,,0,metrics_steps_mcts_narrow_hallway_2_towards_robot_0.csv,False,8.9,0
narrow_hallway,mcts,mcts,2_towards_robot,2_towards_robot,,0,metrics_steps_mcts_narrow_hallway_2_towards_robot_0.csv,False,9.0,0
narrow_hallway,mcts,mcts,2_towards_robot,2_towards_robot,,0,metrics_steps_mcts_narrow_hallway_2_towards_robot_0.csv,False,9.1,0
narrow_hallway,mcts,mcts,2_towards_robot,2_towards_robot,,0,metrics_steps_mcts_narrow_hallway_2_towards_robot_0.csv,False,9.2,0
narrow_hallway,mcts,mcts,2_towards_robot,2_towards_robot,,0,metrics_steps_mcts_narrow_hallway_2_towards_robot_0.csv,False,9.3,0
narrow_hallway,mcts,mcts,2_towards_robot,2_towards_robot,,0,metrics_steps_mcts_narrow_hallway_2_towards_robot_0.csv,False,9.4,0
narrow_hallway,mcts,mcts,2_towards_robot,2_towards_robot,,0,metrics_steps_mcts_narrow_hallway_2_towards_robot_0.csv,False,9.5,0
narrow_hallway,mcts,mcts,2_towards_robot,2_towards_robot,,0,metrics_steps_mcts_narrow_hallway_2_towards_robot_0.csv,False,9.6,0
narrow_hallway,mcts,mcts,2_towards_robot,2_towards_robot,,0,metrics_steps_mcts_narrow_hallway_2_towards_robot_0.csv,False,9.7,0
narrow_hallway,mcts,mcts,2_towards_robot,2_towards_robot,,0,metrics_steps_mcts_narrow_hallway_2_towards_robot_0.csv,False,9.8,0
narrow_hallway,mcts,mcts,2_towards_robot,2_towards_robot,,0,metrics_steps_mcts_narrow_hallway_2_towards_robot_0.csv,False,9.9,0
narrow_hallway,mcts,mcts,2_towards_robot,2_towards_robot,,0,metrics_steps_mcts_narrow_hallway_2_towards_robot_0.csv,False,10.0,0
narrow_hallway,mcts,mcts,2_towards_robot,2_towards_robot,,0,metrics_steps_mcts_narrow_hallway_2_towards_robot_0.csv,False,10.1,0
narrow_hallway,mcts,mcts,2_towards_robot,2_towards_robot,,0,metrics_steps_mcts_narrow_hallway_2_towards_robot_0.csv,False,10.2,0
narrow_hallway,mcts,mcts,2_towards_robot,2_towards_robot,,0,metrics_steps_mcts_narrow_hallway_2_towards_robot_0.csv,False,10.3,0
narrow_hallway,mcts,mcts,2_towards_robot,2_towards_robot,,0,metrics_steps_mcts_narrow_hallway_2_towards_robot_0.csv,False,10.4,0
narrow_hallway,mcts,mcts,2_towards_robot,2_towards_robot,,0,metrics_steps_mcts_narrow_hallway_2_towards_robot_0.csv,False,10.5,0
narrow_hallway,mcts,mcts,2_towards_robot,2_towards_robot,,0,metrics_steps_mcts_narrow_hallway_2_towards_robot_0.csv,False,10.6,0
narrow_hallway,mcts,mcts,2_towards_robot,2_towards_robot,,0,metrics_steps_mcts_narrow_hallway_2_towards_robot_0.csv,False,10.7,0
narrow_hallway,mcts,mcts,2_towards_robot,2_towards_robot,,0,metrics_steps_mcts_narrow_hallway_2_towards_robot_0.csv,False,10.8,0
narrow_hallway,mcts,mcts,2_towards_robot,2_towards_robot,,0,metrics_steps_mcts_narrow_hallway_2_towards_robot_0.csv,False,10.9,0
narrow_hallway,mcts,mcts,2_towards_robot,2_towards_robot,,0,metrics_steps_mcts_narrow_hallway_2_towards_robot_0.csv,False,11.0,0
narrow_hallway,mcts,mcts,2_towards_robot,2_towards_robot,,0,metrics_steps_mcts_narrow_hallway_2_towards_robot_0.csv,False,11.1,0
narrow_hallway,mcts,mcts,2_towards_robot,2_towards_robot,,0,metrics_steps_mcts_narrow_hallway_2_towards_robot_0.csv,False,11.2,0
narrower_hallway,mcts,mcts,narrower_hallway,2_towards_robot,,0,metrics_steps_mcts_narrower_hallway_2_towards_robot_0.csv,True,0.0,0
narrower_hallway,mcts,mcts,narrower_hallway,2_towards_robot,,0,metrics_steps_mcts_narrower_hallway_2_towards_robot_0.csv,True,0.1,0
narrower_hallway,mcts,mcts,narrower_hallway,2_towards_robot,,0,metrics_steps_mcts_narrower_hallway_2_towards_robot_0.csv,True,0.2,0
narrower_hallway,mcts,mcts,narrower_hallway,2_towards_robot,,0,metrics_steps_mcts_narrower_hallway_2_towards_robot_0.csv,True,0.3,0
narrower_hallway,mcts,mcts,narrower_hallway,2_towards_robot,,0,metrics_steps_mcts_narrower_hallway_2_towards_robot_0.csv,True,0.4,0
narrower_hallway,mcts,mcts,narrower_hallway,2_towards_robot,,0,metrics_steps_mcts_narrower_hallway_2_towards_robot_0.csv,True,0.5,0
narrower_hallway,mcts,mcts,narrower_hallway,2_towards_robot,,0,metrics_steps_mcts_narrower_hallway_2_towards_robot_0.csv,True,0.6,0
narrower_hallway,mcts,mcts,narrower_hallway,2_towards_robot,,0,metrics_steps_mcts_narrower_hallway_2_towards_robot_0.csv,True,0.7,0
narrower_hallway,mcts,mcts,narrower_hallway,2_towards_robot,,0,metrics_steps_mcts_narrower_hallway_2_towards_robot_0.csv,True,0.8,0
narrower_hallway,mcts,mcts,narrower_hallway,2_towards_robot,,0,metrics_steps_mcts_narrower_hallway_2_towards_robot_0.csv,True,0.9,0
narrower_hallway,mcts,mcts,narrower_hallway,2_towards_robot,,0,metrics_steps_mcts_narrower_hallway_2_towards_robot_0.csv,True,1.0,0
narrower_hallway,mcts,mcts,narrower_hallway,2_towards_robot,,0,metrics_steps_mcts_narrower_hallway_2_towards_robot_0.csv,True,1.1,0
narrower_hallway,mcts,mcts,narrower_hallway,2_towards_robot,,0,metrics_steps_mcts_narrower_hallway_2_towards_robot_0.csv,True,1.2,0
narrower_hallway,mcts,mcts,narrower_hallway,2_towards_robot,,0,metrics_steps_mcts_narrower_hallway_2_towards_robot_0.csv,True,1.3,0
narrower_hallway,mcts,mcts,narrower_hallway,2_towards_robot,,0,metrics_steps_mcts_narrower_hallway_2_towards_robot_0.csv,True,1.4,0
narrower_hallway,mcts,mcts,narrower_hallway,2_towards_robot,,0,metrics_steps_mcts_narrower_hallway_2_towards_robot_0.csv,True,1.5,0
narrower_hallway,mcts,mcts,narrower_hallway,2_towards_robot,,0,metrics_steps_mcts_narrower_hallway_2_towards_robot_0.csv,True,1.6,0
narrower_hallway,mcts,mcts,narrower_hallway,2_towards_robot,,0,metrics_steps_mcts_narrower_hallway_2_towards_robot_0.csv,True,1.7,0
narrower_hallway,mcts,mcts,narrower_hallway,2_towards_robot,,0,metrics_steps_mcts_narrower_hallway_2_towards_robot_0.csv,True,1.8,0
narrower_hallway,mcts,mcts,narrower_hallway,2_towards_robot,,0,metrics_steps_mcts_narrower_hallway_2_towards_robot_0.csv,True,1.9,0
narrower_hallway,mcts,mcts,narrower_hallway,2_towards_robot,,0,metrics_steps_mcts_narrower_hallway_2_towards_robot_0.csv,True,2.0,0
narrower_hallway,mcts,mcts,narrower_hallway,2_towards_robot,,0,metrics_steps_mcts_narrower_hallway_2_towards_robot_0.csv,True,2.1,0
narrower_hallway,mcts,mcts,narrower_hallway,2_towards_robot,,0,metrics_steps_mcts_narrower_hallway_2_towards_robot_0.csv,True,2.2,0
narrower_hallway,mcts,mcts,narrower_hallway,2_towards_robot,,0,metrics_steps_mcts_narrower_hallway_2_towards_robot_0.csv,True,2.3,0
narrower_hallway,mcts,mcts,narrower_hallway,2_towards_robot,,0,metrics_steps_mcts_narrower_hallway_2_towards_robot_0.csv,True,2.4,0
narrower_hallway,mcts,mcts,narrower_hallway,2_towards_robot,,0,metrics_steps_mcts_narrower_hallway_2_towards_robot_0.csv,True,2.5,0
narrower_hallway,mcts,mcts,narrower_hallway,2_towards_robot,,0,metrics_steps_mcts_narrower_hallway_2_towards_robot_0.csv,True,2.6,0
narrower_hallway,mcts,mcts,narrower_hallway,2_towards_robot,,0,metrics_steps_mcts_narrower_hallway_2_towards_robot_0.csv,True,2.7,0
narrower_hallway,mcts,mcts,narrower_hallway,2_towards_robot,,0,metrics_steps_mcts_narrower_hallway_2_towards_robot_0.csv,True,2.8,0
narrower_hallway,mcts,mcts,narrower_hallway,2_towards_robot,,0,metrics_steps_mcts_narrower_hallway_2_towards_robot_0.csv,True,2.9,0
narrower_hallway,mcts,mcts,narrower_hallway,2_towards_robot,,0,metrics_steps_mcts_narrower_hallway_2_towards_robot_0.csv,True,3.0,0
narrower_hallway,mcts,mcts,narrower_hallway,2_towards_robot,,0,metrics_steps_mcts_narrower_hallway_2_towards_robot_0.csv,True,3.1,0
narrower_hallway,mcts,mcts,narrower_hallway,2_towards_robot,,0,metrics_steps_mcts_narrower_hallway_2_towards_robot_0.csv,True,3.2,0
narrower_hallway,mcts,mcts,narrower_hallway,2_towards_robot,,0,metrics_steps_mcts_narrower_hallway_2_towards_robot_0.csv,True,3.3,0
narrower_hallway,mcts,mcts,narrower_hallway,2_towards_robot,,0,metrics_steps_mcts_narrower_hallway_2_towards_robot_0.csv,True,3.4,0
narrower_hallway,mcts,mcts,narrower_hallway,2_towards_robot,,0,metrics_steps_mcts_narrower_hallway_2_towards_robot_0.csv,True,3.5,0
narrower_hallway,mcts,mcts,narrower_hallway,2_towards_robot,,0,metrics_steps_mcts_narrower_hallway_2_towards_robot_0.csv,True,3.6,0
narrower_hallway,mcts,mcts,narrower_hallway,2_towards_robot,,0,metrics_steps_mcts_narrower_hallway_2_towards_robot_0.csv,True,3.7,0
narrower_hallway,mcts,mcts,narrower_hallway,2_towards_robot,,0,metrics_steps_mcts_narrower_hallway_2_towards_robot_0.csv,True,3.8,0
narrower_hallway,mcts,mcts,narrower_hallway,2_towards_robot,,0,metrics_steps_mcts_narrower_hallway_2_towards_robot_0.csv,True,3.9,0
narrower_hallway,mcts,mcts,narrower_hallway,2_towards_robot,,0,metrics_steps_mcts_narrower_hallway_2_towards_robot_0.csv,True,4.0,0
narrower_hallway,mcts,mcts,narrower_hallway,2_towards_robot,,0,metrics_steps_mcts_narrower_hallway_2_towards_robot_0.csv,True,4.1,0
narrower_hallway,mcts,mcts,narrower_hallway,2_towards_robot,,0,metrics_steps_mcts_narrower_hallway_2_towards_robot_0.csv,True,4.2,0
narrower_hallway,mcts,mcts,narrower_hallway,2_towards_robot,,0,metrics_steps_mcts_narrower_hallway_2_towards_robot_0.csv,True,4.3,0
narrower_hallway,mcts,mcts,narrower_hallway,2_towards_robot,,0,metrics_steps_mcts_narrower_hallway_2_towards_robot_0.csv,True,4.4,0
narrower_hallway,mcts,mcts,narrower_hallway,2_towards_robot,,0,metrics_steps_mcts_narrower_hallway_2_towards_robot_0.csv,True,4.5,0
narrower_hallway,mcts,mcts,narrower_hallway,2_towards_robot,,0,metrics_steps_mcts_narrower_hallway_2_towards_robot_0.csv,True,4.6,0
narrower_hallway,mcts,mcts,narrower_hallway,2_towards_robot,,0,metrics_steps_mcts_narrower_hallway_2_towards_robot_0.csv,True,4.7,0
narrower_hallway,mcts,mcts,narrower_hallway,2_towards_robot,,0,metrics_steps_mcts_narrower_hallway_2_towards_robot_0.csv,True,4.8,0
narrower_hallway,mcts,mcts,narrower_hallway,2_towards_robot,,0,metrics_steps_mcts_narrower_hallway_2_towards_robot_0.csv,True,4.9,0
narrower_hallway,mcts,mcts,narrower_hallway,2_towards_robot,,0,metrics_steps_mcts_narrower_hallway_2_towards_robot_0.csv,True,5.0,0
narrower_hallway,mcts,mcts,narrower_hallway,2_towards_robot,,0,metrics_steps_mcts_narrower_hallway_2_towards_robot_0.csv,True,5.1,0
narrower_hallway,mcts,mcts,narrower_hallway,2_towards_robot,,0,metrics_steps_mcts_narrower_hallway_2_towards_robot_0.csv,True,5.2,0
narrower_hallway,mcts,mcts,narrower_hallway,2_towards_robot,,0,metrics_steps_mcts_narrower_hallway_2_towards_robot_0.csv,True,5.3,0
narrower_hallway,mcts,mcts,narrower_hallway,2_towards_robot,,0,metrics_steps_mcts_narrower_hallway_2_towards_robot_0.csv,True,5.4,0
narrower_hallway,mcts,mcts,narrower_hallway,2_towards_robot,,0,metrics_steps_mcts_narrower_hallway_2_towards_robot_0.csv,True,5.5,0
narrower_hallway,mcts,mcts,narrower_hallway,2_towards_robot,,0,metrics_steps_mcts_narrower_hallway_2_towards_robot_0.csv,True,5.6,0
narrower_hallway,mcts,mcts,narrower_hallway,2_towards_robot,,0,metrics_steps_mcts_narrower_hallway_2_towards_robot_0.csv,True,5.7,0
narrower_hallway,mcts,mcts,narrower_hallway,2_towards_robot,,0,metrics_steps_mcts_narrower_hallway_2_towards_robot_0.csv,True,5.8,0
narrower_hallway,mcts,mcts,narrower_hallway,2_towards_robot,,0,metrics_steps_mcts_narrower_hallway_2_towards_robot_0.csv,True,5.9,0
narrower_hallway,mcts,mcts,narrower_hallway,2_towards_robot,,0,metrics_steps_mcts_narrower_hallway_2_towards_robot_0.csv,True,6.0,0
narrower_hallway,mcts,mcts,narrower_hallway,2_towards_robot,,0,metrics_steps_mcts_narrower_hallway_2_towards_robot_0.csv,True,6.1,0
narrower_hallway,mcts,mcts,narrower_hallway,2_towards_robot,,0,metrics_steps_mcts_narrower_hallway_2_towards_robot_0.csv,True,6.2,0
narrower_hallway,mcts,mcts,narrower_hallway,2_towards_robot,,0,metrics_steps_mcts_narrower_hallway_2_towards_robot_0.csv,True,6.3,0
narrower_hallway,mcts,mcts,narrower_hallway,2_towards_robot,,0,metrics_steps_mcts_narrower_hallway_2_towards_robot_0.csv,True,6.4,0
narrower_hallway,mcts,mcts,narrower_hallway,2_towards_robot,,0,metrics_steps_mcts_narrower_hallway_2_towards_robot_0.csv,True,6.5,0
narrower_hallway,mcts,mcts,narrower_hallway,2_towards_robot,,0,metrics_steps_mcts_narrower_hallway_2_towards_robot_0.csv,True,6.6,0
narrower_hallway,mcts,mcts,narrower_hallway,2_towards_robot,,0,metrics_steps_mcts_narrower_hallway_2_towards_robot_0.csv,True,6.7,0
narrower_hallway,mcts,mcts,narrower_hallway,2_towards_robot,,0,metrics_steps_mcts_narrower_hallway_2_towards_robot_0.csv,True,6.8,0
narrower_hallway,mcts,mcts,narrower_hallway,2_towards_robot,,0,metrics_steps_mcts_narrower_hallway_2_towards_robot_0.csv,True,6.9,0
narrower_hallway,mcts,mcts,narrower_hallway,2_towards_robot,,0,metrics_steps_mcts_narrower_hallway_2_towards_robot_0.csv,True,7.0,0
narrower_hallway,mcts,mcts,narrower_hallway,2_towards_robot,,0,metrics_steps_mcts_narrower_hallway_2_towards_robot_0.csv,True,7.1,0
narrower_hallway,mcts,mcts,narrower_hallway,2_towards_robot,,0,metrics_steps_mcts_narrower_hallway_2_towards_robot_0.csv,True,7.2,0
narrower_hallway,mcts,mcts,narrower_hallway,2_towards_robot,,0,metrics_steps_mcts_narrower_hallway_2_towards_robot_0.csv,True,7.3,0
narrower_hallway,mcts,mcts,narrower_hallway,2_towards_robot,,0,metrics_steps_mcts_narrower_hallway_2_towards_robot_0.csv,True,7.4,0
narrower_hallway,mcts,mcts,narrower_hallway,2_towards_robot,,0,metrics_steps_mcts_narrower_hallway_2_towards_robot_0.csv,True,7.5,0
narrower_hallway,mcts,mcts,narrower_hallway,2_towards_robot,,0,metrics_steps_mcts_narrower_hallway_2_towards_robot_0.csv,True,7.6,0
narrower_hallway,mcts,mcts,narrower_hallway,2_towards_robot,,0,metrics_steps_mcts_narrower_hallway_2_towards_robot_0.csv,True,7.7,0
narrower_hallway,mcts,mcts,narrower_hallway,2_towards_robot,,0,metrics_steps_mcts_narrower_hallway_2_towards_robot_0.csv,True,7.8,0
narrower_hallway,mcts,mcts,narrower_hallway,2_towards_robot,,0,metrics_steps_mcts_narrower_hallway_2_towards_robot_0.csv,True,7.9,0
narrower_hallway,mcts,mcts,narrower_hallway,2_towards_robot,,0,metrics_steps_mcts_narrower_hallway_2_towards_robot_0.csv,True,8.0,0
narrower_hallway,mcts,mcts,narrower_hallway,2_towards_robot,,0,metrics_steps_mcts_narrower_hallway_2_towards_robot_0.csv,True,8.1,0
narrower_hallway,mcts,mcts,narrower_hallway,2_towards_robot,,0,metrics_steps_mcts_narrower_hallway_2_towards_robot_0.csv,True,8.2,0
narrower_hallway,mcts,mcts,narrower_hallway,2_towards_robot,,0,metrics_steps_mcts_narrower_hallway_2_towards_robot_0.csv,True,8.3,0
narrower_hallway,mcts,mcts,narrower_hallway,2_towards_robot,,0,metrics_steps_mcts_narrower_hallway_2_towards_robot_0.csv,True,8.4,0
narrower_hallway,mcts,mcts,narrower_hallway,2_towards_robot,,0,metrics_steps_mcts_narrower_hallway_2_towards_robot_0.csv,True,8.5,0
narrower_hallway,mcts,mcts,narrower_hallway,2_towards_robot,,0,metrics_steps_mcts_narrower_hallway_2_towards_robot_0.csv,True,8.6,0
narrower_hallway,mcts,mcts,narrower_hallway,2_towards_robot,,0,metrics_steps_mcts_narrower_hallway_2_towards_robot_0.csv,True,8.7,0
narrower_hallway,mcts,mcts,narrower_hallway,2_towards_robot,,0,metrics_steps_mcts_narrower_hallway_2_towards_robot_0.csv,True,8.8,0
narrower_hallway,mcts,mcts,narrower_hallway,2_towards_robot,,0,metrics_steps_mcts_narrower_hallway_2_towards_robot_0.csv,True,8.9,0
narrower_hallway,mcts,mcts,narrower_hallway,2_towards_robot,,0,metrics_steps_mcts_narrower_hallway_2_towards_robot_0.csv,True,9.0,0
narrower_hallway,mcts,mcts,narrower_hallway,2_towards_robot,,0,metrics_steps_mcts_narrower_hallway_2_towards_robot_0.csv,True,9.1,0
narrower_hallway,mcts,mcts,narrower_hallway,2_towards_robot,,0,metrics_steps_mcts_narrower_hallway_2_towards_robot_0.csv,True,9.2,0
narrower_hallway,mcts,mcts,narrower_hallway,2_towards_robot,,0,metrics_steps_mcts_narrower_hallway_2_towards_robot_0.csv,True,9.3,0
narrower_hallway,mcts,mcts,narrower_hallway,2_towards_robot,,0,metrics_steps_mcts_narrower_hallway_2_towards_robot_0.csv,True,9.4,0
narrower_hallway,mcts,mcts,narrower_hallway,2_towards_robot,,0,metrics_steps_mcts_narrower_hallway_2_towards_robot_0.csv,True,9.5,0
narrower_hallway,mcts,mcts,narrower_hallway,2_towards_robot,,0,metrics_steps_mcts_narrower_hallway_2_towards_robot_0.csv,True,9.6,0
narrower_hallway,mcts,mcts,narrower_hallway,2_towards_robot,,0,metrics_steps_mcts_narrower_hallway_2_towards_robot_0.csv,True,9.7,0
narrower_hallway,mcts,mcts,narrower_hallway,2_towards_robot,,0,metrics_steps_mcts_narrower_hallway_2_towards_robot_0.csv,True,9.8,0
narrower_hallway,mcts,mcts,narrower_hallway,2_towards_robot,,0,metrics_steps_mcts_narrower_hallway_2_towards_robot_0.csv,True,9.9,0
narrower_hallway,mcts,mcts,narrower_hallway,2_towards_robot,,0,metrics_steps_mcts_narrower_hallway_2_towards_robot_0.csv,True,10.0,0
narrower_hallway,mcts,mcts,narrower_hallway,2_towards_robot,,0,metrics_steps_mcts_narrower_hallway_2_towards_robot_0.csv,True,10.1,0
narrower_hallway,mcts,mcts,narrower_hallway,2_towards_robot,,0,metrics_steps_mcts_narrower_hallway_2_towards_robot_0.csv,True,10.2,0
narrower_hallway,mcts,mcts,narrower_hallway,2_towards_robot,,0,metrics_steps_mcts_narrower_hallway_2_towards_robot_0.csv,True,10.3,0
narrower_hallway,mcts,mcts,narrower_hallway,2_towards_robot,,0,metrics_steps_mcts_narrower_hallway_2_towards_robot_0.csv,True,10.4,0
narrower_hallway,mcts,mcts,narrower_hallway,2_towards_robot,,0,metrics_steps_mcts_narrower_hallway_2_towards_robot_0.csv,True,10.5,0
narrower_hallway,mcts,mcts,narrower_hallway,2_towards_robot,,0,metrics_steps_mcts_narrower_hallway_2_towards_robot_0.csv,True,10.6,0
narrower_hallway,mcts,mcts,narrower_hallway,2_towards_robot,,0,metrics_steps_mcts_narrower_hallway_2_towards_robot_0.csv,True,10.7,0
narrower_hallway,mcts,mcts,narrower_hallway,2_towards_robot,,0,metrics_steps_mcts_narrower_hallway_2_towards_robot_0.csv,True,10.8,0
narrower_hallway,mcts,mcts,narrower_hallway,2_towards_robot,,0,metrics_steps_mcts_narrower_hallway_2_towards_robot_0.csv,True,10.9,0
narrower_hallway,mcts,mcts,narrower_hallway,2_towards_robot,,0,metrics_steps_mcts_narrower_hallway_2_towards_robot_0.csv,True,11.0,0
narrower_hallway,mcts,mcts,narrower_hallway,2_towards_robot,,0,metrics_steps_mcts_narrower_hallway_2_towards_robot_0.csv,True,11.1,0
t_shape_hallway,mcts,mcts,t_shape_hallway,t_shape_hallway,,0,metrics_steps_mcts_t_shape_hallway_t_shape_hallway_0.csv,True,0.0,0
t_shape_hallway,mcts,mcts,t_shape_hallway,t_shape_hallway,,0,metrics_steps_mcts_t_shape_hallway_t_shape_hallway_0.csv,True,0.1,0
t_shape_hallway,mcts,mcts,t_shape_hallway,t_shape_hallway,,0,metrics_steps_mcts_t_shape_hallway_t_shape_hallway_0.csv,True,0.2,0
t_shape_hallway,mcts,mcts,t_shape_hallway,t_shape_hallway,,0,metrics_steps_mcts_t_shape_hallway_t_shape_hallway_0.csv,True,0.3,0
t_shape_hallway,mcts,mcts,t_shape_hallway,t_shape_hallway,,0,metrics_steps_mcts_t_shape_hallway_t_shape_hallway_0.csv,True,0.4,0
t_shape_hallway,mcts,mcts,t_shape_hallway,t_shape_hallway,,0,metrics_steps_mcts_t_shape_hallway_t_shape_hallway_0.csv,True,0.5,0
t_shape_hallway,mcts,mcts,t_shape_hallway,t_shape_hallway,,0,metrics_steps_mcts_t_shape_hallway_t_shape_hallway_0.csv,True,0.6,0
t_shape_hallway,mcts,mcts,t_shape_hallway,t_shape_hallway,,0,metrics_steps_mcts_t_shape_hallway_t_shape_hallway_0.csv,True,0.7,0
t_shape_hallway,mcts,mcts,t_shape_hallway,t_shape_hallway,,0,metrics_steps_mcts_t_shape_hallway_t_shape_hallway_0.csv,True,0.8,0
t_shape_hallway,mcts,mcts,t_shape_hallway,t_shape_hallway,,0,metrics_steps_mcts_t_shape_hallway_t_shape_hallway_0.csv,True,0.9,0
t_shape_hallway,mcts,mcts,t_shape_hallway,t_shape_hallway,,0,metrics_steps_mcts_t_shape_hallway_t_shape_hallway_0.csv,True,1.0,0
t_shape_hallway,mcts,mcts,t_shape_hallway,t_shape_hallway,,0,metrics_steps_mcts_t_shape_hallway_t_shape_hallway_0.csv,True,1.1,0
t_shape_hallway,mcts,mcts,t_shape_hallway,t_shape_hallway,,0,metrics_steps_mcts_t_shape_hallway_t_shape_hallway_0.csv,True,1.2,0
t_shape_hallway,mcts,mcts,t_shape_hallway,t_shape_hallway,,0,metrics_steps_mcts_t_shape_hallway_t_shape_hallway_0.csv,True,1.3,0
t_shape_hallway,mcts,mcts,t_shape_hallway,t_shape_hallway,,0,metrics_steps_mcts_t_shape_hallway_t_shape_hallway_0.csv,True,1.4,0
t_shape_hallway,mcts,mcts,t_shape_hallway,t_shape_hallway,,0,metrics_steps_mcts_t_shape_hallway_t_shape_hallway_0.csv,True,1.5,0
t_shape_hallway,mcts,mcts,t_shape_hallway,t_shape_hallway,,0,metrics_steps_mcts_t_shape_hallway_t_shape_hallway_0.csv,True,1.6,0
t_shape_hallway,mcts,mcts,t_shape_hallway,t_shape_hallway,,0,metrics_steps_mcts_t_shape_hallway_t_shape_hallway_0.csv,True,1.7,0
t_shape_hallway,mcts,mcts,t_shape_hallway,t_shape_hallway,,0,metrics_steps_mcts_t_shape_hallway_t_shape_hallway_0.csv,True,1.8,0
t_shape_hallway,mcts,mcts,t_shape_hallway,t_shape_hallway,,0,metrics_steps_mcts_t_shape_hallway_t_shape_hallway_0.csv,True,1.9,0
t_shape_hallway,mcts,mcts,t_shape_hallway,t_shape_hallway,,0,metrics_steps_mcts_t_shape_hallway_t_shape_hallway_0.csv,True,2.0,0
t_shape_hallway,mcts,mcts,t_shape_hallway,t_shape_hallway,,0,metrics_steps_mcts_t_shape_hallway_t_shape_hallway_0.csv,True,2.1,0
t_shape_hallway,mcts,mcts,t_shape_hallway,t_shape_hallway,,0,metrics_steps_mcts_t_shape_hallway_t_shape_hallway_0.csv,True,2.2,0
t_shape_hallway,mcts,mcts,t_shape_hallway,t_shape_hallway,,0,metrics_steps_mcts_t_shape_hallway_t_shape_hallway_0.csv,True,2.3,0
t_shape_hallway,mcts,mcts,t_shape_hallway,t_shape_hallway,,0,metrics_steps_mcts_t_shape_hallway_t_shape_hallway_0.csv,True,2.4,0
t_shape_hallway,mcts,mcts,t_shape_hallway,t_shape_hallway,,0,metrics_steps_mcts_t_shape_hallway_t_shape_hallway_0.csv,True,2.5,0
t_shape_hallway,mcts,mcts,t_shape_hallway,t_shape_hallway,,0,metrics_steps_mcts_t_shape_hallway_t_shape_hallway_0.csv,True,2.6,0
t_shape_hallway,mcts,mcts,t_shape_hallway,t_shape_hallway,,0,metrics_steps_mcts_t_shape_hallway_t_shape_hallway_0.csv,True,2.7,0
t_shape_hallway,mcts,mcts,t_shape_hallway,t_shape_hallway,,0,metrics_steps_mcts_t_shape_hallway_t_shape_hallway_0.csv,True,2.8,0
t_shape_hallway,mcts,mcts,t_shape_hallway,t_shape_hallway,,0,metrics_steps_mcts_t_shape_hallway_t_shape_hallway_0.csv,True,2.9,0
t_shape_hallway,mcts,mcts,t_shape_hallway,t_shape_hallway,,0,metrics_steps_mcts_t_shape_hallway_t_shape_hallway_0.csv,True,3.0,0
t_shape_hallway,mcts,mcts,t_shape_hallway,t_shape_hallway,,0,metrics_steps_mcts_t_shape_hallway_t_shape_hallway_0.csv,True,3.1,0
t_shape_hallway,mcts,mcts,t_shape_hallway,t_shape_hallway,,0,metrics_steps_mcts_t_shape_hallway_t_shape_hallway_0.csv,True,3.2,0
t_shape_hallway,mcts,mcts,t_shape_hallway,t_shape_hallway,,0,metrics_steps_mcts_t_shape_hallway_t_shape_hallway_0.csv,True,3.3,0
t_shape_hallway,mcts,mcts,t_shape_hallway,t_shape_hallway,,0,metrics_steps_mcts_t_shape_hallway_t_shape_hallway_0.csv,True,3.4,0
t_shape_hallway,mcts,mcts,t_shape_hallway,t_shape_hallway,,0,metrics_steps_mcts_t_shape_hallway_t_shape_hallway_0.csv,True,3.5,0
t_shape_hallway,mcts,mcts,t_shape_hallway,t_shape_hallway,,0,metrics_steps_mcts_t_shape_hallway_t_shape_hallway_0.csv,True,3.6,0
t_shape_hallway,mcts,mcts,t_shape_hallway,t_shape_hallway,,0,metrics_steps_mcts_t_shape_hallway_t_shape_hallway_0.csv,True,3.7,0
t_shape_hallway,mcts,mcts,t_shape_hallway,t_shape_hallway,,0,metrics_steps_mcts_t_shape_hallway_t_shape_hallway_0.csv,True,3.8,0
t_shape_hallway,mcts,mcts,t_shape_hallway,t_shape_hallway,,0,metrics_steps_mcts_t_shape_hallway_t_shape_hallway_0.csv,True,3.9,0
t_shape_hallway,mcts,mcts,t_shape_hallway,t_shape_hallway,,0,metrics_steps_mcts_t_shape_hallway_t_shape_hallway_0.csv,True,4.0,0
t_shape_hallway,mcts,mcts,t_shape_hallway,t_shape_hallway,,0,metrics_steps_mcts_t_shape_hallway_t_shape_hallway_0.csv,True,4.1,0
t_shape_hallway,mcts,mcts,t_shape_hallway,t_shape_hallway,,0,metrics_steps_mcts_t_shape_hallway_t_shape_hallway_0.csv,True,4.2,0
t_shape_hallway,mcts,mcts,t_shape_hallway,t_shape_hallway,,0,metrics_steps_mcts_t_shape_hallway_t_shape_hallway_0.csv,True,4.3,0
t_shape_hallway,mcts,mcts,t_shape_hallway,t_shape_hallway,,0,metrics_steps_mcts_t_shape_hallway_t_shape_hallway_0.csv,True,4.4,0
t_shape_hallway,mcts,mcts,t_shape_hallway,t_shape_hallway,,0,metrics_steps_mcts_t_shape_hallway_t_shape_hallway_0.csv,True,4.5,0
t_shape_hallway,mcts,mcts,t_shape_hallway,t_shape_hallway,,0,metrics_steps_mcts_t_shape_hallway_t_shape_hallway_0.csv,True,4.6,0
t_shape_hallway,mcts,mcts,t_shape_hallway,t_shape_hallway,,0,metrics_steps_mcts_t_shape_hallway_t_shape_hallway_0.csv,True,4.7,0
t_shape_hallway,mcts,mcts,t_shape_hallway,t_shape_hallway,,0,metrics_steps_mcts_t_shape_hallway_t_shape_hallway_0.csv,True,4.8,0
t_shape_hallway,mcts,mcts,t_shape_hallway,t_shape_hallway,,0,metrics_steps_mcts_t_shape_hallway_t_shape_hallway_0.csv,True,4.9,0
t_shape_hallway,mcts,mcts,t_shape_hallway,t_shape_hallway,,0,metrics_steps_mcts_t_shape_hallway_t_shape_hallway_0.csv,True,5.0,0
t_shape_hallway,mcts,mcts,t_shape_hallway,t_shape_hallway,,0,metrics_steps_mcts_t_shape_hallway_t_shape_hallway_0.csv,True,5.1,0
t_shape_hallway,mcts,mcts,t_shape_hallway,t_shape_hallway,,0,metrics_steps_mcts_t_shape_hallway_t_shape_hallway_0.csv,True,5.2,0
t_shape_hallway,mcts,mcts,t_shape_hallway,t_shape_hallway,,0,metrics_steps_mcts_t_shape_hallway_t_shape_hallway_0.csv,True,5.3,0
t_shape_hallway,mcts,mcts,t_shape_hallway,t_shape_hallway,,0,metrics_steps_mcts_t_shape_hallway_t_shape_hallway_0.csv,True,5.4,0
t_shape_hallway,mcts,mcts,t_shape_hallway,t_shape_hallway,,0,metrics_steps_mcts_t_shape_hallway_t_shape_hallway_0.csv,True,5.5,0
t_shape_hallway,mcts,mcts,t_shape_hallway,t_shape_hallway,,0,metrics_steps_mcts_t_shape_hallway_t_shape_hallway_0.csv,True,5.6,0
t_shape_hallway,mcts,mcts,t_shape_hallway,t_shape_hallway,,0,metrics_steps_mcts_t_shape_hallway_t_shape_hallway_0.csv,True,5.7,0
t_shape_hallway,mcts,mcts,t_shape_hallway,t_shape_hallway,,0,metrics_steps_mcts_t_shape_hallway_t_shape_hallway_0.csv,True,5.8,0
t_shape_hallway,mcts,mcts,t_shape_hallway,t_shape_hallway,,0,metrics_steps_mcts_t_shape_hallway_t_shape_hallway_0.csv,True,5.9,0
t_shape_hallway,mcts,mcts,t_shape_hallway,t_shape_hallway,,0,metrics_steps_mcts_t_shape_hallway_t_shape_hallway_0.csv,True,6.0,0
t_shape_hallway,mcts,mcts,t_shape_hallway,t_shape_hallway,,0,metrics_steps_mcts_t_shape_hallway_t_shape_hallway_0.csv,True,6.1,0
t_shape_hallway,mcts,mcts,t_shape_hallway,t_shape_hallway,,0,metrics_steps_mcts_t_shape_hallway_t_shape_hallway_0.csv,True,6.2,0
t_shape_hallway,mcts,mcts,t_shape_hallway,t_shape_hallway,,0,metrics_steps_mcts_t_shape_hallway_t_shape_hallway_0.csv,True,6.3,0
t_shape_hallway,mcts,mcts,t_shape_hallway,t_shape_hallway,,0,metrics_steps_mcts_t_shape_hallway_t_shape_hallway_0.csv,True,6.4,0
t_shape_hallway,mcts,mcts,t_shape_hallway,t_shape_hallway,,0,metrics_steps_mcts_t_shape_hallway_t_shape_hallway_0.csv,True,6.5,0
t_shape_hallway,mcts,mcts,t_shape_hallway,t_shape_hallway,,0,metrics_steps_mcts_t_shape_hallway_t_shape_hallway_0.csv,True,6.6,0
t_shape_hallway,mcts,mcts,t_shape_hallway,t_shape_hallway,,0,metrics_steps_mcts_t_shape_hallway_t_shape_hallway_0.csv,True,6.7,0
t_shape_hallway,mcts,mcts,t_shape_hallway,t_shape_hallway,,0,metrics_steps_mcts_t_shape_hallway_t_shape_hallway_0.csv,True,6.8,0
t_shape_hallway,mcts,mcts,t_shape_hallway,t_shape_hallway,,0,metrics_steps_mcts_t_shape_hallway_t_shape_hallway_0.csv,True,6.9,0
t_shape_hallway,mcts,mcts,t_shape_hallway,t_shape_hallway,,0,metrics_steps_mcts_t_shape_hallway_t_shape_hallway_0.csv,True,7.0,0
t_shape_hallway,mcts,mcts,t_shape_hallway,t_shape_hallway,,0,metrics_steps_mcts_t_shape_hallway_t_shape_hallway_0.csv,True,7.1,0
t_shape_hallway,mcts,mcts,t_shape_hallway,t_shape_hallway,,0,metrics_steps_mcts_t_shape_hallway_t_shape_hallway_0.csv,True,7.2,0
t_shape_hallway,mcts,mcts,t_shape_hallway,t_shape_hallway,,0,metrics_steps_mcts_t_shape_hallway_t_shape_hallway_0.csv,True,7.3,0
t_shape_hallway,mcts,mcts,t_shape_hallway,t_shape_hallway,,0,metrics_steps_mcts_t_shape_hallway_t_shape_hallway_0.csv,True,7.4,0
t_shape_hallway,mcts,mcts,t_shape_hallway,t_shape_hallway,,0,metrics_steps_mcts_t_shape_hallway_t_shape_hallway_0.csv,True,7.5,0
t_shape_hallway,mcts,mcts,t_shape_hallway,t_shape_hallway,,0,metrics_steps_mcts_t_shape_hallway_t_shape_hallway_0.csv,True,7.6,0
t_shape_hallway,mcts,mcts,t_shape_hallway,t_shape_hallway,,0,metrics_steps_mcts_t_shape_hallway_t_shape_hallway_0.csv,True,7.7,0
t_shape_hallway,mcts,mcts,t_shape_hallway,t_shape_hallway,,0,metrics_steps_mcts_t_shape_hallway_t_shape_hallway_0.csv,True,7.8,0
t_shape_hallway,mcts,mcts,t_shape_hallway,t_shape_hallway,,0,metrics_steps_mcts_t_shape_hallway_t_shape_hallway_0.csv,True,7.9,0
t_shape_hallway,mcts,mcts,t_shape_hallway,t_shape_hallway,,0,metrics_steps_mcts_t_shape_hallway_t_shape_hallway_0.csv,True,8.0,0
t_shape_hallway,mcts,mcts,t_shape_hallway,t_shape_hallway,,0,metrics_steps_mcts_t_shape_hallway_t_shape_hallway_0.csv,True,8.1,0
t_shape_hallway,mcts,mcts,t_shape_hallway,t_shape_hallway,,0,metrics_steps_mcts_t_shape_hallway_t_shape_hallway_0.csv,True,8.2,0
t_shape_hallway,mcts,mcts,t_shape_hallway,t_shape_hallway,,0,metrics_steps_mcts_t_shape_hallway_t_shape_hallway_0.csv,True,8.3,0
t_shape_hallway,mcts,mcts,t_shape_hallway,t_shape_hallway,,0,metrics_steps_mcts_t_shape_hallway_t_shape_hallway_0.csv,True,8.4,0
t_shape_hallway,mcts,mcts,t_shape_hallway,t_shape_hallway,,0,metrics_steps_mcts_t_shape_hallway_t_shape_hallway_0.csv,True,8.5,0
t_shape_hallway,mcts,mcts,t_shape_hallway,t_shape_hallway,,0,metrics_steps_mcts_t_shape_hallway_t_shape_hallway_0.csv,True,8.6,0
t_shape_hallway,mcts,mcts,t_shape_hallway,t_shape_hallway,,0,metrics_steps_mcts_t_shape_hallway_t_shape_hallway_0.csv,True,8.7,0
t_shape_hallway,mcts,mcts,t_shape_hallway,t_shape_hallway,,0,metrics_steps_mcts_t_shape_hallway_t_shape_hallway_0.csv,True,8.8,0
t_shape_hallway,mcts,mcts,t_shape_hallway,t_shape_hallway,,0,metrics_steps_mcts_t_shape_hallway_t_shape_hallway_0.csv,True,8.9,0
t_shape_hallway,mcts,mcts,t_shape_hallway,t_shape_hallway,,0,metrics_steps_mcts_t_shape_hallway_t_shape_hallway_0.csv,True,9.0,0
t_shape_hallway,mcts,mcts,t_shape_hallway,t_shape_hallway,,0,metrics_steps_mcts_t_shape_hallway_t_shape_hallway_0.csv,True,9.1,0
t_shape_hallway,mcts,mcts,t_shape_hallway,t_shape_hallway,,0,metrics_steps_mcts_t_shape_hallway_t_shape_hallway_0.csv,True,9.2,0
t_shape_hallway,mcts,mcts,t_shape_hallway,t_shape_hallway,,0,metrics_steps_mcts_t_shape_hallway_t_shape_hallway_0.csv,True,9.3,0
t_shape_hallway,mcts,mcts,t_shape_hallway,t_shape_hallway,,0,metrics_steps_mcts_t_shape_hallway_t_shape_hallway_0.csv,True,9.4,0
t_shape_hallway,mcts,mcts,t_shape_hallway,t_shape_hallway,,0,metrics_steps_mcts_t_shape_hallway_t_shape_hallway_0.csv,True,9.5,0
t_shape_hallway,mcts,mcts,t_shape_hallway,t_shape_hallway,,0,metrics_steps_mcts_t_shape_hallway_t_shape_hallway_0.csv,True,9.6,0
t_shape_hallway,mcts,mcts,t_shape_hallway,t_shape_hallway,,0,metrics_steps_mcts_t_shape_hallway_t_shape_hallway_0.csv,True,9.7,0
t_shape_hallway,mcts,mcts,t_shape_hallway,t_shape_hallway,,0,metrics_steps_mcts_t_shape_hallway_t_shape_hallway_0.csv,True,9.8,0
t_shape_hallway,mcts,mcts,t_shape_hallway,t_shape_hallway,,0,metrics_steps_mcts_t_shape_hallway_t_shape_hallway_0.csv,True,9.9,0
t_shape_hallway,mcts,mcts,t_shape_hallway,t_shape_hallway,,0,metrics_steps_mcts_t_shape_hallway_t_shape_hallway_0.csv,True,10.0,0
t_shape_hallway,mcts,mcts,t_shape_hallway,t_shape_hallway,,0,metrics_steps_mcts_t_shape_hallway_t_shape_hallway_0.csv,True,10.1,0
t_shape_hallway,mcts,mcts,t_shape_hallway,t_shape_hallway,,0,metrics_steps_mcts_t_shape_hallway_t_shape_hallway_0.csv,True,10.2,0
t_shape_hallway,mcts,mcts,t_shape_hallway,t_shape_hallway,,0,metrics_steps_mcts_t_shape_hallway_t_shape_hallway_0.csv,True,10.3,0
t_shape_hallway,mcts,mcts,t_shape_hallway,t_shape_hallway,,0,metrics_steps_mcts_t_shape_hallway_t_shape_hallway_0.csv,True,10.4,0
t_shape_hallway,mcts,mcts,t_shape_hallway,t_shape_hallway,,0,metrics_steps_mcts_t_shape_hallway_t_shape_hallway_0.csv,True,10.5,0
t_shape_hallway,mcts,mcts,t_shape_hallway,t_shape_hallway,,0,metrics_steps_mcts_t_shape_hallway_t_shape_hallway_0.csv,True,10.6,0
t_shape_hallway,mcts,mcts,t_shape_hallway,t_shape_hallway,,0,metrics_steps_mcts_t_shape_hallway_t_shape_hallway_0.csv,True,10.7,0
t_shape_hallway,mcts,mcts,t_shape_hallway,t_shape_hallway,,0,metrics_steps_mcts_t_shape_hallway_t_shape_hallway_0.csv,True,10.8,0
t_shape_hallway,mcts,mcts,t_shape_hallway,t_shape_hallway,,0,metrics_steps_mcts_t_shape_hallway_t_shape_hallway_0.csv,True,10.9,0
t_shape_hallway,mcts,mcts,t_shape_hallway,t_shape_hallway,,0,metrics_steps_mcts_t_shape_hallway_t_shape_hallway_0.csv,True,11.0,0
t_shape_hallway,mcts,mcts,t_shape_hallway,t_shape_hallway,,0,metrics_steps_mcts_t_shape_hallway_t_shape_hallway_0.csv,True,11.1,0
t_shape_hallway,mcts,mcts,t_shape_hallway,t_shape_hallway,,0,metrics_steps_mcts_t_shape_hallway_t_shape_hallway_0.csv,True,11.2,0
t_shape_hallway,mcts,mcts,t_shape_hallway,t_shape_hallway,,0,metrics_steps_mcts_t_shape_hallway_t_shape_hallway_0.csv,True,11.3,0
t_shape_hallway,mcts,mcts,t_shape_hallway,t_shape_hallway,,0,metrics_steps_mcts_t_shape_hallway_t_shape_hallway_0.csv,True,11.4,0
t_shape_hallway,mcts,mcts,t_shape_hallway,t_shape_hallway,,0,metrics_steps_mcts_t_shape_hallway_t_shape_hallway_0.csv,True,11.5,0
t_shape_hallway,mcts,mcts,t_shape_hallway,t_shape_hallway,,0,metrics_steps_mcts_t_shape_hallway_t_shape_hallway_0.csv,True,11.6,0
t_shape_hallway,mcts,mcts,t_shape_hallway,t_shape_hallway,,0,metrics_steps_mcts_t_shape_hallway_t_shape_hallway_0.csv,True,11.7,0
t_shape_hallway,mcts,mcts,t_shape_hallway,t_shape_hallway,,0,metrics_steps_mcts_t_shape_hallway_t_shape_hallway_0.csv,True,11.8,0
t_shape_hallway,mcts,mcts,t_shape_hallway,t_shape_hallway,,0,metrics_steps_mcts_t_shape_hallway_t_shape_hallway_0.csv,True,11.9,0
t_shape_hallway,mcts,mcts,t_shape_hallway,t_shape_hallway,,0,metrics_steps_mcts_t_shape_hallway_t_shape_hallway_0.csv,True,12.0,0
t_shape_hallway,mcts,mcts,t_shape_hallway,t_shape_hallway,,0,metrics_steps_mcts_t_shape_hallway_t_shape_hallway_0.csv,True,12.1,0
t_shape_hallway,mcts,mcts,t_shape_hallway,t_shape_hallway,,0,metrics_steps_mcts_t_shape_hallway_t_shape_hallway_0.csv,True,12.2,0
t_shape_hallway,mcts,mcts,t_shape_hallway,t_shape_hallway,,0,metrics_steps_mcts_t_shape_hallway_t_shape_hallway_0.csv,True,12.3,0
t_shape_hallway,mcts,mcts,t_shape_hallway,t_shape_hallway,,0,metrics_steps_mcts_t_shape_hallway_t_shape_hallway_0.csv,True,12.4,0
t_shape_hallway,mcts,mcts,t_shape_hallway,t_shape_hallway,,0,metrics_steps_mcts_t_shape_hallway_t_shape_hallway_0.csv,True,12.5,0
t_shape_hallway,mcts,mcts,t_shape_hallway,t_shape_hallway,,0,metrics_steps_mcts_t_shape_hallway_t_shape_hallway_0.csv,True,12.6,0
t_shape_hallway,mcts,mcts,t_shape_hallway,t_shape_hallway,,0,metrics_steps_mcts_t_shape_hallway_t_shape_hallway_0.csv,True,12.7,0
t_shape_hallway,mcts,mcts,t_shape_hallway,t_shape_hallway,,0,metrics_steps_mcts_t_shape_hallway_t_shape_hallway_0.csv,True,12.8,0
t_shape_hallway,mcts,mcts,t_shape_hallway,t_shape_hallway,,0,metrics_steps_mcts_t_shape_hallway_t_shape_hallway_0.csv,True,12.9,0
t_shape_hallway,mcts,mcts,t_shape_hallway,t_shape_hallway,,0,metrics_steps_mcts_t_shape_hallway_t_shape_hallway_0.csv,True,13.0,0
t_shape_hallway,mcts,mcts,t_shape_hallway,t_shape_hallway,,0,metrics_steps_mcts_t_shape_hallway_t_shape_hallway_0.csv,True,13.1,0
t_shape_hallway,mcts,mcts,t_shape_hallway,t_shape_hallway,,0,metrics_steps_mcts_t_shape_hallway_t_shape_hallway_0.csv,True,13.2,0
t_shape_hallway,mcts,mcts,t_shape_hallway,t_shape_hallway,,0,metrics_steps_mcts_t_shape_hallway_t_shape_hallway_0.csv,True,13.3,0
t_shape_hallway,mcts,mcts,t_shape_hallway,t_shape_hallway,,0,metrics_steps_mcts_t_shape_hallway_t_shape_hallway_0.csv,True,13.4,0
t_shape_hallway,mcts,mcts,t_shape_hallway,t_shape_hallway,,0,metrics_steps_mcts_t_shape_hallway_t_shape_hallway_0.csv,True,13.5,0
t_shape_hallway,mcts,mcts,t_shape_hallway,t_shape_hallway,,0,metrics_steps_mcts_t_shape_hallway_t_shape_hallway_0.csv,True,13.6,0
t_shape_hallway,mcts,mcts,t_shape_hallway,t_shape_hallway,,0,metrics_steps_mcts_t_shape_hallway_t_shape_hallway_0.csv,True,13.7,0
t_shape_hallway,mcts,mcts,t_shape_hallway,t_shape_hallway,,0,metrics_steps_mcts_t_shape_hallway_t_shape_hallway_0.csv,True,13.8,0
t_shape_hallway,mcts,mcts,t_shape_hallway,t_shape_hallway,,0,metrics_steps_mcts_t_shape_hallway_t_shape_hallway_0.csv,True,13.9,0
t_shape_hallway,mcts,mcts,t_shape_hallway,t_shape_hallway,,0,metrics_steps_mcts_t_shape_hallway_t_shape_hallway_0.csv,True,14.0,0
t_shape_hallway,mcts,mcts,t_shape_hallway,t_shape_hallway,,0,metrics_steps_mcts_t_shape_hallway_t_shape_hallway_0.csv,True,14.1,0
t_shape_hallway,mcts,mcts,t_shape_hallway,t_shape_hallway,,0,metrics_steps_mcts_t_shape_hallway_t_shape_hallway_0.csv,True,14.2,0
t_shape_hallway,mcts,mcts,t_shape_hallway,t_shape_hallway,,0,metrics_steps_mcts_t_shape_hallway_t_shape_hallway_0.csv,True,14.3,0
t_shape_hallway,mcts,mcts,t_shape_hallway,t_shape_hallway,,0,metrics_steps_mcts_t_shape_hallway_t_shape_hallway_0.csv,True,14.4,0
t_shape_hallway,mcts,mcts,t_shape_hallway,t_shape_hallway,,0,metrics_steps_mcts_t_shape_hallway_t_shape_hallway_0.csv,True,14.5,0
t_shape_hallway,mcts,mcts,t_shape_hallway,t_shape_hallway,,0,metrics_steps_mcts_t_shape_hallway_t_shape_hallway_0.csv,True,14.6,0
t_shape_hallway,mcts,mcts,t_shape_hallway,t_shape_hallway,,0,metrics_steps_mcts_t_shape_hallway_t_shape_hallway_0.csv,True,14.7,0
t_shape_hallway,mcts,mcts,t_shape_hallway,t_shape_hallway,,0,metrics_steps_mcts_t_shape_hallway_t_shape_hallway_0.csv,True,14.8,0
t_shape_hallway,mcts,mcts,t_shape_hallway,t_shape_hallway,,0,metrics_steps_mcts_t_shape_hallway_t_shape_hallway_0.csv,True,14.9,0
t_shape_hallway,mcts,mcts,t_shape_hallway,t_shape_hallway,,0,metrics_steps_mcts_t_shape_hallway_t_shape_hallway_0.csv,True,15.0,0
t_shape_hallway,mcts,mcts,t_shape_hallway,t_shape_hallway,,0,metrics_steps_mcts_t_shape_hallway_t_shape_hallway_0.csv,True,15.1,0
t_shape_hallway,mcts,mcts,t_shape_hallway,t_shape_hallway,,0,metrics_steps_mcts_t_shape_hallway_t_shape_hallway_0.csv,True,15.2,0
t_shape_hallway,mcts,mcts,t_shape_hallway,t_shape_hallway,,0,metrics_steps_mcts_t_shape_hallway_t_shape_hallway_0.csv,True,15.3,0
t_shape_hallway,mcts,mcts,t_shape_hallway,t_shape_hallway,,0,metrics_steps_mcts_t_shape_hallway_t_shape_hallway_0.csv,True,15.4,0
t_shape_hallway,mcts,mcts,t_shape_hallway,t_shape_hallway,,0,metrics_steps_mcts_t_shape_hallway_t_shape_hallway_0.csv,True,15.5,0
t_shape_hallway,mcts,mcts,t_shape_hallway,t_shape_hallway,,0,metrics_steps_mcts_t_shape_hallway_t_shape_hallway_0.csv,True,15.6,0
t_shape_hallway,mcts,mcts,t_shape_hallway,t_shape_hallway,,0,metrics_steps_mcts_t_shape_hallway_t_shape_hallway_0.csv,True,15.7,0
t_shape_hallway,mcts,mcts,t_shape_hallway,t_shape_hallway,,0,metrics_steps_mcts_t_shape_hallway_t_shape_hallway_0.csv,True,15.8,0
t_shape_hallway,mcts,mcts,t_shape_hallway,t_shape_hallway,,0,metrics_steps_mcts_t_shape_hallway_t_shape_hallway_0.csv,True,15.9,0
t_shape_hallway,mcts,mcts,t_shape_hallway,t_shape_hallway,,0,metrics_steps_mcts_t_shape_hallway_t_shape_hallway_0.csv,True,16.0,0
t_shape_hallway,mcts,mcts,t_shape_hallway,t_shape_hallway,,0,metrics_steps_mcts_t_shape_hallway_t_shape_hallway_0.csv,True,16.1,0
t_shape_hallway,mcts,mcts,t_shape_hallway,t_shape_hallway,,0,metrics_steps_mcts_t_shape_hallway_t_shape_hallway_0.csv,True,16.2,0
t_shape_hallway,mcts,mcts,t_shape_hallway,t_shape_hallway,,0,metrics_steps_mcts_t_shape_hallway_t_shape_hallway_0.csv,True,16.3,0
t_shape_hallway,mcts,mcts,t_shape_hallway,t_shape_hallway,,0,metrics_steps_mcts_t_shape_hallway_t_shape_hallway_0.csv,True,16.4,0
t_shape_hallway,mcts,mcts,t_shape_hallway,t_shape_hallway,,0,metrics_steps_mcts_t_shape_hallway_t_shape_hallway_0.csv,True,16.5,0
t_shape_hallway,mcts,mcts,t_shape_hallway,t_shape_hallway,,0,metrics_steps_mcts_t_shape_hallway_t_shape_hallway_0.csv,True,16.6,0
t_shape_hallway,mcts,mcts,t_shape_hallway,t_shape_hallway,,0,metrics_steps_mcts_t_shape_hallway_t_shape_hallway_0.csv,True,16.7,0
t_shape_hallway,mcts,mcts,t_shape_hallway,t_shape_hallway,,0,metrics_steps_mcts_t_shape_hallway_t_shape_hallway_0.csv,True,16.8,0
t_shape_hallway,mcts,mcts,t_shape_hallway,t_shape_hallway,,0,metrics_steps_mcts_t_shape_hallway_t_shape_hallway_0.csv,True,16.9,0
t_shape_hallway,mcts,mcts,t_shape_hallway,t_shape_hallway,,0,metrics_steps_mcts_t_shape_hallway_t_shape_hallway_0.csv,True,17.0,0
t_shape_hallway,mcts,mcts,t_shape_hallway,t_shape_hallway,,0,metrics_steps_mcts_t_shape_hallway_t_shape_hallway_0.csv,True,17.1,0
t_shape_hallway,mcts,mcts,t_shape_hallway,t_shape_hallway,,0,metrics_steps_mcts_t_shape_hallway_t_shape_hallway_0.csv,True,17.2,0
t_shape_hallway,mcts,mcts,t_shape_hallway,t_shape_hallway,,0,metrics_steps_mcts_t_shape_hallway_t_shape_hallway_0.csv,True,17.3,0
t_shape_hallway,mcts,mcts,t_shape_hallway,t_shape_hallway,,0,metrics_steps_mcts_t_shape_hallway_t_shape_hallway_0.csv,True,17.4,0
t_shape_hallway,mcts,mcts,t_shape_hallway,t_shape_hallway,,0,metrics_steps_mcts_t_shape_hallway_t_shape_hallway_0.csv,True,17.5,0
t_shape_hallway,mcts,mcts,t_shape_hallway,t_shape_hallway,,0,metrics_steps_mcts_t_shape_hallway_t_shape_hallway_0.csv,True,17.6,0
t_shape_hallway,mcts,mcts,t_shape_hallway,t_shape_hallway,,0,metrics_steps_mcts_t_shape_hallway_t_shape_hallway_0.csv,True,17.7,0
t_shape_hallway,mcts,mcts,t_shape_hallway,t_shape_hallway,,0,metrics_steps_mcts_t_shape_hallway_t_shape_hallway_0.csv,True,17.8,0
t_shape_hallway,mcts,mcts,t_shape_hallway,t_shape_hallway,,0,metrics_steps_mcts_t_shape_hallway_t_shape_hallway_0.csv,True,17.9,0
t_shape_hallway,mcts,mcts,t_shape_hallway,t_shape_hallway,,0,metrics_steps_mcts_t_shape_hallway_t_shape_hallway_0.csv,True,18.0,0
t_shape_hallway,mcts,mcts,t_shape_hallway,t_shape_hallway,,0,metrics_steps_mcts_t_shape_hallway_t_shape_hallway_0.csv,True,18.1,0
t_shape_hallway,mcts,mcts,t_shape_hallway,t_shape_hallway,,0,metrics_steps_mcts_t_shape_hallway_t_shape_hallway_0.csv,True,18.2,0
t_shape_hallway,mcts,mcts,t_shape_hallway,t_shape_hallway,,0,metrics_steps_mcts_t_shape_hallway_t_shape_hallway_0.csv,True,18.3,0
t_shape_hallway,mcts,mcts,t_shape_hallway,t_shape_hallway,,0,metrics_steps_mcts_t_shape_hallway_t_shape_hallway_0.csv,True,18.4,0
t_shape_hallway,mcts,mcts,t_shape_hallway,t_shape_hallway,,0,metrics_steps_mcts_t_shape_hallway_t_shape_hallway_0.csv,True,18.5,0
t_shape_hallway,mcts,mcts,t_shape_hallway,t_shape_hallway,,0,metrics_steps_mcts_t_shape_hallway_t_shape_hallway_0.csv,True,18.6,0
t_shape_hallway,mcts,mcts,t_shape_hallway,t_shape_hallway,,0,metrics_steps_mcts_t_shape_hallway_t_shape_hallway_0.csv,True,18.7,0
t_shape_hallway,mcts,mcts,t_shape_hallway,t_shape_hallway,,0,metrics_steps_mcts_t_shape_hallway_t_shape_hallway_0.csv,True,18.8,0
t_shape_hallway,mcts,mcts,t_shape_hallway,t_shape_hallway,,0,metrics_steps_mcts_t_shape_hallway_t_shape_hallway_0.csv,True,18.9,0
t_shape_hallway,mcts,mcts,t_shape_hallway,t_shape_hallway,,0,metrics_steps_mcts_t_shape_hallway_t_shape_hallway_0.csv,True,19.0,0
t_shape_hallway,mcts,mcts,t_shape_hallway,t_shape_hallway,,0,metrics_steps_mcts_t_shape_hallway_t_shape_hallway_0.csv,True,19.1,0
t_shape_hallway,mcts,mcts,t_shape_hallway,t_shape_hallway,,0,metrics_steps_mcts_t_shape_hallway_t_shape_hallway_0.csv,True,19.2,0
t_shape_hallway,mcts,mcts,t_shape_hallway,t_shape_hallway,,0,metrics_steps_mcts_t_shape_hallway_t_shape_hallway_0.csv,True,19.3,0
t_shape_hallway,mcts,mcts,t_shape_hallway,t_shape_hallway,,0,metrics_steps_mcts_t_shape_hallway_t_shape_hallway_0.csv,True,19.4,0
t_shape_hallway,mcts,mcts,t_shape_hallway,t_shape_hallway,,0,metrics_steps_mcts_t_shape_hallway_t_shape_hallway_0.csv,True,19.5,0
t_shape_hallway,mcts,mcts,t_shape_hallway,t_shape_hallway,,0,metrics_steps_mcts_t_shape_hallway_t_shape_hallway_0.csv,True,19.6,0
t_shape_hallway,mcts,mcts,t_shape_hallway,t_shape_hallway,,0,metrics_steps_mcts_t_shape_hallway_t_shape_hallway_0.csv,True,19.7,0
t_shape_hallway,mcts,mcts,t_shape_hallway,t_shape_hallway,,0,metrics_steps_mcts_t_shape_hallway_t_shape_hallway_0.csv,True,19.8,0
t_shape_hallway,mcts,mcts,t_shape_hallway,t_shape_hallway,,0,metrics_steps_mcts_t_shape_hallway_t_shape_hallway_0.csv,True,19.9,0
t_shape_hallway,mcts,mcts,t_shape_hallway,t_shape_hallway,,0,metrics_steps_mcts_t_shape_hallway_t_shape_hallway_0.csv,True,20.0,0
t_shape_hallway,mcts,mcts,t_shape_hallway,t_shape_hallway,,0,metrics_steps_mcts_t_shape_hallway_t_shape_hallway_0.csv,True,20.1,0
t_shape_hallway,mcts,mcts,t_shape_hallway,t_shape_hallway,,0,metrics_steps_mcts_t_shape_hallway_t_shape_hallway_0.csv,True,20.2,0
wide_hallway,mcts,mcts,wide_hallway,3_group,,0,metrics_steps_mcts_wide_hallway_3_agents_group_0.csv,True,0.0,0
wide_hallway,mcts,mcts,wide_hallway,3_group,,0,metrics_steps_mcts_wide_hallway_3_agents_group_0.csv,True,0.1,0
wide_hallway,mcts,mcts,wide_hallway,3_group,,0,metrics_steps_mcts_wide_hallway_3_agents_group_0.csv,True,0.2,0
wide_hallway,mcts,mcts,wide_hallway,3_group,,0,metrics_steps_mcts_wide_hallway_3_agents_group_0.csv,True,0.3,0
wide_hallway,mcts,mcts,wide_hallway,3_group,,0,metrics_steps_mcts_wide_hallway_3_agents_group_0.csv,True,0.4,0
wide_hallway,mcts,mcts,wide_hallway,3_group,,0,metrics_steps_mcts_wide_hallway_3_agents_group_0.csv,True,0.5,0
wide_hallway,mcts,mcts,wide_hallway,3_group,,0,metrics_steps_mcts_wide_hallway_3_agents_group_0.csv,True,0.6,0
wide_hallway,mcts,mcts,wide_hallway,3_group,,0,metrics_steps_mcts_wide_hallway_3_agents_group_0.csv,True,0.7,0
wide_hallway,mcts,mcts,wide_hallway,3_group,,0,metrics_steps_mcts_wide_hallway_3_agents_group_0.csv,True,0.8,0
wide_hallway,mcts,mcts,wide_hallway,3_group,,0,metrics_steps_mcts_wide_hallway_3_agents_group_0.csv,True,0.9,0
wide_hallway,mcts,mcts,wide_hallway,3_group,,0,metrics_steps_mcts_wide_hallway_3_agents_group_0.csv,True,1.0,0
wide_hallway,mcts,mcts,wide_hallway,3_group,,0,metrics_steps_mcts_wide_hallway_3_agents_group_0.csv,True,1.1,0
wide_hallway,mcts,mcts,wide_hallway,3_group,,0,metrics_steps_mcts_wide_hallway_3_agents_group_0.csv,True,1.2,0
wide_hallway,mcts,mcts,wide_hallway,3_group,,0,metrics_steps_mcts_wide_hallway_3_agents_group_0.csv,True,1.3,0
wide_hallway,mcts,mcts,wide_hallway,3_group,,0,metrics_steps_mcts_wide_hallway_3_agents_group_0.csv,True,1.4,0
wide_hallway,mcts,mcts,wide_hallway,3_group,,0,metrics_steps_mcts_wide_hallway_3_agents_group_0.csv,True,1.5,0
wide_hallway,mcts,mcts,wide_hallway,3_group,,0,metrics_steps_mcts_wide_hallway_3_agents_group_0.csv,True,1.6,0
wide_hallway,mcts,mcts,wide_hallway,3_group,,0,metrics_steps_mcts_wide_hallway_3_agents_group_0.csv,True,1.7,0
wide_hallway,mcts,mcts,wide_hallway,3_group,,0,metrics_steps_mcts_wide_hallway_3_agents_group_0.csv,True,1.8,0
wide_hallway,mcts,mcts,wide_hallway,3_group,,0,metrics_steps_mcts_wide_hallway_3_agents_group_0.csv,True,1.9,0
wide_hallway,mcts,mcts,wide_hallway,3_group,,0,metrics_steps_mcts_wide_hallway_3_agents_group_0.csv,True,2.0,0
wide_hallway,mcts,mcts,wide_hallway,3_group,,0,metrics_steps_mcts_wide_hallway_3_agents_group_0.csv,True,2.1,0
wide_hallway,mcts,mcts,wide_hallway,3_group,,0,metrics_steps_mcts_wide_hallway_3_agents_group_0.csv,True,2.2,0
wide_hallway,mcts,mcts,wide_hallway,3_group,,0,metrics_steps_mcts_wide_hallway_3_agents_group_0.csv,True,2.3,0
wide_hallway,mcts,mcts,wide_hallway,3_group,,0,metrics_steps_mcts_wide_hallway_3_agents_group_0.csv,True,2.4,0
wide_hallway,mcts,mcts,wide_hallway,3_group,,0,metrics_steps_mcts_wide_hallway_3_agents_group_0.csv,True,2.5,0
wide_hallway,mcts,mcts,wide_hallway,3_group,,0,metrics_steps_mcts_wide_hallway_3_agents_group_0.csv,True,2.6,0
wide_hallway,mcts,mcts,wide_hallway,3_group,,0,metrics_steps_mcts_wide_hallway_3_agents_group_0.csv,True,2.7,0
wide_hallway,mcts,mcts,wide_hallway,3_group,,0,metrics_steps_mcts_wide_hallway_3_agents_group_0.csv,True,2.8,0
wide_hallway,mcts,mcts,wide_hallway,3_group,,0,metrics_steps_mcts_wide_hallway_3_agents_group_0.csv,True,2.9,0
wide_hallway,mcts,mcts,wide_hallway,3_group,,0,metrics_steps_mcts_wide_hallway_3_agents_group_0.csv,True,3.0,0
wide_hallway,mcts,mcts,wide_hallway,3_group,,0,metrics_steps_mcts_wide_hallway_3_agents_group_0.csv,True,3.1,0
wide_hallway,mcts,mcts,wide_hallway,3_group,,0,metrics_steps_mcts_wide_hallway_3_agents_group_0.csv,True,3.2,0
wide_hallway,mcts,mcts,wide_hallway,3_group,,0,metrics_steps_mcts_wide_hallway_3_agents_group_0.csv,True,3.3,0
wide_hallway,mcts,mcts,wide_hallway,3_group,,0,metrics_steps_mcts_wide_hallway_3_agents_group_0.csv,True,3.4,0
wide_hallway,mcts,mcts,wide_hallway,3_group,,0,metrics_steps_mcts_wide_hallway_3_agents_group_0.csv,True,3.5,0
wide_hallway,mcts,mcts,wide_hallway,3_group,,0,metrics_steps_mcts_wide_hallway_3_agents_group_0.csv,True,3.6,0
wide_hallway,mcts,mcts,wide_hallway,3_group,,0,metrics_steps_mcts_wide_hallway_3_agents_group_0.csv,True,3.7,0
wide_hallway,mcts,mcts,wide_hallway,3_group,,0,metrics_steps_mcts_wide_hallway_3_agents_group_0.csv,True,3.8,0
wide_hallway,mcts,mcts,wide_hallway,3_group,,0,metrics_steps_mcts_wide_hallway_3_agents_group_0.csv,True,3.9,0
wide_hallway,mcts,mcts,wide_hallway,3_group,,0,metrics_steps_mcts_wide_hallway_3_agents_group_0.csv,True,4.0,0
wide_hallway,mcts,mcts,wide_hallway,3_group,,0,metrics_steps_mcts_wide_hallway_3_agents_group_0.csv,True,4.1,0
wide_hallway,mcts,mcts,wide_hallway,3_group,,0,metrics_steps_mcts_wide_hallway_3_agents_group_0.csv,True,4.2,0
wide_hallway,mcts,mcts,wide_hallway,3_group,,0,metrics_steps_mcts_wide_hallway_3_agents_group_0.csv,True,4.3,0
wide_hallway,mcts,mcts,wide_hallway,3_group,,0,metrics_steps_mcts_wide_hallway_3_agents_group_0.csv,True,4.4,0
wide_hallway,mcts,mcts,wide_hallway,3_group,,0,metrics_steps_mcts_wide_hallway_3_agents_group_0.csv,True,4.5,0
wide_hallway,mcts,mcts,wide_hallway,3_group,,0,metrics_steps_mcts_wide_hallway_3_agents_group_0.csv,True,4.6,0
wide_hallway,mcts,mcts,wide_hallway,3_group,,0,metrics_steps_mcts_wide_hallway_3_agents_group_0.csv,True,4.7,0
wide_hallway,mcts,mcts,wide_hallway,3_group,,0,metrics_steps_mcts_wide_hallway_3_agents_group_0.csv,True,4.8,0
wide_hallway,mcts,mcts,wide_hallway,3_group,,0,metrics_steps_mcts_wide_hallway_3_agents_group_0.csv,True,4.9,0
wide_hallway,mcts,mcts,wide_hallway,3_group,,0,metrics_steps_mcts_wide_hallway_3_agents_group_0.csv,True,5.0,0
wide_hallway,mcts,mcts,wide_hallway,3_group,,0,metrics_steps_mcts_wide_hallway_3_agents_group_0.csv,True,5.1,0
wide_hallway,mcts,mcts,wide_hallway,3_group,,0,metrics_steps_mcts_wide_hallway_3_agents_group_0.csv,True,5.2,0
wide_hallway,mcts,mcts,wide_hallway,3_group,,0,metrics_steps_mcts_wide_hallway_3_agents_group_0.csv,True,5.3,0
wide_hallway,mcts,mcts,wide_hallway,3_group,,0,metrics_steps_mcts_wide_hallway_3_agents_group_0.csv,True,5.4,0
wide_hallway,mcts,mcts,wide_hallway,3_group,,0,metrics_steps_mcts_wide_hallway_3_agents_group_0.csv,True,5.5,0
wide_hallway,mcts,mcts,wide_hallway,3_group,,0,metrics_steps_mcts_wide_hallway_3_agents_group_0.csv,True,5.6,0
wide_hallway,mcts,mcts,wide_hallway,3_group,,0,metrics_steps_mcts_wide_hallway_3_agents_group_0.csv,True,5.7,0
wide_hallway,mcts,mcts,wide_hallway,3_group,,0,metrics_steps_mcts_wide_hallway_3_agents_group_0.csv,True,5.8,0
wide_hallway,mcts,mcts,wide_hallway,3_group,,0,metrics_steps_mcts_wide_hallway_3_agents_group_0.csv,True,5.9,0
wide_hallway,mcts,mcts,wide_hallway,3_group,,0,metrics_steps_mcts_wide_hallway_3_agents_group_0.csv,True,6.0,0
wide_hallway,mcts,mcts,wide_hallway,3_group,,0,metrics_steps_mcts_wide_hallway_3_agents_group_0.csv,True,6.1,0
wide_hallway,mcts,mcts,wide_hallway,3_group,,0,metrics_steps_mcts_wide_hallway_3_agents_group_0.csv,True,6.2,0
wide_hallway,mcts,mcts,wide_hallway,3_group,,0,metrics_steps_mcts_wide_hallway_3_agents_group_0.csv,True,6.3,0
wide_hallway,mcts,mcts,wide_hallway,3_group,,0,metrics_steps_mcts_wide_hallway_3_agents_group_0.csv,True,6.4,0
wide_hallway,mcts,mcts,wide_hallway,3_group,,0,metrics_steps_mcts_wide_hallway_3_agents_group_0.csv,True,6.5,0
wide_hallway,mcts,mcts,wide_hallway,3_group,,0,metrics_steps_mcts_wide_hallway_3_agents_group_0.csv,True,6.6,0
wide_hallway,mcts,mcts,wide_hallway,3_group,,0,metrics_steps_mcts_wide_hallway_3_agents_group_0.csv,True,6.7,0
wide_hallway,mcts,mcts,wide_hallway,3_group,,0,metrics_steps_mcts_wide_hallway_3_agents_group_0.csv,True,6.8,0
wide_hallway,mcts,mcts,wide_hallway,3_group,,0,metrics_steps_mcts_wide_hallway_3_agents_group_0.csv,True,6.9,0
wide_hallway,mcts,mcts,wide_hallway,3_group,,0,metrics_steps_mcts_wide_hallway_3_agents_group_0.csv,True,7.0,0
wide_hallway,mcts,mcts,wide_hallway,3_group,,0,metrics_steps_mcts_wide_hallway_3_agents_group_0.csv,True,7.1,0
wide_hallway,mcts,mcts,wide_hallway,3_group,,0,metrics_steps_mcts_wide_hallway_3_agents_group_0.csv,True,7.2,0
wide_hallway,mcts,mcts,wide_hallway,3_group,,0,metrics_steps_mcts_wide_hallway_3_agents_group_0.csv,True,7.3,0
wide_hallway,mcts,mcts,wide_hallway,3_group,,0,metrics_steps_mcts_wide_hallway_3_agents_group_0.csv,True,7.4,0
wide_hallway,mcts,mcts,wide_hallway,3_group,,0,metrics_steps_mcts_wide_hallway_3_agents_group_0.csv,True,7.5,0
wide_hallway,mcts,mcts,wide_hallway,3_group,,0,metrics_steps_mcts_wide_hallway_3_agents_group_0.csv,True,7.6,0
wide_hallway,mcts,mcts,wide_hallway,3_group,,0,metrics_steps_mcts_wide_hallway_3_agents_group_0.csv,True,7.7,0
wide_hallway,mcts,mcts,wide_hallway,3_group,,0,metrics_steps_mcts_wide_hallway_3_agents_group_0.csv,True,7.8,0
wide_hallway,mcts,mcts,wide_hallway,3_group,,0,metrics_steps_mcts_wide_hallway_3_agents_group_0.csv,True,7.9,0
wide_hallway,mcts,mcts,wide_hallway,3_group,,0,metrics_steps_mcts_wide_hallway_3_agents_group_0.csv,True,8.0,0
wide_hallway,mcts,mcts,wide_hallway,3_group,,0,metrics_steps_mcts_wide_hallway_3_agents_group_0.csv,True,8.1,0
wide_hallway,mcts,mcts,wide_hallway,3_group,,0,metrics_steps_mcts_wide_hallway_3_agents_group_0.csv,True,8.2,0
wide_hallway,mcts,mcts,wide_hallway,3_group,,0,metrics_steps_mcts_wide_hallway_3_agents_group_0.csv,True,8.3,0
wide_hallway,mcts,mcts,wide_hallway,3_group,,0,metrics_steps_mcts_wide_hallway_3_agents_group_0.csv,True,8.4,0
wide_hallway,mcts,mcts,wide_hallway,3_group,,0,metrics_steps_mcts_wide_hallway_3_agents_group_0.csv,True,8.5,0
wide_hallway,mcts,mcts,wide_hallway,3_group,,0,metrics_steps_mcts_wide_hallway_3_agents_group_0.csv,True,8.6,0
wide_hallway,mcts,mcts,wide_hallway,3_group,,0,metrics_steps_mcts_wide_hallway_3_agents_group_0.csv,True,8.7,0
wide_hallway,mcts,mcts,wide_hallway,3_group,,0,metrics_steps_mcts_wide_hallway_3_agents_group_0.csv,True,8.8,0
wide_hallway,mcts,mcts,wide_hallway,3_group,,0,metrics_steps_mcts_wide_hallway_3_agents_group_0.csv,True,8.9,0
wide_hallway,mcts,mcts,wide_hallway,3_group,,0,metrics_steps_mcts_wide_hallway_3_agents_group_0.csv,True,9.0,0
wide_hallway,mcts,mcts,wide_hallway,3_group,,0,metrics_steps_mcts_wide_hallway_3_agents_group_0.csv,True,9.1,0
wide_hallway,mcts,mcts,wide_hallway,3_group,,0,metrics_steps_mcts_wide_hallway_3_agents_group_0.csv,True,9.2,0
wide_hallway,mcts,mcts,wide_hallway,3_group,,0,metrics_steps_mcts_wide_hallway_3_agents_group_0.csv,True,9.3,0
wide_hallway,mcts,mcts,wide_hallway,3_group,,0,metrics_steps_mcts_wide_hallway_3_agents_group_0.csv,True,9.4,0
wide_hallway,mcts,mcts,wide_hallway,3_group,,0,metrics_steps_mcts_wide_hallway_3_agents_group_0.csv,True,9.5,0
wide_hallway,mcts,mcts,wide_hallway,3_group,,0,metrics_steps_mcts_wide_hallway_3_agents_group_0.csv,True,9.6,0
wide_hallway,mcts,mcts,wide_hallway,3_group,,0,metrics_steps_mcts_wide_hallway_3_agents_group_0.csv,True,9.7,0
wide_hallway,mcts,mcts,wide_hallway,3_group,,0,metrics_steps_mcts_wide_hallway_3_agents_group_0.csv,True,9.8,0
wide_hallway,mcts,mcts,wide_hallway,3_group,,0,metrics_steps_mcts_wide_hallway_3_agents_group_0.csv,True,9.9,0
wide_hallway,mcts,mcts,wide_hallway,3_group,,0,metrics_steps_mcts_wide_hallway_3_agents_group_0.csv,True,10.0,0
wide_hallway,mcts,mcts,wide_hallway,3_group,,0,metrics_steps_mcts_wide_hallway_3_agents_group_0.csv,True,10.1,0
wide_hallway,mcts,mcts,wide_hallway,3_group,,0,metrics_steps_mcts_wide_hallway_3_agents_group_0.csv,True,10.2,0
wide_hallway,mcts,mcts,wide_hallway,3_group,,0,metrics_steps_mcts_wide_hallway_3_agents_group_0.csv,True,10.3,0
wide_hallway,mcts,mcts,wide_hallway,3_group,,0,metrics_steps_mcts_wide_hallway_3_agents_group_0.csv,True,10.4,0
wide_hallway,mcts,mcts,wide_hallway,3_group,,0,metrics_steps_mcts_wide_hallway_3_agents_group_0.csv,True,10.5,0
wide_hallway,mcts,mcts,wide_hallway,3_group,,0,metrics_steps_mcts_wide_hallway_3_agents_group_0.csv,True,10.6,0
wide_hallway,mcts,mcts,wide_hallway,3_group,,0,metrics_steps_mcts_wide_hallway_3_agents_group_0.csv,True,10.7,0
wide_hallway,mcts,mcts,wide_hallway,3_group,,0,metrics_steps_mcts_wide_hallway_3_agents_group_0.csv,True,10.8,0
wide_hallway,mcts,mcts,wide_hallway,3_group,,0,metrics_steps_mcts_wide_hallway_3_agents_group_0.csv,True,10.9,0
wide_hallway,mcts,mcts,wide_hallway,3_group,,0,metrics_steps_mcts_wide_hallway_3_agents_group_0.csv,True,11.0,0
wide_hallway,mcts,mcts,wide_hallway,3_group,,0,metrics_steps_mcts_wide_hallway_3_agents_group_0.csv,True,11.1,0
wide_hallway,mcts,mcts,wide_hallway,3_group,,0,metrics_steps_mcts_wide_hallway_3_agents_group_0.csv,True,11.2,0
wide_hallway,mcts,mcts,wide_hallway,3_group,,0,metrics_steps_mcts_wide_hallway_3_agents_group_0.csv,True,11.3,0
wide_hallway,mcts,mcts,wide_hallway,3_group,,0,metrics_steps_mcts_wide_hallway_3_agents_group_0.csv,True,11.4,0
wide_hallway,mcts,mcts,wide_hallway,3_group,,0,metrics_steps_mcts_wide_hallway_3_agents_group_0.csv,True,11.5,0
wide_hallway,mcts,mcts,wide_hallway,3_group,,0,metrics_steps_mcts_wide_hallway_3_agents_group_0.csv,True,11.6,0
wide_hallway,mcts,mcts,wide_hallway,3_group,,0,metrics_steps_mcts_wide_hallway_3_agents_group_0.csv,True,11.7,0
wide_hallway,mcts,mcts,wide_hallway,3_group,,0,metrics_steps_mcts_wide_hallway_3_agents_group_0.csv,True,11.8,0
wide_hallway,mcts,mcts,wide_hallway,3_group,,0,metrics_steps_mcts_wide_hallway_3_agents_group_0.csv,True,11.9,0
wide_hallway,mcts,mcts,wide_hallway,3_group,,0,metrics_steps_mcts_wide_hallway_3_agents_group_0.csv,True,12.0,0
wide_hallway,mcts,mcts,wide_hallway,3_group,,0,metrics_steps_mcts_wide_hallway_3_agents_group_0.csv,True,12.1,0
wide_hallway,mcts,mcts,wide_hallway,3_group,,0,metrics_steps_mcts_wide_hallway_3_agents_group_0.csv,True,12.2,0
wide_hallway,mcts,mcts,wide_hallway,3_group,,0,metrics_steps_mcts_wide_hallway_3_agents_group_0.csv,True,12.3,0
wide_hallway,mcts,mcts,wide_hallway,3_group,,0,metrics_steps_mcts_wide_hallway_3_agents_group_0.csv,True,12.4,0
wide_hallway,mcts,mcts,wide_hallway,3_group,,0,metrics_steps_mcts_wide_hallway_3_agents_group_0.csv,True,12.5,0
wide_hallway,mcts,mcts,wide_hallway,3_group,,0,metrics_steps_mcts_wide_hallway_3_agents_group_0.csv,True,12.6,0
wide_hallway,mcts,mcts,wide_hallway,3_group,,0,metrics_steps_mcts_wide_hallway_3_agents_group_0.csv,True,12.7,0
wide_hallway,mcts,mcts,wide_hallway,3_group,,0,metrics_steps_mcts_wide_hallway_3_agents_group_0.csv,True,12.8,0
wide_hallway,mcts,mcts,wide_hallway,3_group,,0,metrics_steps_mcts_wide_hallway_3_agents_group_0.csv,True,12.9,0
wide_hallway,mcts,mcts,wide_hallway,3_group,,0,metrics_steps_mcts_wide_hallway_3_agents_group_0.csv,True,13.0,0
wide_hallway,mcts,mcts,wide_hallway,3_group,,0,metrics_steps_mcts_wide_hallway_3_agents_group_0.csv,True,13.1,0
wide_hallway,mcts,mcts,wide_hallway,3_group,,0,metrics_steps_mcts_wide_hallway_3_agents_group_0.csv,True,13.2,0
wide_hallway,mcts,mcts,wide_hallway,3_group,,0,metrics_steps_mcts_wide_hallway_3_agents_group_0.csv,True,13.3,0
wide_hallway,mcts,mcts,wide_hallway,3_group,,0,metrics_steps_mcts_wide_hallway_3_agents_group_0.csv,True,13.4,0
wide_hallway,mcts,mcts,wide_hallway,3_group,,0,metrics_steps_mcts_wide_hallway_3_agents_group_0.csv,True,13.5,0
wide_hallway,mcts,mcts,wide_hallway,3_group,,0,metrics_steps_mcts_wide_hallway_3_agents_group_0.csv,True,13.6,0
wide_hallway,mcts,mcts,wide_hallway,3_group,,0,metrics_steps_mcts_wide_hallway_3_agents_group_0.csv,True,13.7,0
wide_hallway,mcts,mcts,wide_hallway,3_group,,0,metrics_steps_mcts_wide_hallway_3_agents_group_0.csv,True,13.8,0
wide_hallway,mcts,mcts,wide_hallway,3_group,,0,metrics_steps_mcts_wide_hallway_3_agents_group_0.csv,True,13.9,0
wide_hallway,mcts,mcts,wide_hallway,3_group,,0,metrics_steps_mcts_wide_hallway_3_agents_group_0.csv,True,14.0,0
wide_hallway,mcts,mcts,wide_hallway,3_group,,0,metrics_steps_mcts_wide_hallway_3_agents_group_0.csv,True,14.1,0
wide_hallway,mcts,mcts,wide_hallway,3_group,,0,metrics_steps_mcts_wide_hallway_3_agents_group_0.csv,True,14.2,0
wide_hallway,mcts,mcts,wide_hallway,3_group,,0,metrics_steps_mcts_wide_hallway_3_agents_group_0.csv,True,14.3,0
wide_hallway,mcts,mcts,wide_hallway,3_group,,0,metrics_steps_mcts_wide_hallway_3_agents_group_0.csv,True,14.4,0
wide_hallway,mcts,mcts,wide_hallway,3_group,,0,metrics_steps_mcts_wide_hallway_3_agents_group_0.csv,True,14.5,0
wide_hallway,mcts,mcts,wide_hallway,3_group,,0,metrics_steps_mcts_wide_hallway_3_agents_group_0.csv,True,14.6,0
wide_hallway,mcts,mcts,wide_hallway,3_group,,0,metrics_steps_mcts_wide_hallway_3_agents_group_0.csv,True,14.7,0
wide_hallway,mcts,mcts,wide_hallway,3_group,,0,metrics_steps_mcts_wide_hallway_3_agents_group_0.csv,True,14.8,0
wide_hallway,mcts,mcts,wide_hallway,3_group,,0,metrics_steps_mcts_wide_hallway_3_agents_group_0.csv,True,14.9,0
wide_hallway,mcts,mcts,wide_hallway,3_group,,0,metrics_steps_mcts_wide_hallway_3_agents_group_0.csv,True,15.0,0
wide_hallway,mcts,mcts,wide_hallway,3_group,,0,metrics_steps_mcts_wide_hallway_3_agents_group_0.csv,True,15.1,0
wide_hallway,mcts,mcts,wide_hallway,3_group,,0,metrics_steps_mcts_wide_hallway_3_agents_group_0.csv,True,15.2,0
wide_hallway,mcts,mcts,wide_hallway,3_group,,0,metrics_steps_mcts_wide_hallway_3_agents_group_0.csv,True,15.3,0
wide_hallway,mcts,mcts,wide_hallway,3_group,,0,metrics_steps_mcts_wide_hallway_3_agents_group_0.csv,True,15.4,0
wide_hallway,mcts,mcts,wide_hallway,3_group,,0,metrics_steps_mcts_wide_hallway_3_agents_group_0.csv,True,15.5,0
wide_hallway,mcts,mcts,wide_hallway,3_group,,0,metrics_steps_mcts_wide_hallway_3_agents_group_0.csv,True,15.6,0
wide_hallway,mcts,mcts,wide_hallway,3_group,,0,metrics_steps_mcts_wide_hallway_3_agents_group_0.csv,True,15.7,0
wide_hallway,mcts,mcts,wide_hallway,3_group,,0,metrics_steps_mcts_wide_hallway_3_agents_group_0.csv,True,15.8,0
wide_hallway,mcts,mcts,wide_hallway,3_group,,0,metrics_steps_mcts_wide_hallway_3_agents_group_0.csv,True,15.9,0
doors_hallway,nav2,nav2,doors_hallway,doors_hallway,,0,metrics_steps_nav2_doors_hallway_doors_hallway_0.csv,True,0.0,0
doors_hallway,nav2,nav2,doors_hallway,doors_hallway,,0,metrics_steps_nav2_doors_hallway_doors_hallway_0.csv,True,0.84,0
doors_hallway,nav2,nav2,doors_hallway,doors_hallway,,0,metrics_steps_nav2_doors_hallway_doors_hallway_0.csv,True,1.6800000000000002,0
doors_hallway,nav2,nav2,doors_hallway,doors_hallway,,0,metrics_steps_nav2_doors_hallway_doors_hallway_0.csv,True,2.51,0
doors_hallway,nav2,nav2,doors_hallway,doors_hallway,,0,metrics_steps_nav2_doors_hallway_doors_hallway_0.csv,True,3.35,0
doors_hallway,nav2,nav2,doors_hallway,doors_hallway,,0,metrics_steps_nav2_doors_hallway_doors_hallway_0.csv,True,4.18,0
doors_hallway,nav2,nav2,doors_hallway,doors_hallway,,0,metrics_steps_nav2_doors_hallway_doors_hallway_0.csv,True,5.01,0
doors_hallway,nav2,nav2,doors_hallway,doors_hallway,,0,metrics_steps_nav2_doors_hallway_doors_hallway_0.csv,True,5.88,0
doors_hallway,nav2,nav2,doors_hallway,doors_hallway,,0,metrics_steps_nav2_doors_hallway_doors_hallway_0.csv,True,6.73,0
doors_hallway,nav2,nav2,doors_hallway,doors_hallway,,0,metrics_steps_nav2_doors_hallway_doors_hallway_0.csv,True,7.57,0
doors_hallway,nav2,nav2,doors_hallway,doors_hallway,,0,metrics_steps_nav2_doors_hallway_doors_hallway_0.csv,True,8.4,0
doors_hallway,nav2,nav2,doors_hallway,doors_hallway,,0,metrics_steps_nav2_doors_hallway_doors_hallway_0.csv,True,9.24,0
doors_hallway,nav2,nav2,doors_hallway,doors_hallway,,0,metrics_steps_nav2_doors_hallway_doors_hallway_0.csv,True,10.09,0
doors_hallway,nav2,nav2,doors_hallway,doors_hallway,,0,metrics_steps_nav2_doors_hallway_doors_hallway_0.csv,True,10.93,0
doors_hallway,nav2,nav2,doors_hallway,doors_hallway,,0,metrics_steps_nav2_doors_hallway_doors_hallway_0.csv,True,11.77,0
doors_hallway,nav2,nav2,doors_hallway,doors_hallway,,0,metrics_steps_nav2_doors_hallway_doors_hallway_0.csv,True,12.59,0
doors_hallway,nav2,nav2,doors_hallway,doors_hallway,,0,metrics_steps_nav2_doors_hallway_doors_hallway_0.csv,True,13.43,0
doors_hallway,nav2,nav2,doors_hallway,doors_hallway,,0,metrics_steps_nav2_doors_hallway_doors_hallway_0.csv,True,14.27,0
doors_hallway,nav2,nav2,doors_hallway,doors_hallway,,0,metrics_steps_nav2_doors_hallway_doors_hallway_0.csv,True,15.1,0
doors_hallway,nav2,nav2,doors_hallway,doors_hallway,,0,metrics_steps_nav2_doors_hallway_doors_hallway_0.csv,True,15.92,0
doors_hallway,nav2,nav2,doors_hallway,doors_hallway,,0,metrics_steps_nav2_doors_hallway_doors_hallway_0.csv,True,16.77,0
doors_hallway,nav2,nav2,doors_hallway,doors_hallway,,0,metrics_steps_nav2_doors_hallway_doors_hallway_0.csv,True,17.65,0
doors_hallway,nav2,nav2,doors_hallway,doors_hallway,,0,metrics_steps_nav2_doors_hallway_doors_hallway_0.csv,True,18.5,0
doors_hallway,nav2,nav2,doors_hallway,doors_hallway,,0,metrics_steps_nav2_doors_hallway_doors_hallway_0.csv,True,19.37,0
doors_hallway,nav2,nav2,doors_hallway,doors_hallway,,0,metrics_steps_nav2_doors_hallway_doors_hallway_0.csv,True,20.23,0
doors_hallway,nav2,nav2,doors_hallway,doors_hallway,,0,metrics_steps_nav2_doors_hallway_doors_hallway_0.csv,True,21.07,0
doors_hallway,nav2,nav2,doors_hallway,doors_hallway,,0,metrics_steps_nav2_doors_hallway_doors_hallway_0.csv,True,21.93,0
doors_hallway,nav2,nav2,doors_hallway,doors_hallway,,0,metrics_steps_nav2_doors_hallway_doors_hallway_0.csv,True,22.76,0
doors_hallway,nav2,nav2,doors_hallway,doors_hallway,,0,metrics_steps_nav2_doors_hallway_doors_hallway_0.csv,True,23.61,0
intersection_hallway,nav2,nav2,intersection_hallway,3_crossing,,0,metrics_steps_nav2_intersection_hallway_3_crossing_0.csv,True,0.0,0
intersection_hallway,nav2,nav2,intersection_hallway,3_crossing,,0,metrics_steps_nav2_intersection_hallway_3_crossing_0.csv,True,0.88,0
intersection_hallway,nav2,nav2,intersection_hallway,3_crossing,,0,metrics_steps_nav2_intersection_hallway_3_crossing_0.csv,True,1.75,0
intersection_hallway,nav2,nav2,intersection_hallway,3_crossing,,0,metrics_steps_nav2_intersection_hallway_3_crossing_0.csv,True,2.63,0
intersection_hallway,nav2,nav2,intersection_hallway,3_crossing,,0,metrics_steps_nav2_intersection_hallway_3_crossing_0.csv,True,3.5,0
intersection_hallway,nav2,nav2,intersection_hallway,3_crossing,,0,metrics_steps_nav2_intersection_hallway_3_crossing_0.csv,True,4.39,0
intersection_hallway,nav2,nav2,intersection_hallway,3_crossing,,0,metrics_steps_nav2_intersection_hallway_3_crossing_0.csv,True,5.28,0
intersection_hallway,nav2,nav2,intersection_hallway,3_crossing,,0,metrics_steps_nav2_intersection_hallway_3_crossing_0.csv,True,6.15,0
intersection_hallway,nav2,nav2,intersection_hallway,3_crossing,,0,metrics_steps_nav2_intersection_hallway_3_crossing_0.csv,True,7.02,0
intersection_hallway,nav2,nav2,intersection_hallway,3_crossing,,0,metrics_steps_nav2_intersection_hallway_3_crossing_0.csv,True,7.89,0
intersection_hallway,nav2,nav2,intersection_hallway,3_crossing,,0,metrics_steps_nav2_intersection_hallway_3_crossing_0.csv,True,8.76,0
intersection_hallway,nav2,nav2,intersection_hallway,3_crossing,,0,metrics_steps_nav2_intersection_hallway_3_crossing_0.csv,True,9.65,0
intersection_hallway,nav2,nav2,intersection_hallway,3_crossing,,0,metrics_steps_nav2_intersection_hallway_3_crossing_0.csv,True,10.52,0
intersection_hallway,nav2,nav2,intersection_hallway,3_crossing,,0,metrics_steps_nav2_intersection_hallway_3_crossing_0.csv,True,11.39,0
intersection_hallway,nav2,nav2,intersection_hallway,3_crossing,,0,metrics_steps_nav2_intersection_hallway_3_crossing_0.csv,True,12.27,0
intersection_hallway,nav2,nav2,intersection_hallway,3_crossing,,0,metrics_steps_nav2_intersection_hallway_3_crossing_0.csv,True,13.15,0
intersection_hallway,nav2,nav2,intersection_hallway,3_crossing,,0,metrics_steps_nav2_intersection_hallway_3_crossing_0.csv,True,14.03,0
intersection_hallway,nav2,nav2,intersection_hallway,3_crossing,,0,metrics_steps_nav2_intersection_hallway_3_crossing_0.csv,True,14.91,0
intersection_hallway,nav2,nav2,intersection_hallway,3_crossing,,0,metrics_steps_nav2_intersection_hallway_3_crossing_0.csv,True,15.79,0
intersection_hallway,nav2,nav2,intersection_hallway,3_crossing,,0,metrics_steps_nav2_intersection_hallway_3_crossing_0.csv,True,16.68,0
intersection_hallway,nav2,nav2,intersection_hallway,3_crossing,,0,metrics_steps_nav2_intersection_hallway_3_crossing_0.csv,True,17.56,0
intersection_hallway,nav2,nav2,intersection_hallway,3_crossing,,0,metrics_steps_nav2_intersection_hallway_3_crossing_0.csv,True,18.44,0
intersection_hallway,nav2,nav2,intersection_hallway,3_crossing,,0,metrics_steps_nav2_intersection_hallway_3_crossing_0.csv,True,19.31,0
intersection_hallway,nav2,nav2,intersection_hallway,3_crossing,,0,metrics_steps_nav2_intersection_hallway_3_crossing_0.csv,True,20.19,0
intersection_hallway,nav2,nav2,intersection_hallway,3_crossing,,0,metrics_steps_nav2_intersection_hallway_3_crossing_0.csv,True,21.08,0
intersection_hallway,nav2,nav2,intersection_hallway,3_crossing,,0,metrics_steps_nav2_intersection_hallway_3_crossing_0.csv,True,21.97,0
intersection_hallway,nav2,nav2,intersection_hallway,3_crossing,,0,metrics_steps_nav2_intersection_hallway_3_crossing_0.csv,True,22.84,0
intersection_hallway,nav2,nav2,intersection_hallway,3_crossing,,0,metrics_steps_nav2_intersection_hallway_3_crossing_0.csv,True,23.71,0
narrow_hallway,nav2,nav2,1_ahead_robot,1_ahead_robot,,0,metrics_steps_nav2_narrow_hallway_1_ahead_robot_0.csv,False,0.0,0
narrow_hallway,nav2,nav2,1_ahead_robot,1_ahead_robot,,0,metrics_steps_nav2_narrow_hallway_1_ahead_robot_0.csv,False,0.96,0
narrow_hallway,nav2,nav2,1_ahead_robot,1_ahead_robot,,0,metrics_steps_nav2_narrow_hallway_1_ahead_robot_0.csv,False,1.92,0
narrow_hallway,nav2,nav2,1_ahead_robot,1_ahead_robot,,0,metrics_steps_nav2_narrow_hallway_1_ahead_robot_0.csv,False,2.9,0
narrow_hallway,nav2,nav2,1_ahead_robot,1_ahead_robot,,0,metrics_steps_nav2_narrow_hallway_1_ahead_robot_0.csv,False,3.88,0
narrow_hallway,nav2,nav2,1_ahead_robot,1_ahead_robot,,0,metrics_steps_nav2_narrow_hallway_1_ahead_robot_0.csv,False,4.86,0
narrow_hallway,nav2,nav2,1_ahead_robot,1_ahead_robot,,0,metrics_steps_nav2_narrow_hallway_1_ahead_robot_0.csv,False,5.84,0
narrow_hallway,nav2,nav2,1_ahead_robot,1_ahead_robot,,0,metrics_steps_nav2_narrow_hallway_1_ahead_robot_0.csv,False,6.8100000000000005,0
narrow_hallway,nav2,nav2,1_ahead_robot,1_ahead_robot,,0,metrics_steps_nav2_narrow_hallway_1_ahead_robot_0.csv,False,7.78,0
narrow_hallway,nav2,nav2,1_ahead_robot,1_ahead_robot,,0,metrics_steps_nav2_narrow_hallway_1_ahead_robot_0.csv,False,8.75,0
narrow_hallway,nav2,nav2,1_ahead_robot,1_ahead_robot,,0,metrics_steps_nav2_narrow_hallway_1_ahead_robot_0.csv,False,9.72,0
narrow_hallway,nav2,nav2,1_ahead_robot,1_ahead_robot,,0,metrics_steps_nav2_narrow_hallway_1_ahead_robot_0.csv,False,10.69,0
narrow_hallway,nav2,nav2,1_ahead_robot,1_ahead_robot,,0,metrics_steps_nav2_narrow_hallway_1_ahead_robot_0.csv,False,11.66,0
narrow_hallway,nav2,nav2,1_ahead_robot,1_ahead_robot,,0,metrics_steps_nav2_narrow_hallway_1_ahead_robot_0.csv,False,12.64,0
narrow_hallway,nav2,nav2,1_ahead_robot,1_ahead_robot,,0,metrics_steps_nav2_narrow_hallway_1_ahead_robot_0.csv,False,13.62,0
narrow_hallway,nav2,nav2,1_ahead_robot,1_ahead_robot,,0,metrics_steps_nav2_narrow_hallway_1_ahead_robot_0.csv,False,14.59,0
narrow_hallway,nav2,nav2,1_ahead_robot,1_ahead_robot,,0,metrics_steps_nav2_narrow_hallway_1_ahead_robot_0.csv,False,15.56,0
narrow_hallway,nav2,nav2,1_ahead_robot,1_ahead_robot,,0,metrics_steps_nav2_narrow_hallway_1_ahead_robot_0.csv,False,16.54,0
narrow_hallway,nav2,nav2,1_ahead_robot,1_ahead_robot,,0,metrics_steps_nav2_narrow_hallway_1_ahead_robot_0.csv,False,17.51,0
narrow_hallway,nav2,nav2,1_ahead_robot,1_ahead_robot,,0,metrics_steps_nav2_narrow_hallway_1_ahead_robot_0.csv,False,18.48,0
narrow_hallway,nav2,nav2,1_behind_robot,1_behind_robot,,0,metrics_steps_nav2_narrow_hallway_1_behind_robot_0.csv,False,0.0,0
narrow_hallway,nav2,nav2,1_behind_robot,1_behind_robot,,0,metrics_steps_nav2_narrow_hallway_1_behind_robot_0.csv,False,0.95,0
narrow_hallway,nav2,nav2,1_behind_robot,1_behind_robot,,0,metrics_steps_nav2_narrow_hallway_1_behind_robot_0.csv,False,1.91,0
narrow_hallway,nav2,nav2,1_behind_robot,1_behind_robot,,0,metrics_steps_nav2_narrow_hallway_1_behind_robot_0.csv,False,2.86,0
narrow_hallway,nav2,nav2,1_behind_robot,1_behind_robot,,0,metrics_steps_nav2_narrow_hallway_1_behind_robot_0.csv,False,3.81,0
narrow_hallway,nav2,nav2,1_behind_robot,1_behind_robot,,0,metrics_steps_nav2_narrow_hallway_1_behind_robot_0.csv,False,4.76,0
narrow_hallway,nav2,nav2,1_behind_robot,1_behind_robot,,0,metrics_steps_nav2_narrow_hallway_1_behind_robot_0.csv,False,5.73,0
narrow_hallway,nav2,nav2,1_behind_robot,1_behind_robot,,0,metrics_steps_nav2_narrow_hallway_1_behind_robot_0.csv,False,6.68,0
narrow_hallway,nav2,nav2,1_behind_robot,1_behind_robot,,0,metrics_steps_nav2_narrow_hallway_1_behind_robot_0.csv,False,7.64,0
narrow_hallway,nav2,nav2,1_behind_robot,1_behind_robot,,0,metrics_steps_nav2_narrow_hallway_1_behind_robot_0.csv,False,8.59,0
narrow_hallway,nav2,nav2,1_behind_robot,1_behind_robot,,0,metrics_steps_nav2_narrow_hallway_1_behind_robot_0.csv,False,9.54,0
narrow_hallway,nav2,nav2,1_behind_robot,1_behind_robot,,0,metrics_steps_nav2_narrow_hallway_1_behind_robot_0.csv,False,10.5,0
narrow_hallway,nav2,nav2,1_behind_robot,1_behind_robot,,0,metrics_steps_nav2_narrow_hallway_1_behind_robot_0.csv,False,11.48,0
narrow_hallway,nav2,nav2,1_behind_robot,1_behind_robot,,0,metrics_steps_nav2_narrow_hallway_1_behind_robot_0.csv,False,12.44,0
narrow_hallway,nav2,nav2,1_behind_robot,1_behind_robot,,0,metrics_steps_nav2_narrow_hallway_1_behind_robot_0.csv,False,13.42,0
narrow_hallway,nav2,nav2,1_behind_robot,1_behind_robot,,0,metrics_steps_nav2_narrow_hallway_1_behind_robot_0.csv,False,14.39,0
narrow_hallway,nav2,nav2,1_behind_robot,1_behind_robot,,0,metrics_steps_nav2_narrow_hallway_1_behind_robot_0.csv,False,15.35,0
narrow_hallway,nav2,nav2,2_towards_robot,2_towards_robot,,0,metrics_steps_nav2_narrow_hallway_2_towards_robot_0.csv,False,0.0,0
narrow_hallway,nav2,nav2,2_towards_robot,2_towards_robot,,0,metrics_steps_nav2_narrow_hallway_2_towards_robot_0.csv,False,0.1,0
narrow_hallway,nav2,nav2,2_towards_robot,2_towards_robot,,0,metrics_steps_nav2_narrow_hallway_2_towards_robot_0.csv,False,0.2,0
narrow_hallway,nav2,nav2,2_towards_robot,2_towards_robot,,0,metrics_steps_nav2_narrow_hallway_2_towards_robot_0.csv,False,0.3,0
narrow_hallway,nav2,nav2,2_towards_robot,2_towards_robot,,0,metrics_steps_nav2_narrow_hallway_2_towards_robot_0.csv,False,0.4,0
narrow_hallway,nav2,nav2,2_towards_robot,2_towards_robot,,0,metrics_steps_nav2_narrow_hallway_2_towards_robot_0.csv,False,0.5,0
narrow_hallway,nav2,nav2,2_towards_robot,2_towards_robot,,0,metrics_steps_nav2_narrow_hallway_2_towards_robot_0.csv,False,0.6,0
narrow_hallway,nav2,nav2,2_towards_robot,2_towards_robot,,0,metrics_steps_nav2_narrow_hallway_2_towards_robot_0.csv,False,0.7,0
narrow_hallway,nav2,nav2,2_towards_robot,2_towards_robot,,0,metrics_steps_nav2_narrow_hallway_2_towards_robot_0.csv,False,0.8,0
narrow_hallway,nav2,nav2,2_towards_robot,2_towards_robot,,0,metrics_steps_nav2_narrow_hallway_2_towards_robot_0.csv,False,0.9,0
narrow_hallway,nav2,nav2,2_towards_robot,2_towards_robot,,0,metrics_steps_nav2_narrow_hallway_2_towards_robot_0.csv,False,1.0,0
narrow_hallway,nav2,nav2,2_towards_robot,2_towards_robot,,0,metrics_steps_nav2_narrow_hallway_2_towards_robot_0.csv,False,1.1,0
narrow_hallway,nav2,nav2,2_towards_robot,2_towards_robot,,0,metrics_steps_nav2_narrow_hallway_2_towards_robot_0.csv,False,1.2,0
narrow_hallway,nav2,nav2,2_towards_robot,2_towards_robot,,0,metrics_steps_nav2_narrow_hallway_2_towards_robot_0.csv,False,1.3,0
narrow_hallway,nav2,nav2,2_towards_robot,2_towards_robot,,0,metrics_steps_nav2_narrow_hallway_2_towards_robot_0.csv,False,1.4,0
narrow_hallway,nav2,nav2,2_towards_robot,2_towards_robot,,0,metrics_steps_nav2_narrow_hallway_2_towards_robot_0.csv,False,1.5,0
narrow_hallway,nav2,nav2,2_towards_robot,2_towards_robot,,0,metrics_steps_nav2_narrow_hallway_2_towards_robot_0.csv,False,1.6,0
narrow_hallway,nav2,nav2,2_towards_robot,2_towards_robot,,0,metrics_steps_nav2_narrow_hallway_2_towards_robot_0.csv,False,1.7,0
narrow_hallway,nav2,nav2,2_towards_robot,2_towards_robot,,0,metrics_steps_nav2_narrow_hallway_2_towards_robot_0.csv,False,1.8,0
narrow_hallway,nav2,nav2,2_towards_robot,2_towards_robot,,0,metrics_steps_nav2_narrow_hallway_2_towards_robot_0.csv,False,1.9,0
narrow_hallway,nav2,nav2,2_towards_robot,2_towards_robot,,0,metrics_steps_nav2_narrow_hallway_2_towards_robot_0.csv,False,2.0,0
narrow_hallway,nav2,nav2,2_towards_robot,2_towards_robot,,0,metrics_steps_nav2_narrow_hallway_2_towards_robot_0.csv,False,2.1,0
narrow_hallway,nav2,nav2,2_towards_robot,2_towards_robot,,0,metrics_steps_nav2_narrow_hallway_2_towards_robot_0.csv,False,2.2,0
narrow_hallway,nav2,nav2,2_towards_robot,2_towards_robot,,0,metrics_steps_nav2_narrow_hallway_2_towards_robot_0.csv,False,2.3,0
narrow_hallway,nav2,nav2,2_towards_robot,2_towards_robot,,0,metrics_steps_nav2_narrow_hallway_2_towards_robot_0.csv,False,2.4,0
narrow_hallway,nav2,nav2,2_towards_robot,2_towards_robot,,0,metrics_steps_nav2_narrow_hallway_2_towards_robot_0.csv,False,2.5,0
narrow_hallway,nav2,nav2,2_towards_robot,2_towards_robot,,0,metrics_steps_nav2_narrow_hallway_2_towards_robot_0.csv,False,2.6,0
narrow_hallway,nav2,nav2,2_towards_robot,2_towards_robot,,0,metrics_steps_nav2_narrow_hallway_2_towards_robot_0.csv,False,2.7,0
narrow_hallway,nav2,nav2,2_towards_robot,2_towards_robot,,0,metrics_steps_nav2_narrow_hallway_2_towards_robot_0.csv,False,2.8,0
narrow_hallway,nav2,nav2,2_towards_robot,2_towards_robot,,0,metrics_steps_nav2_narrow_hallway_2_towards_robot_0.csv,False,2.9,0
narrow_hallway,nav2,nav2,2_towards_robot,2_towards_robot,,0,metrics_steps_nav2_narrow_hallway_2_towards_robot_0.csv,False,3.0,0
narrow_hallway,nav2,nav2,2_towards_robot,2_towards_robot,,0,metrics_steps_nav2_narrow_hallway_2_towards_robot_0.csv,False,3.1,0
narrow_hallway,nav2,nav2,2_towards_robot,2_towards_robot,,0,metrics_steps_nav2_narrow_hallway_2_towards_robot_0.csv,False,3.2,0
narrow_hallway,nav2,nav2,2_towards_robot,2_towards_robot,,0,metrics_steps_nav2_narrow_hallway_2_towards_robot_0.csv,False,3.3,0
narrow_hallway,nav2,nav2,2_towards_robot,2_towards_robot,,0,metrics_steps_nav2_narrow_hallway_2_towards_robot_0.csv,False,3.4,0
narrow_hallway,nav2,nav2,2_towards_robot,2_towards_robot,,0,metrics_steps_nav2_narrow_hallway_2_towards_robot_0.csv,False,3.5,0
narrow_hallway,nav2,nav2,2_towards_robot,2_towards_robot,,0,metrics_steps_nav2_narrow_hallway_2_towards_robot_0.csv,False,3.6,0
narrow_hallway,nav2,nav2,2_towards_robot,2_towards_robot,,0,metrics_steps_nav2_narrow_hallway_2_towards_robot_0.csv,False,3.7,0
narrow_hallway,nav2,nav2,2_towards_robot,2_towards_robot,,0,metrics_steps_nav2_narrow_hallway_2_towards_robot_0.csv,False,3.8,0
narrow_hallway,nav2,nav2,2_towards_robot,2_towards_robot,,0,metrics_steps_nav2_narrow_hallway_2_towards_robot_0.csv,False,3.9,0
narrow_hallway,nav2,nav2,2_towards_robot,2_towards_robot,,0,metrics_steps_nav2_narrow_hallway_2_towards_robot_0.csv,False,4.0,0
narrow_hallway,nav2,nav2,2_towards_robot,2_towards_robot,,0,metrics_steps_nav2_narrow_hallway_2_towards_robot_0.csv,False,4.1,0
narrow_hallway,nav2,nav2,2_towards_robot,2_towards_robot,,0,metrics_steps_nav2_narrow_hallway_2_towards_robot_0.csv,False,4.2,0
narrow_hallway,nav2,nav2,2_towards_robot,2_towards_robot,,0,metrics_steps_nav2_narrow_hallway_2_towards_robot_0.csv,False,4.3,0
narrow_hallway,nav2,nav2,2_towards_robot,2_towards_robot,,0,metrics_steps_nav2_narrow_hallway_2_towards_robot_0.csv,False,4.4,0
narrow_hallway,nav2,nav2,2_towards_robot,2_towards_robot,,0,metrics_steps_nav2_narrow_hallway_2_towards_robot_0.csv,False,4.5,0
narrow_hallway,nav2,nav2,2_towards_robot,2_towards_robot,,0,metrics_steps_nav2_narrow_hallway_2_towards_robot_0.csv,False,4.6,0
narrow_hallway,nav2,nav2,2_towards_robot,2_towards_robot,,0,metrics_steps_nav2_narrow_hallway_2_towards_robot_0.csv,False,4.7,0
narrow_hallway,nav2,nav2,2_towards_robot,2_towards_robot,,0,metrics_steps_nav2_narrow_hallway_2_towards_robot_0.csv,False,4.8,0
narrow_hallway,nav2,nav2,2_towards_robot,2_towards_robot,,0,metrics_steps_nav2_narrow_hallway_2_towards_robot_0.csv,False,4.9,0
narrow_hallway,nav2,nav2,2_towards_robot,2_towards_robot,,0,metrics_steps_nav2_narrow_hallway_2_towards_robot_0.csv,False,5.0,0
narrow_hallway,nav2,nav2,2_towards_robot,2_towards_robot,,0,metrics_steps_nav2_narrow_hallway_2_towards_robot_0.csv,False,5.1,0
narrow_hallway,nav2,nav2,2_towards_robot,2_towards_robot,,0,metrics_steps_nav2_narrow_hallway_2_towards_robot_0.csv,False,5.2,0
narrow_hallway,nav2,nav2,2_towards_robot,2_towards_robot,,0,metrics_steps_nav2_narrow_hallway_2_towards_robot_0.csv,False,5.3,0
narrow_hallway,nav2,nav2,2_towards_robot,2_towards_robot,,0,metrics_steps_nav2_narrow_hallway_2_towards_robot_0.csv,False,5.4,0
narrow_hallway,nav2,nav2,2_towards_robot,2_towards_robot,,0,metrics_steps_nav2_narrow_hallway_2_towards_robot_0.csv,False,5.5,0
narrow_hallway,nav2,nav2,2_towards_robot,2_towards_robot,,0,metrics_steps_nav2_narrow_hallway_2_towards_robot_0.csv,False,5.6,0
narrow_hallway,nav2,nav2,2_towards_robot,2_towards_robot,,0,metrics_steps_nav2_narrow_hallway_2_towards_robot_0.csv,False,5.7,0
narrow_hallway,nav2,nav2,2_towards_robot,2_towards_robot,,0,metrics_steps_nav2_narrow_hallway_2_towards_robot_0.csv,False,5.8,0
narrow_hallway,nav2,nav2,2_towards_robot,2_towards_robot,,0,metrics_steps_nav2_narrow_hallway_2_towards_robot_0.csv,False,5.9,0
narrow_hallway,nav2,nav2,2_towards_robot,2_towards_robot,,0,metrics_steps_nav2_narrow_hallway_2_towards_robot_0.csv,False,6.0,0
narrow_hallway,nav2,nav2,2_towards_robot,2_towards_robot,,0,metrics_steps_nav2_narrow_hallway_2_towards_robot_0.csv,False,6.1,0
narrow_hallway,nav2,nav2,2_towards_robot,2_towards_robot,,0,metrics_steps_nav2_narrow_hallway_2_towards_robot_0.csv,False,6.2,0
narrow_hallway,nav2,nav2,2_towards_robot,2_towards_robot,,0,metrics_steps_nav2_narrow_hallway_2_towards_robot_0.csv,False,6.3,0
narrow_hallway,nav2,nav2,2_towards_robot,2_towards_robot,,0,metrics_steps_nav2_narrow_hallway_2_towards_robot_0.csv,False,6.4,0
narrow_hallway,nav2,nav2,2_towards_robot,2_towards_robot,,0,metrics_steps_nav2_narrow_hallway_2_towards_robot_0.csv,False,6.5,0
narrow_hallway,nav2,nav2,2_towards_robot,2_towards_robot,,0,metrics_steps_nav2_narrow_hallway_2_towards_robot_0.csv,False,6.6,0
narrow_hallway,nav2,nav2,2_towards_robot,2_towards_robot,,0,metrics_steps_nav2_narrow_hallway_2_towards_robot_0.csv,False,6.7,0
narrow_hallway,nav2,nav2,2_towards_robot,2_towards_robot,,0,metrics_steps_nav2_narrow_hallway_2_towards_robot_0.csv,False,6.8,0
narrow_hallway,nav2,nav2,2_towards_robot,2_towards_robot,,0,metrics_steps_nav2_narrow_hallway_2_towards_robot_0.csv,False,6.9,0
narrow_hallway,nav2,nav2,2_towards_robot,2_towards_robot,,0,metrics_steps_nav2_narrow_hallway_2_towards_robot_0.csv,False,7.0,0
narrow_hallway,nav2,nav2,2_towards_robot,2_towards_robot,,0,metrics_steps_nav2_narrow_hallway_2_towards_robot_0.csv,False,7.1,0
narrow_hallway,nav2,nav2,2_towards_robot,2_towards_robot,,0,metrics_steps_nav2_narrow_hallway_2_towards_robot_0.csv,False,7.2,0
narrow_hallway,nav2,nav2,2_towards_robot,2_towards_robot,,0,metrics_steps_nav2_narrow_hallway_2_towards_robot_0.csv,False,7.3,0
narrow_hallway,nav2,nav2,2_towards_robot,2_towards_robot,,0,metrics_steps_nav2_narrow_hallway_2_towards_robot_0.csv,False,7.4,0
narrow_hallway,nav2,nav2,2_towards_robot,2_towards_robot,,0,metrics_steps_nav2_narrow_hallway_2_towards_robot_0.csv,False,7.5,0
narrow_hallway,nav2,nav2,2_towards_robot,2_towards_robot,,0,metrics_steps_nav2_narrow_hallway_2_towards_robot_0.csv,False,7.6,0
narrow_hallway,nav2,nav2,2_towards_robot,2_towards_robot,,0,metrics_steps_nav2_narrow_hallway_2_towards_robot_0.csv,False,7.7,0
narrow_hallway,nav2,nav2,2_towards_robot,2_towards_robot,,0,metrics_steps_nav2_narrow_hallway_2_towards_robot_0.csv,False,7.8,0
narrow_hallway,nav2,nav2,2_towards_robot,2_towards_robot,,0,metrics_steps_nav2_narrow_hallway_2_towards_robot_0.csv,False,7.9,0
narrow_hallway,nav2,nav2,2_towards_robot,2_towards_robot,,0,metrics_steps_nav2_narrow_hallway_2_towards_robot_0.csv,False,8.0,0
narrow_hallway,nav2,nav2,2_towards_robot,2_towards_robot,,0,metrics_steps_nav2_narrow_hallway_2_towards_robot_0.csv,False,8.1,0
narrow_hallway,nav2,nav2,2_towards_robot,2_towards_robot,,0,metrics_steps_nav2_narrow_hallway_2_towards_robot_0.csv,False,8.2,0
narrow_hallway,nav2,nav2,2_towards_robot,2_towards_robot,,0,metrics_steps_nav2_narrow_hallway_2_towards_robot_0.csv,False,8.3,0
narrow_hallway,nav2,nav2,2_towards_robot,2_towards_robot,,0,metrics_steps_nav2_narrow_hallway_2_towards_robot_0.csv,False,8.4,0
narrow_hallway,nav2,nav2,2_towards_robot,2_towards_robot,,0,metrics_steps_nav2_narrow_hallway_2_towards_robot_0.csv,False,8.5,0
narrow_hallway,nav2,nav2,2_towards_robot,2_towards_robot,,0,metrics_steps_nav2_narrow_hallway_2_towards_robot_0.csv,False,8.6,0
narrow_hallway,nav2,nav2,2_towards_robot,2_towards_robot,,0,metrics_steps_nav2_narrow_hallway_2_towards_robot_0.csv,False,8.7,0
narrow_hallway,nav2,nav2,2_towards_robot,2_towards_robot,,0,metrics_steps_nav2_narrow_hallway_2_towards_robot_0.csv,False,8.8,0
narrow_hallway,nav2,nav2,2_towards_robot,2_towards_robot,,0,metrics_steps_nav2_narrow_hallway_2_towards_robot_0.csv,False,8.9,0
narrow_hallway,nav2,nav2,2_towards_robot,2_towards_robot,,0,metrics_steps_nav2_narrow_hallway_2_towards_robot_0.csv,False,9.0,0
narrow_hallway,nav2,nav2,2_towards_robot,2_towards_robot,,0,metrics_steps_nav2_narrow_hallway_2_towards_robot_0.csv,False,9.1,0
narrow_hallway,nav2,nav2,2_towards_robot,2_towards_robot,,0,metrics_steps_nav2_narrow_hallway_2_towards_robot_0.csv,False,9.2,0
narrow_hallway,nav2,nav2,2_towards_robot,2_towards_robot,,0,metrics_steps_nav2_narrow_hallway_2_towards_robot_0.csv,False,9.3,0
narrow_hallway,nav2,nav2,2_towards_robot,2_towards_robot,,0,metrics_steps_nav2_narrow_hallway_2_towards_robot_0.csv,False,9.4,0
narrow_hallway,nav2,nav2,2_towards_robot,2_towards_robot,,0,metrics_steps_nav2_narrow_hallway_2_towards_robot_0.csv,False,9.5,0
narrow_hallway,nav2,nav2,2_towards_robot,2_towards_robot,,0,metrics_steps_nav2_narrow_hallway_2_towards_robot_0.csv,False,9.6,0
narrow_hallway,nav2,nav2,2_towards_robot,2_towards_robot,,0,metrics_steps_nav2_narrow_hallway_2_towards_robot_0.csv,False,9.7,0
narrow_hallway,nav2,nav2,2_towards_robot,2_towards_robot,,0,metrics_steps_nav2_narrow_hallway_2_towards_robot_0.csv,False,9.8,0
narrow_hallway,nav2,nav2,2_towards_robot,2_towards_robot,,0,metrics_steps_nav2_narrow_hallway_2_towards_robot_0.csv,False,9.9,0
narrow_hallway,nav2,nav2,2_towards_robot,2_towards_robot,,0,metrics_steps_nav2_narrow_hallway_2_towards_robot_0.csv,False,10.0,0
narrow_hallway,nav2,nav2,2_towards_robot,2_towards_robot,,0,metrics_steps_nav2_narrow_hallway_2_towards_robot_0.csv,False,10.1,0
narrow_hallway,nav2,nav2,2_towards_robot,2_towards_robot,,0,metrics_steps_nav2_narrow_hallway_2_towards_robot_0.csv,False,10.2,0
narrow_hallway,nav2,nav2,2_towards_robot,2_towards_robot,,0,metrics_steps_nav2_narrow_hallway_2_towards_robot_0.csv,False,10.3,0
narrow_hallway,nav2,nav2,2_towards_robot,2_towards_robot,,0,metrics_steps_nav2_narrow_hallway_2_towards_robot_0.csv,False,10.4,0
narrow_hallway,nav2,nav2,2_towards_robot,2_towards_robot,,0,metrics_steps_nav2_narrow_hallway_2_towards_robot_0.csv,False,10.5,0
narrow_hallway,nav2,nav2,2_towards_robot,2_towards_robot,,0,metrics_steps_nav2_narrow_hallway_2_towards_robot_0.csv,False,10.6,0
narrow_hallway,nav2,nav2,2_towards_robot,2_towards_robot,,0,metrics_steps_nav2_narrow_hallway_2_towards_robot_0.csv,False,10.7,0
narrow_hallway,nav2,nav2,2_towards_robot,2_towards_robot,,0,metrics_steps_nav2_narrow_hallway_2_towards_robot_0.csv,False,10.8,0
narrow_hallway,nav2,nav2,2_towards_robot,2_towards_robot,,0,metrics_steps_nav2_narrow_hallway_2_towards_robot_0.csv,False,10.9,0
narrow_hallway,nav2,nav2,2_towards_robot,2_towards_robot,,0,metrics_steps_nav2_narrow_hallway_2_towards_robot_0.csv,False,11.0,0
narrow_hallway,nav2,nav2,2_towards_robot,2_towards_robot,,0,metrics_steps_nav2_narrow_hallway_2_towards_robot_0.csv,False,11.1,0
narrow_hallway,nav2,nav2,2_towards_robot,2_towards_robot,,0,metrics_steps_nav2_narrow_hallway_2_towards_robot_0.csv,False,11.2,0
narrow_hallway,nav2,nav2,2_towards_robot,2_towards_robot,,0,metrics_steps_nav2_narrow_hallway_2_towards_robot_0.csv,False,11.3,0
narrow_hallway,nav2,nav2,2_towards_robot,2_towards_robot,,0,metrics_steps_nav2_narrow_hallway_2_towards_robot_0.csv,False,11.4,0
narrow_hallway,nav2,nav2,2_towards_robot,2_towards_robot,,0,metrics_steps_nav2_narrow_hallway_2_towards_robot_0.csv,False,11.5,0
narrow_hallway,nav2,nav2,2_towards_robot,2_towards_robot,,0,metrics_steps_nav2_narrow_hallway_2_towards_robot_0.csv,False,11.6,0
narrow_hallway,nav2,nav2,2_towards_robot,2_towards_robot,,0,metrics_steps_nav2_narrow_hallway_2_towards_robot_0.csv,False,11.7,0
narrow_hallway,nav2,nav2,2_towards_robot,2_towards_robot,,0,metrics_steps_nav2_narrow_hallway_2_towards_robot_0.csv,False,11.8,0
narrow_hallway,nav2,nav2,2_towards_robot,2_towards_robot,,0,metrics_steps_nav2_narrow_hallway_2_towards_robot_0.csv,False,11.9,0
narrow_hallway,nav2,nav2,2_towards_robot,2_towards_robot,,0,metrics_steps_nav2_narrow_hallway_2_towards_robot_0.csv,False,12.0,0
narrow_hallway,nav2,nav2,2_towards_robot,2_towards_robot,,0,metrics_steps_nav2_narrow_hallway_2_towards_robot_0.csv,False,12.1,0
narrow_hallway,nav2,nav2,2_towards_robot,2_towards_robot,,0,metrics_steps_nav2_narrow_hallway_2_towards_robot_0.csv,False,12.2,0
narrow_hallway,nav2,nav2,2_towards_robot,2_towards_robot,,0,metrics_steps_nav2_narrow_hallway_2_towards_robot_0.csv,False,12.3,0
narrow_hallway,nav2,nav2,2_towards_robot,2_towards_robot,,0,metrics_steps_nav2_narrow_hallway_2_towards_robot_0.csv,False,12.4,0
narrow_hallway,nav2,nav2,2_towards_robot,2_towards_robot,,0,metrics_steps_nav2_narrow_hallway_2_towards_robot_0.csv,False,12.5,0
narrow_hallway,nav2,nav2,2_towards_robot,2_towards_robot,,0,metrics_steps_nav2_narrow_hallway_2_towards_robot_0.csv,False,12.6,0
narrow_hallway,nav2,nav2,2_towards_robot,2_towards_robot,,0,metrics_steps_nav2_narrow_hallway_2_towards_robot_0.csv,False,12.7,0
narrow_hallway,nav2,nav2,2_towards_robot,2_towards_robot,,0,metrics_steps_nav2_narrow_hallway_2_towards_robot_0.csv,False,12.8,0
narrow_hallway,nav2,nav2,2_towards_robot,2_towards_robot,,0,metrics_steps_nav2_narrow_hallway_2_towards_robot_0.csv,False,12.9,0
narrow_hallway,nav2,nav2,2_towards_robot,2_towards_robot,,0,metrics_steps_nav2_narrow_hallway_2_towards_robot_0.csv,False,13.0,0
narrow_hallway,nav2,nav2,2_towards_robot,2_towards_robot,,0,metrics_steps_nav2_narrow_hallway_2_towards_robot_0.csv,False,13.1,0
narrow_hallway,nav2,nav2,2_towards_robot,2_towards_robot,,0,metrics_steps_nav2_narrow_hallway_2_towards_robot_0.csv,False,13.2,0
narrow_hallway,nav2,nav2,2_towards_robot,2_towards_robot,,0,metrics_steps_nav2_narrow_hallway_2_towards_robot_0.csv,False,13.3,0
narrow_hallway,nav2,nav2,2_towards_robot,2_towards_robot,,0,metrics_steps_nav2_narrow_hallway_2_towards_robot_0.csv,False,13.4,0
narrow_hallway,nav2,nav2,2_towards_robot,2_towards_robot,,0,metrics_steps_nav2_narrow_hallway_2_towards_robot_0.csv,False,13.5,0
narrow_hallway,nav2,nav2,2_towards_robot,2_towards_robot,,0,metrics_steps_nav2_narrow_hallway_2_towards_robot_0.csv,False,13.6,0
narrow_hallway,nav2,nav2,2_towards_robot,2_towards_robot,,0,metrics_steps_nav2_narrow_hallway_2_towards_robot_0.csv,False,13.7,0
narrow_hallway,nav2,nav2,2_towards_robot,2_towards_robot,,0,metrics_steps_nav2_narrow_hallway_2_towards_robot_0.csv,False,13.8,0
narrow_hallway,nav2,nav2,2_towards_robot,2_towards_robot,,0,metrics_steps_nav2_narrow_hallway_2_towards_robot_0.csv,False,13.9,0
narrow_hallway,nav2,nav2,2_towards_robot,2_towards_robot,,0,metrics_steps_nav2_narrow_hallway_2_towards_robot_0.csv,False,14.0,0
narrow_hallway,nav2,nav2,2_towards_robot,2_towards_robot,,0,metrics_steps_nav2_narrow_hallway_2_towards_robot_0.csv,False,14.1,0
narrow_hallway,nav2,nav2,2_towards_robot,2_towards_robot,,0,metrics_steps_nav2_narrow_hallway_2_towards_robot_0.csv,False,14.2,0
narrow_hallway,nav2,nav2,2_towards_robot,2_towards_robot,,0,metrics_steps_nav2_narrow_hallway_2_towards_robot_0.csv,False,14.3,0
narrow_hallway,nav2,nav2,2_towards_robot,2_towards_robot,,0,metrics_steps_nav2_narrow_hallway_2_towards_robot_0.csv,False,14.4,0
narrow_hallway,nav2,nav2,2_towards_robot,2_towards_robot,,0,metrics_steps_nav2_narrow_hallway_2_towards_robot_0.csv,False,14.5,0
narrow_hallway,nav2,nav2,2_towards_robot,2_towards_robot,,0,metrics_steps_nav2_narrow_hallway_2_towards_robot_0.csv,False,14.6,0
narrow_hallway,nav2,nav2,2_towards_robot,2_towards_robot,,0,metrics_steps_nav2_narrow_hallway_2_towards_robot_0.csv,False,14.7,0
narrow_hallway,nav2,nav2,2_towards_robot,2_towards_robot,,0,metrics_steps_nav2_narrow_hallway_2_towards_robot_0.csv,False,14.8,0
narrow_hallway,nav2,nav2,2_towards_robot,2_towards_robot,,0,metrics_steps_nav2_narrow_hallway_2_towards_robot_0.csv,False,14.9,0
narrow_hallway,nav2,nav2,2_towards_robot,2_towards_robot,,0,metrics_steps_nav2_narrow_hallway_2_towards_robot_0.csv,False,15.0,0
narrow_hallway,nav2,nav2,2_towards_robot,2_towards_robot,,0,metrics_steps_nav2_narrow_hallway_2_towards_robot_0.csv,False,15.1,0
narrow_hallway,nav2,nav2,2_towards_robot,2_towards_robot,,0,metrics_steps_nav2_narrow_hallway_2_towards_robot_0.csv,False,15.2,0
narrow_hallway,nav2,nav2,2_towards_robot,2_towards_robot,,0,metrics_steps_nav2_narrow_hallway_2_towards_robot_0.csv,False,15.3,0
narrow_hallway,nav2,nav2,2_towards_robot,2_towards_robot,,0,metrics_steps_nav2_narrow_hallway_2_towards_robot_0.csv,False,15.4,0
narrow_hallway,nav2,nav2,2_towards_robot,2_towards_robot,,0,metrics_steps_nav2_narrow_hallway_2_towards_robot_0.csv,False,15.5,0
narrow_hallway,nav2,nav2,2_towards_robot,2_towards_robot,,0,metrics_steps_nav2_narrow_hallway_2_towards_robot_0.csv,False,15.6,0
narrow_hallway,nav2,nav2,2_towards_robot,2_towards_robot,,0,metrics_steps_nav2_narrow_hallway_2_towards_robot_0.csv,False,15.7,0
narrow_hallway,nav2,nav2,2_towards_robot,2_towards_robot,,0,metrics_steps_nav2_narrow_hallway_2_towards_robot_0.csv,False,15.8,0
narrow_hallway,nav2,nav2,2_towards_robot,2_towards_robot,,0,metrics_steps_nav2_narrow_hallway_2_towards_robot_0.csv,False,15.9,0
narrow_hallway,nav2,nav2,2_towards_robot,2_towards_robot,,0,metrics_steps_nav2_narrow_hallway_2_towards_robot_0.csv,False,16.0,0
narrow_hallway,nav2,nav2,2_towards_robot,2_towards_robot,,0,metrics_steps_nav2_narrow_hallway_2_towards_robot_0.csv,False,16.1,0
narrow_hallway,nav2,nav2,2_towards_robot,2_towards_robot,,0,metrics_steps_nav2_narrow_hallway_2_towards_robot_0.csv,False,16.2,0
narrow_hallway,nav2,nav2,2_towards_robot,2_towards_robot,,0,metrics_steps_nav2_narrow_hallway_2_towards_robot_0.csv,False,16.3,0
narrow_hallway,nav2,nav2,2_towards_robot,2_towards_robot,,0,metrics_steps_nav2_narrow_hallway_2_towards_robot_0.csv,False,16.4,0
narrow_hallway,nav2,nav2,2_towards_robot,2_towards_robot,,0,metrics_steps_nav2_narrow_hallway_2_towards_robot_0.csv,False,16.5,0
narrow_hallway,nav2,nav2,2_towards_robot,2_towards_robot,,0,metrics_steps_nav2_narrow_hallway_2_towards_robot_0.csv,False,16.6,0
narrow_hallway,nav2,nav2,2_towards_robot,2_towards_robot,,0,metrics_steps_nav2_narrow_hallway_2_towards_robot_0.csv,False,16.7,0
narrow_hallway,nav2,nav2,2_towards_robot,2_towards_robot,,0,metrics_steps_nav2_narrow_hallway_2_towards_robot_0.csv,False,16.8,0
narrow_hallway,nav2,nav2,2_towards_robot,2_towards_robot,,0,metrics_steps_nav2_narrow_hallway_2_towards_robot_0.csv,False,16.9,0
narrow_hallway,nav2,nav2,2_towards_robot,2_towards_robot,,0,metrics_steps_nav2_narrow_hallway_2_towards_robot_0.csv,False,17.0,0
narrow_hallway,nav2,nav2,2_towards_robot,2_towards_robot,,0,metrics_steps_nav2_narrow_hallway_2_towards_robot_0.csv,False,17.1,0
narrow_hallway,nav2,nav2,2_towards_robot,2_towards_robot,,0,metrics_steps_nav2_narrow_hallway_2_towards_robot_0.csv,False,17.2,0
narrow_hallway,nav2,nav2,2_towards_robot,2_towards_robot,,0,metrics_steps_nav2_narrow_hallway_2_towards_robot_0.csv,False,17.3,0
narrow_hallway,nav2,nav2,2_towards_robot,2_towards_robot,,0,metrics_steps_nav2_narrow_hallway_2_towards_robot_0.csv,False,17.4,0
narrow_hallway,nav2,nav2,2_towards_robot,2_towards_robot,,0,metrics_steps_nav2_narrow_hallway_2_towards_robot_0.csv,False,17.5,0
narrow_hallway,nav2,nav2,2_towards_robot,2_towards_robot,,0,metrics_steps_nav2_narrow_hallway_2_towards_robot_0.csv,False,17.6,0
narrow_hallway,nav2,nav2,2_towards_robot,2_towards_robot,,0,metrics_steps_nav2_narrow_hallway_2_towards_robot_0.csv,False,17.7,0
narrow_hallway,nav2,nav2,2_towards_robot,2_towards_robot,,0,metrics_steps_nav2_narrow_hallway_2_towards_robot_0.csv,False,17.8,0
narrow_hallway,nav2,nav2,2_towards_robot,2_towards_robot,,0,metrics_steps_nav2_narrow_hallway_2_towards_robot_0.csv,False,17.9,0
narrow_hallway,nav2,nav2,2_towards_robot,2_towards_robot,,0,metrics_steps_nav2_narrow_hallway_2_towards_robot_0.csv,False,18.0,0
narrow_hallway,nav2,nav2,2_towards_robot,2_towards_robot,,0,metrics_steps_nav2_narrow_hallway_2_towards_robot_0.csv,False,18.1,0
narrow_hallway,nav2,nav2,2_towards_robot,2_towards_robot,,0,metrics_steps_nav2_narrow_hallway_2_towards_robot_0.csv,False,18.2,0
narrow_hallway,nav2,nav2,2_towards_robot,2_towards_robot,,0,metrics_steps_nav2_narrow_hallway_2_towards_robot_0.csv,False,18.3,0
narrow_hallway,nav2,nav2,2_towards_robot,2_towards_robot,,0,metrics_steps_nav2_narrow_hallway_2_towards_robot_0.csv,False,18.4,0
narrow_hallway,nav2,nav2,2_towards_robot,2_towards_robot,,0,metrics_steps_nav2_narrow_hallway_2_towards_robot_0.csv,False,18.5,0
narrow_hallway,nav2,nav2,2_towards_robot,2_towards_robot,,0,metrics_steps_nav2_narrow_hallway_2_towards_robot_0.csv,False,18.6,0
narrow_hallway,nav2,nav2,2_towards_robot,2_towards_robot,,0,metrics_steps_nav2_narrow_hallway_2_towards_robot_0.csv,False,18.7,0
narrow_hallway,nav2,nav2,2_towards_robot,2_towards_robot,,0,metrics_steps_nav2_narrow_hallway_2_towards_robot_0.csv,False,18.8,0
narrow_hallway,nav2,nav2,2_towards_robot,2_towards_robot,,0,metrics_steps_nav2_narrow_hallway_2_towards_robot_0.csv,False,18.9,0
narrow_hallway,nav2,nav2,2_towards_robot,2_towards_robot,,0,metrics_steps_nav2_narrow_hallway_2_towards_robot_0.csv,False,19.0,0
narrow_hallway,nav2,nav2,2_towards_robot,2_towards_robot,,0,metrics_steps_nav2_narrow_hallway_2_towards_robot_0.csv,False,19.1,0
narrow_hallway,nav2,nav2,2_towards_robot,2_towards_robot,,0,metrics_steps_nav2_narrow_hallway_2_towards_robot_0.csv,False,19.2,0
narrow_hallway,nav2,nav2,2_towards_robot,2_towards_robot,,0,metrics_steps_nav2_narrow_hallway_2_towards_robot_0.csv,False,19.3,0
narrow_hallway,nav2,nav2,2_towards_robot,2_towards_robot,,0,metrics_steps_nav2_narrow_hallway_2_towards_robot_0.csv,False,19.4,0
narrow_hallway,nav2,nav2,2_towards_robot,2_towards_robot,,0,metrics_steps_nav2_narrow_hallway_2_towards_robot_0.csv,False,19.5,0
narrow_hallway,nav2,nav2,2_towards_robot,2_towards_robot,,0,metrics_steps_nav2_narrow_hallway_2_towards_robot_0.csv,False,19.6,0
narrow_hallway,nav2,nav2,2_towards_robot,2_towards_robot,,0,metrics_steps_nav2_narrow_hallway_2_towards_robot_0.csv,False,19.7,0
narrow_hallway,nav2,nav2,2_towards_robot,2_towards_robot,,0,metrics_steps_nav2_narrow_hallway_2_towards_robot_0.csv,False,19.8,0
narrow_hallway,nav2,nav2,2_towards_robot,2_towards_robot,,0,metrics_steps_nav2_narrow_hallway_2_towards_robot_0.csv,False,19.9,0
narrow_hallway,nav2,nav2,2_towards_robot,2_towards_robot,,0,metrics_steps_nav2_narrow_hallway_2_towards_robot_0.csv,False,20.0,0
narrow_hallway,nav2,nav2,2_towards_robot,2_towards_robot,,0,metrics_steps_nav2_narrow_hallway_2_towards_robot_0.csv,False,20.1,0
narrow_hallway,nav2,nav2,2_towards_robot,2_towards_robot,,0,metrics_steps_nav2_narrow_hallway_2_towards_robot_0.csv,False,20.2,0
narrow_hallway,nav2,nav2,2_towards_robot,2_towards_robot,,0,metrics_steps_nav2_narrow_hallway_2_towards_robot_0.csv,False,20.3,0
narrow_hallway,nav2,nav2,2_towards_robot,2_towards_robot,,0,metrics_steps_nav2_narrow_hallway_2_towards_robot_0.csv,False,20.4,0
narrow_hallway,nav2,nav2,2_towards_robot,2_towards_robot,,0,metrics_steps_nav2_narrow_hallway_2_towards_robot_0.csv,False,20.5,0
narrow_hallway,nav2,nav2,2_towards_robot,2_towards_robot,,0,metrics_steps_nav2_narrow_hallway_2_towards_robot_0.csv,False,20.6,0
narrow_hallway,nav2,nav2,2_towards_robot,2_towards_robot,,0,metrics_steps_nav2_narrow_hallway_2_towards_robot_0.csv,False,20.7,0
narrow_hallway,nav2,nav2,2_towards_robot,2_towards_robot,,0,metrics_steps_nav2_narrow_hallway_2_towards_robot_0.csv,False,20.8,0
narrow_hallway,nav2,nav2,2_towards_robot,2_towards_robot,,0,metrics_steps_nav2_narrow_hallway_2_towards_robot_0.csv,False,20.9,0
narrow_hallway,nav2,nav2,2_towards_robot,2_towards_robot,,0,metrics_steps_nav2_narrow_hallway_2_towards_robot_0.csv,False,21.0,0
narrow_hallway,nav2,nav2,2_towards_robot,2_towards_robot,,0,metrics_steps_nav2_narrow_hallway_2_towards_robot_0.csv,False,21.1,0
narrow_hallway,nav2,nav2,2_towards_robot,2_towards_robot,,0,metrics_steps_nav2_narrow_hallway_2_towards_robot_0.csv,False,21.2,0
narrow_hallway,nav2,nav2,2_towards_robot,2_towards_robot,,0,metrics_steps_nav2_narrow_hallway_2_towards_robot_0.csv,False,21.3,0
narrow_hallway,nav2,nav2,2_towards_robot,2_towards_robot,,0,metrics_steps_nav2_narrow_hallway_2_towards_robot_0.csv,False,21.4,0
narrow_hallway,nav2,nav2,2_towards_robot,2_towards_robot,,0,metrics_steps_nav2_narrow_hallway_2_towards_robot_0.csv,False,21.5,0
narrow_hallway,nav2,nav2,2_towards_robot,2_towards_robot,,0,metrics_steps_nav2_narrow_hallway_2_towards_robot_0.csv,False,21.6,0
narrow_hallway,nav2,nav2,2_towards_robot,2_towards_robot,,0,metrics_steps_nav2_narrow_hallway_2_towards_robot_0.csv,False,21.7,0
narrow_hallway,nav2,nav2,2_towards_robot,2_towards_robot,,0,metrics_steps_nav2_narrow_hallway_2_towards_robot_0.csv,False,21.8,0
narrow_hallway,nav2,nav2,2_towards_robot,2_towards_robot,,0,metrics_steps_nav2_narrow_hallway_2_towards_robot_0.csv,False,21.9,0
narrow_hallway,nav2,nav2,2_towards_robot,2_towards_robot,,0,metrics_steps_nav2_narrow_hallway_2_towards_robot_0.csv,False,22.0,0
narrow_hallway,nav2,nav2,2_towards_robot,2_towards_robot,,0,metrics_steps_nav2_narrow_hallway_2_towards_robot_0.csv,False,22.1,0
narrow_hallway,nav2,nav2,2_towards_robot,2_towards_robot,,0,metrics_steps_nav2_narrow_hallway_2_towards_robot_0.csv,False,22.2,0
narrow_hallway,nav2,nav2,2_towards_robot,2_towards_robot,,0,metrics_steps_nav2_narrow_hallway_2_towards_robot_0.csv,False,22.3,0
narrow_hallway,nav2,nav2,2_towards_robot,2_towards_robot,,0,metrics_steps_nav2_narrow_hallway_2_towards_robot_0.csv,False,22.4,0
narrow_hallway,nav2,nav2,2_towards_robot,2_towards_robot,,0,metrics_steps_nav2_narrow_hallway_2_towards_robot_0.csv,False,22.5,0
narrow_hallway,nav2,nav2,2_towards_robot,2_towards_robot,,0,metrics_steps_nav2_narrow_hallway_2_towards_robot_0.csv,False,22.6,0
narrow_hallway,nav2,nav2,2_towards_robot,2_towards_robot,,0,metrics_steps_nav2_narrow_hallway_2_towards_robot_0.csv,False,22.7,0
narrow_hallway,nav2,nav2,2_towards_robot,2_towards_robot,,0,metrics_steps_nav2_narrow_hallway_2_towards_robot_0.csv,False,22.8,0
narrow_hallway,nav2,nav2,2_towards_robot,2_towards_robot,,0,metrics_steps_nav2_narrow_hallway_2_towards_robot_0.csv,False,22.9,0
narrow_hallway,nav2,nav2,2_towards_robot,2_towards_robot,,0,metrics_steps_nav2_narrow_hallway_2_towards_robot_0.csv,False,23.0,0
narrow_hallway,nav2,nav2,2_towards_robot,2_towards_robot,,0,metrics_steps_nav2_narrow_hallway_2_towards_robot_0.csv,False,23.1,0
narrow_hallway,nav2,nav2,2_towards_robot,2_towards_robot,,0,metrics_steps_nav2_narrow_hallway_2_towards_robot_0.csv,False,23.2,0
narrow_hallway,nav2,nav2,2_towards_robot,2_towards_robot,,0,metrics_steps_nav2_narrow_hallway_2_towards_robot_0.csv,False,23.3,0
narrow_hallway,nav2,nav2,2_towards_robot,2_towards_robot,,0,metrics_steps_nav2_narrow_hallway_2_towards_robot_0.csv,False,23.4,0
narrow_hallway,nav2,nav2,2_towards_robot,2_towards_robot,,0,metrics_steps_nav2_narrow_hallway_2_towards_robot_0.csv,False,23.5,0
narrow_hallway,nav2,nav2,2_towards_robot,2_towards_robot,,0,metrics_steps_nav2_narrow_hallway_2_towards_robot_0.csv,False,23.6,0
narrow_hallway,nav2,nav2,2_towards_robot,2_towards_robot,,0,metrics_steps_nav2_narrow_hallway_2_towards_robot_0.csv,False,23.7,0
narrow_hallway,nav2,nav2,2_towards_robot,2_towards_robot,,0,metrics_steps_nav2_narrow_hallway_2_towards_robot_0.csv,False,23.8,0
narrow_hallway,nav2,nav2,2_towards_robot,2_towards_robot,,0,metrics_steps_nav2_narrow_hallway_2_towards_robot_0.csv,False,23.9,0
narrow_hallway,nav2,nav2,2_towards_robot,2_towards_robot,,0,metrics_steps_nav2_narrow_hallway_2_towards_robot_0.csv,False,24.0,0
narrow_hallway,nav2,nav2,2_towards_robot,2_towards_robot,,0,metrics_steps_nav2_narrow_hallway_2_towards_robot_0.csv,False,24.1,0
narrow_hallway,nav2,nav2,2_towards_robot,2_towards_robot,,0,metrics_steps_nav2_narrow_hallway_2_towards_robot_0.csv,False,24.2,0
narrow_hallway,nav2,nav2,2_towards_robot,2_towards_robot,,0,metrics_steps_nav2_narrow_hallway_2_towards_robot_0.csv,False,24.3,0
narrow_hallway,nav2,nav2,2_towards_robot,2_towards_robot,,0,metrics_steps_nav2_narrow_hallway_2_towards_robot_0.csv,False,24.4,0
narrow_hallway,nav2,nav2,2_towards_robot,2_towards_robot,,0,metrics_steps_nav2_narrow_hallway_2_towards_robot_0.csv,False,24.5,0
narrow_hallway,nav2,nav2,2_towards_robot,2_towards_robot,,0,metrics_steps_nav2_narrow_hallway_2_towards_robot_0.csv,False,24.6,0
narrow_hallway,nav2,nav2,2_towards_robot,2_towards_robot,,0,metrics_steps_nav2_narrow_hallway_2_towards_robot_0.csv,False,24.69,0
narrow_hallway,nav2,nav2,2_towards_robot,2_towards_robot,,0,metrics_steps_nav2_narrow_hallway_2_towards_robot_0.csv,False,24.8,0
narrow_hallway,nav2,nav2,2_towards_robot,2_towards_robot,,0,metrics_steps_nav2_narrow_hallway_2_towards_robot_0.csv,False,24.89,0
narrow_hallway,nav2,nav2,2_towards_robot,2_towards_robot,,0,metrics_steps_nav2_narrow_hallway_2_towards_robot_0.csv,False,24.99,0
narrow_hallway,nav2,nav2,2_towards_robot,2_towards_robot,,0,metrics_steps_nav2_narrow_hallway_2_towards_robot_0.csv,False,25.09,0
narrow_hallway,nav2,nav2,2_towards_robot,2_towards_robot,,0,metrics_steps_nav2_narrow_hallway_2_towards_robot_0.csv,False,25.19,0
narrow_hallway,nav2,nav2,2_towards_robot,2_towards_robot,,0,metrics_steps_nav2_narrow_hallway_2_towards_robot_0.csv,False,25.29,0
narrow_hallway,nav2,nav2,2_towards_robot,2_towards_robot,,0,metrics_steps_nav2_narrow_hallway_2_towards_robot_0.csv,False,25.39,0
narrow_hallway,nav2,nav2,2_towards_robot,2_towards_robot,,0,metrics_steps_nav2_narrow_hallway_2_towards_robot_0.csv,False,25.49,0
narrow_hallway,nav2,nav2,2_towards_robot,2_towards_robot,,0,metrics_steps_nav2_narrow_hallway_2_towards_robot_0.csv,False,25.59,0
narrow_hallway,nav2,nav2,2_towards_robot,2_towards_robot,,0,metrics_steps_nav2_narrow_hallway_2_towards_robot_0.csv,False,25.69,0
narrow_hallway,nav2,nav2,2_towards_robot,2_towards_robot,,0,metrics_steps_nav2_narrow_hallway_2_towards_robot_0.csv,False,25.79,0
narrow_hallway,nav2,nav2,2_towards_robot,2_towards_robot,,0,metrics_steps_nav2_narrow_hallway_2_towards_robot_0.csv,False,25.89,0
narrow_hallway,nav2,nav2,2_towards_robot,2_towards_robot,,0,metrics_steps_nav2_narrow_hallway_2_towards_robot_0.csv,False,25.99,0
narrow_hallway,nav2,nav2,2_towards_robot,2_towards_robot,,0,metrics_steps_nav2_narrow_hallway_2_towards_robot_0.csv,False,26.09,0
narrow_hallway,nav2,nav2,2_towards_robot,2_towards_robot,,0,metrics_steps_nav2_narrow_hallway_2_towards_robot_0.csv,False,26.19,0
narrow_hallway,nav2,nav2,2_towards_robot,2_towards_robot,,0,metrics_steps_nav2_narrow_hallway_2_towards_robot_0.csv,False,26.29,0
narrow_hallway,nav2,nav2,2_towards_robot,2_towards_robot,,0,metrics_steps_nav2_narrow_hallway_2_towards_robot_0.csv,False,26.39,0
narrow_hallway,nav2,nav2,2_towards_robot,2_towards_robot,,0,metrics_steps_nav2_narrow_hallway_2_towards_robot_0.csv,False,26.49,0
narrow_hallway,nav2,nav2,2_towards_robot,2_towards_robot,,0,metrics_steps_nav2_narrow_hallway_2_towards_robot_0.csv,False,26.59,0
narrow_hallway,nav2,nav2,2_towards_robot,2_towards_robot,,0,metrics_steps_nav2_narrow_hallway_2_towards_robot_0.csv,False,26.69,0
narrow_hallway,nav2,nav2,2_towards_robot,2_towards_robot,,0,metrics_steps_nav2_narrow_hallway_2_towards_robot_0.csv,False,26.79,0
narrow_hallway,nav2,nav2,2_towards_robot,2_towards_robot,,0,metrics_steps_nav2_narrow_hallway_2_towards_robot_0.csv,False,26.89,0
narrow_hallway,nav2,nav2,2_towards_robot,2_towards_robot,,0,metrics_steps_nav2_narrow_hallway_2_towards_robot_0.csv,False,26.99,0
narrow_hallway,nav2,nav2,2_towards_robot,2_towards_robot,,0,metrics_steps_nav2_narrow_hallway_2_towards_robot_0.csv,False,27.09,0
narrow_hallway,nav2,nav2,2_towards_robot,2_towards_robot,,0,metrics_steps_nav2_narrow_hallway_2_towards_robot_0.csv,False,27.19,0
narrow_hallway,nav2,nav2,2_towards_robot,2_towards_robot,,0,metrics_steps_nav2_narrow_hallway_2_towards_robot_0.csv,False,27.29,0
narrow_hallway,nav2,nav2,2_towards_robot,2_towards_robot,,0,metrics_steps_nav2_narrow_hallway_2_towards_robot_0.csv,False,27.39,0
narrow_hallway,nav2,nav2,2_towards_robot,2_towards_robot,,0,metrics_steps_nav2_narrow_hallway_2_towards_robot_0.csv,False,27.49,0
narrow_hallway,nav2,nav2,2_towards_robot,2_towards_robot,,0,metrics_steps_nav2_narrow_hallway_2_towards_robot_0.csv,False,27.59,0
narrow_hallway,nav2,nav2,2_towards_robot,2_towards_robot,,0,metrics_steps_nav2_narrow_hallway_2_towards_robot_0.csv,False,27.69,0
narrow_hallway,nav2,nav2,2_towards_robot,2_towards_robot,,0,metrics_steps_nav2_narrow_hallway_2_towards_robot_0.csv,False,27.79,0
narrow_hallway,nav2,nav2,2_towards_robot,2_towards_robot,,0,metrics_steps_nav2_narrow_hallway_2_towards_robot_0.csv,False,27.89,0
narrow_hallway,nav2,nav2,2_towards_robot,2_towards_robot,,0,metrics_steps_nav2_narrow_hallway_2_towards_robot_0.csv,False,27.99,0
narrow_hallway,nav2,nav2,2_towards_robot,2_towards_robot,,0,metrics_steps_nav2_narrow_hallway_2_towards_robot_0.csv,False,28.09,0
narrow_hallway,nav2,nav2,2_towards_robot,2_towards_robot,,0,metrics_steps_nav2_narrow_hallway_2_towards_robot_0.csv,False,28.19,0
narrow_hallway,nav2,nav2,2_towards_robot,2_towards_robot,,0,metrics_steps_nav2_narrow_hallway_2_towards_robot_0.csv,False,28.29,0
narrow_hallway,nav2,nav2,2_towards_robot,2_towards_robot,,0,metrics_steps_nav2_narrow_hallway_2_towards_robot_0.csv,False,28.39,0
narrow_hallway,nav2,nav2,2_towards_robot,2_towards_robot,,0,metrics_steps_nav2_narrow_hallway_2_towards_robot_0.csv,False,28.49,0
narrow_hallway,nav2,nav2,2_towards_robot,2_towards_robot,,0,metrics_steps_nav2_narrow_hallway_2_towards_robot_0.csv,False,28.59,0
narrow_hallway,nav2,nav2,2_towards_robot,2_towards_robot,,0,metrics_steps_nav2_narrow_hallway_2_towards_robot_0.csv,False,28.69,0
narrow_hallway,nav2,nav2,2_towards_robot,2_towards_robot,,0,metrics_steps_nav2_narrow_hallway_2_towards_robot_0.csv,False,28.79,0
narrow_hallway,nav2,nav2,2_towards_robot,2_towards_robot,,0,metrics_steps_nav2_narrow_hallway_2_towards_robot_0.csv,False,28.89,0
narrow_hallway,nav2,nav2,2_towards_robot,2_towards_robot,,0,metrics_steps_nav2_narrow_hallway_2_towards_robot_0.csv,False,28.99,0
narrow_hallway,nav2,nav2,2_towards_robot,2_towards_robot,,0,metrics_steps_nav2_narrow_hallway_2_towards_robot_0.csv,False,29.09,0
narrow_hallway,nav2,nav2,2_towards_robot,2_towards_robot,,0,metrics_steps_nav2_narrow_hallway_2_towards_robot_0.csv,False,29.19,0
narrow_hallway,nav2,nav2,2_towards_robot,2_towards_robot,,0,metrics_steps_nav2_narrow_hallway_2_towards_robot_0.csv,False,29.29,0
narrow_hallway,nav2,nav2,2_towards_robot,2_towards_robot,,0,metrics_steps_nav2_narrow_hallway_2_towards_robot_0.csv,False,29.39,0
narrow_hallway,nav2,nav2,2_towards_robot,2_towards_robot,,0,metrics_steps_nav2_narrow_hallway_2_towards_robot_0.csv,False,29.49,0
narrow_hallway,nav2,nav2,2_towards_robot,2_towards_robot,,0,metrics_steps_nav2_narrow_hallway_2_towards_robot_0.csv,False,29.59,0
narrow_hallway,nav2,nav2,2_towards_robot,2_towards_robot,,0,metrics_steps_nav2_narrow_hallway_2_towards_robot_0.csv,False,29.69,0
narrow_hallway,nav2,nav2,2_towards_robot,2_towards_robot,,0,metrics_steps_nav2_narrow_hallway_2_towards_robot_0.csv,False,29.79,0
narrow_hallway,nav2,nav2,2_towards_robot,2_towards_robot,,0,metrics_steps_nav2_narrow_hallway_2_towards_robot_0.csv,False,29.89,0
narrow_hallway,nav2,nav2,2_towards_robot,2_towards_robot,,0,metrics_steps_nav2_narrow_hallway_2_towards_robot_0.csv,False,29.99,0
narrow_hallway,nav2,nav2,2_towards_robot,2_towards_robot,,0,metrics_steps_nav2_narrow_hallway_2_towards_robot_0.csv,False,30.09,0
narrow_hallway,nav2,nav2,2_towards_robot,2_towards_robot,,0,metrics_steps_nav2_narrow_hallway_2_towards_robot_0.csv,False,30.19,0
narrow_hallway,nav2,nav2,2_towards_robot,2_towards_robot,,0,metrics_steps_nav2_narrow_hallway_2_towards_robot_0.csv,False,30.29,0
narrow_hallway,nav2,nav2,2_towards_robot,2_towards_robot,,0,metrics_steps_nav2_narrow_hallway_2_towards_robot_0.csv,False,30.39,0
narrow_hallway,nav2,nav2,2_towards_robot,2_towards_robot,,0,metrics_steps_nav2_narrow_hallway_2_towards_robot_0.csv,False,30.49,0
narrow_hallway,nav2,nav2,2_towards_robot,2_towards_robot,,0,metrics_steps_nav2_narrow_hallway_2_towards_robot_0.csv,False,30.59,0
narrow_hallway,nav2,nav2,2_towards_robot,2_towards_robot,,0,metrics_steps_nav2_narrow_hallway_2_towards_robot_0.csv,False,30.69,0
narrow_hallway,nav2,nav2,2_towards_robot,2_towards_robot,,0,metrics_steps_nav2_narrow_hallway_2_towards_robot_0.csv,False,30.79,0
narrow_hallway,nav2,nav2,2_towards_robot,2_towards_robot,,0,metrics_steps_nav2_narrow_hallway_2_towards_robot_0.csv,False,30.89,0
narrow_hallway,nav2,nav2,2_towards_robot,2_towards_robot,,0,metrics_steps_nav2_narrow_hallway_2_towards_robot_0.csv,False,30.99,0
narrow_hallway,nav2,nav2,2_towards_robot,2_towards_robot,,0,metrics_steps_nav2_narrow_hallway_2_towards_robot_0.csv,False,31.09,0
narrow_hallway,nav2,nav2,2_towards_robot,2_towards_robot,,0,metrics_steps_nav2_narrow_hallway_2_towards_robot_0.csv,False,31.19,0
narrow_hallway,nav2,nav2,2_towards_robot,2_towards_robot,,0,metrics_steps_nav2_narrow_hallway_2_towards_robot_0.csv,False,31.29,0
narrow_hallway,nav2,nav2,2_towards_robot,2_towards_robot,,0,metrics_steps_nav2_narrow_hallway_2_towards_robot_0.csv,False,31.39,0
narrow_hallway,nav2,nav2,2_towards_robot,2_towards_robot,,0,metrics_steps_nav2_narrow_hallway_2_towards_robot_0.csv,False,31.49,0
narrow_hallway,nav2,nav2,2_towards_robot,2_towards_robot,,0,metrics_steps_nav2_narrow_hallway_2_towards_robot_0.csv,False,31.59,0
narrow_hallway,nav2,nav2,2_towards_robot,2_towards_robot,,0,metrics_steps_nav2_narrow_hallway_2_towards_robot_0.csv,False,31.69,0
narrow_hallway,nav2,nav2,2_towards_robot,2_towards_robot,,0,metrics_steps_nav2_narrow_hallway_2_towards_robot_0.csv,False,31.79,0
narrow_hallway,nav2,nav2,2_towards_robot,2_towards_robot,,0,metrics_steps_nav2_narrow_hallway_2_towards_robot_0.csv,False,31.89,0
narrow_hallway,nav2,nav2,2_towards_robot,2_towards_robot,,0,metrics_steps_nav2_narrow_hallway_2_towards_robot_0.csv,False,31.99,0
narrow_hallway,nav2,nav2,2_towards_robot,2_towards_robot,,0,metrics_steps_nav2_narrow_hallway_2_towards_robot_0.csv,False,32.09,0
narrow_hallway,nav2,nav2,2_towards_robot,2_towards_robot,,0,metrics_steps_nav2_narrow_hallway_2_towards_robot_0.csv,False,32.19,0
narrow_hallway,nav2,nav2,2_towards_robot,2_towards_robot,,0,metrics_steps_nav2_narrow_hallway_2_towards_robot_0.csv,False,32.29,0
narrow_hallway,nav2,nav2,2_towards_robot,2_towards_robot,,0,metrics_steps_nav2_narrow_hallway_2_towards_robot_0.csv,False,32.39,0
narrow_hallway,nav2,nav2,2_towards_robot,2_towards_robot,,0,metrics_steps_nav2_narrow_hallway_2_towards_robot_0.csv,False,32.49,0
narrow_hallway,nav2,nav2,2_towards_robot,2_towards_robot,,0,metrics_steps_nav2_narrow_hallway_2_towards_robot_0.csv,False,32.59,0
narrow_hallway,nav2,nav2,2_towards_robot,2_towards_robot,,0,metrics_steps_nav2_narrow_hallway_2_towards_robot_0.csv,False,32.69,0
narrow_hallway,nav2,nav2,2_towards_robot,2_towards_robot,,0,metrics_steps_nav2_narrow_hallway_2_towards_robot_0.csv,False,32.79,0
narrow_hallway,nav2,nav2,2_towards_robot,2_towards_robot,,0,metrics_steps_nav2_narrow_hallway_2_towards_robot_0.csv,False,32.89,0
narrow_hallway,nav2,nav2,2_towards_robot,2_towards_robot,,0,metrics_steps_nav2_narrow_hallway_2_towards_robot_0.csv,False,32.99,0
narrow_hallway,nav2,nav2,2_towards_robot,2_towards_robot,,0,metrics_steps_nav2_narrow_hallway_2_towards_robot_0.csv,False,33.09,0
narrow_hallway,nav2,nav2,2_towards_robot,2_towards_robot,,0,metrics_steps_nav2_narrow_hallway_2_towards_robot_0.csv,False,33.19,0
narrow_hallway,nav2,nav2,2_towards_robot,2_towards_robot,,0,metrics_steps_nav2_narrow_hallway_2_towards_robot_0.csv,False,33.29,0
narrow_hallway,nav2,nav2,2_towards_robot,2_towards_robot,,0,metrics_steps_nav2_narrow_hallway_2_towards_robot_0.csv,False,33.39,0
narrow_hallway,nav2,nav2,2_towards_robot,2_towards_robot,,0,metrics_steps_nav2_narrow_hallway_2_towards_robot_0.csv,False,33.49,0
narrow_hallway,nav2,nav2,2_towards_robot,2_towards_robot,,0,metrics_steps_nav2_narrow_hallway_2_towards_robot_0.csv,False,33.59,0
narrow_hallway,nav2,nav2,2_towards_robot,2_towards_robot,,0,metrics_steps_nav2_narrow_hallway_2_towards_robot_0.csv,False,33.69,0
narrow_hallway,nav2,nav2,2_towards_robot,2_towards_robot,,0,metrics_steps_nav2_narrow_hallway_2_towards_robot_0.csv,False,33.79,0
narrow_hallway,nav2,nav2,2_towards_robot,2_towards_robot,,0,metrics_steps_nav2_narrow_hallway_2_towards_robot_0.csv,False,33.89,0
narrow_hallway,nav2,nav2,2_towards_robot,2_towards_robot,,0,metrics_steps_nav2_narrow_hallway_2_towards_robot_0.csv,False,33.99,0
narrow_hallway,nav2,nav2,2_towards_robot,2_towards_robot,,0,metrics_steps_nav2_narrow_hallway_2_towards_robot_0.csv,False,34.09,0
narrow_hallway,nav2,nav2,2_towards_robot,2_towards_robot,,0,metrics_steps_nav2_narrow_hallway_2_towards_robot_0.csv,False,34.19,0
narrow_hallway,nav2,nav2,2_towards_robot,2_towards_robot,,0,metrics_steps_nav2_narrow_hallway_2_towards_robot_0.csv,False,34.29,0
narrow_hallway,nav2,nav2,2_towards_robot,2_towards_robot,,0,metrics_steps_nav2_narrow_hallway_2_towards_robot_0.csv,False,34.39,0
narrow_hallway,nav2,nav2,2_towards_robot,2_towards_robot,,0,metrics_steps_nav2_narrow_hallway_2_towards_robot_0.csv,False,34.49,0
narrow_hallway,nav2,nav2,2_towards_robot,2_towards_robot,,0,metrics_steps_nav2_narrow_hallway_2_towards_robot_0.csv,False,34.59,0
narrow_hallway,nav2,nav2,2_towards_robot,2_towards_robot,,0,metrics_steps_nav2_narrow_hallway_2_towards_robot_0.csv,False,34.69,0
narrow_hallway,nav2,nav2,2_towards_robot,2_towards_robot,,0,metrics_steps_nav2_narrow_hallway_2_towards_robot_0.csv,False,34.79,0
narrow_hallway,nav2,nav2,2_towards_robot,2_towards_robot,,0,metrics_steps_nav2_narrow_hallway_2_towards_robot_0.csv,False,34.89,0
narrow_hallway,nav2,nav2,2_towards_robot,2_towards_robot,,0,metrics_steps_nav2_narrow_hallway_2_towards_robot_0.csv,False,34.99,0
narrow_hallway,nav2,nav2,2_towards_robot,2_towards_robot,,0,metrics_steps_nav2_narrow_hallway_2_towards_robot_0.csv,False,35.09,0
narrow_hallway,nav2,nav2,2_towards_robot,2_towards_robot,,0,metrics_steps_nav2_narrow_hallway_2_towards_robot_0.csv,False,35.19,0
narrow_hallway,nav2,nav2,2_towards_robot,2_towards_robot,,0,metrics_steps_nav2_narrow_hallway_2_towards_robot_0.csv,False,35.29,0
narrow_hallway,nav2,nav2,2_towards_robot,2_towards_robot,,0,metrics_steps_nav2_narrow_hallway_2_towards_robot_0.csv,False,35.39,0
narrow_hallway,nav2,nav2,2_towards_robot,2_towards_robot,,0,metrics_steps_nav2_narrow_hallway_2_towards_robot_0.csv,False,35.49,0
narrow_hallway,nav2,nav2,2_towards_robot,2_towards_robot,,0,metrics_steps_nav2_narrow_hallway_2_towards_robot_0.csv,False,35.59,0
narrow_hallway,nav2,nav2,2_towards_robot,2_towards_robot,,0,metrics_steps_nav2_narrow_hallway_2_towards_robot_0.csv,False,35.69,0
narrow_hallway,nav2,nav2,2_towards_robot,2_towards_robot,,0,metrics_steps_nav2_narrow_hallway_2_towards_robot_0.csv,False,35.79,0
narrow_hallway,nav2,nav2,2_towards_robot,2_towards_robot,,0,metrics_steps_nav2_narrow_hallway_2_towards_robot_0.csv,False,35.89,0
narrow_hallway,nav2,nav2,2_towards_robot,2_towards_robot,,0,metrics_steps_nav2_narrow_hallway_2_towards_robot_0.csv,False,35.99,0
narrow_hallway,nav2,nav2,2_towards_robot,2_towards_robot,,0,metrics_steps_nav2_narrow_hallway_2_towards_robot_0.csv,False,36.09,0
narrow_hallway,nav2,nav2,2_towards_robot,2_towards_robot,,0,metrics_steps_nav2_narrow_hallway_2_towards_robot_0.csv,False,36.19,0
narrow_hallway,nav2,nav2,2_towards_robot,2_towards_robot,,0,metrics_steps_nav2_narrow_hallway_2_towards_robot_0.csv,False,36.29,0
narrow_hallway,nav2,nav2,2_towards_robot,2_towards_robot,,0,metrics_steps_nav2_narrow_hallway_2_towards_robot_0.csv,False,36.39,0
narrow_hallway,nav2,nav2,2_towards_robot,2_towards_robot,,0,metrics_steps_nav2_narrow_hallway_2_towards_robot_0.csv,False,36.49,0
narrower_hallway,nav2,nav2,narrower_hallway,2_towards_robot,,0,metrics_steps_nav2_narrower_hallway_2_towards_robot_0.csv,True,0.0,0
narrower_hallway,nav2,nav2,narrower_hallway,2_towards_robot,,0,metrics_steps_nav2_narrower_hallway_2_towards_robot_0.csv,True,0.1,0
narrower_hallway,nav2,nav2,narrower_hallway,2_towards_robot,,0,metrics_steps_nav2_narrower_hallway_2_towards_robot_0.csv,True,0.2,0
narrower_hallway,nav2,nav2,narrower_hallway,2_towards_robot,,0,metrics_steps_nav2_narrower_hallway_2_towards_robot_0.csv,True,0.3,0
narrower_hallway,nav2,nav2,narrower_hallway,2_towards_robot,,0,metrics_steps_nav2_narrower_hallway_2_towards_robot_0.csv,True,0.39,0
narrower_hallway,nav2,nav2,narrower_hallway,2_towards_robot,,0,metrics_steps_nav2_narrower_hallway_2_towards_robot_0.csv,True,0.49,0
narrower_hallway,nav2,nav2,narrower_hallway,2_towards_robot,,0,metrics_steps_nav2_narrower_hallway_2_towards_robot_0.csv,True,0.59,0
narrower_hallway,nav2,nav2,narrower_hallway,2_towards_robot,,0,metrics_steps_nav2_narrower_hallway_2_towards_robot_0.csv,True,0.69,0
narrower_hallway,nav2,nav2,narrower_hallway,2_towards_robot,,0,metrics_steps_nav2_narrower_hallway_2_towards_robot_0.csv,True,0.79,0
narrower_hallway,nav2,nav2,narrower_hallway,2_towards_robot,,0,metrics_steps_nav2_narrower_hallway_2_towards_robot_0.csv,True,0.89,0
narrower_hallway,nav2,nav2,narrower_hallway,2_towards_robot,,0,metrics_steps_nav2_narrower_hallway_2_towards_robot_0.csv,True,0.99,0
narrower_hallway,nav2,nav2,narrower_hallway,2_towards_robot,,0,metrics_steps_nav2_narrower_hallway_2_towards_robot_0.csv,True,1.09,0
narrower_hallway,nav2,nav2,narrower_hallway,2_towards_robot,,0,metrics_steps_nav2_narrower_hallway_2_towards_robot_0.csv,True,1.19,0
narrower_hallway,nav2,nav2,narrower_hallway,2_towards_robot,,0,metrics_steps_nav2_narrower_hallway_2_towards_robot_0.csv,True,1.29,0
narrower_hallway,nav2,nav2,narrower_hallway,2_towards_robot,,0,metrics_steps_nav2_narrower_hallway_2_towards_robot_0.csv,True,1.39,0
narrower_hallway,nav2,nav2,narrower_hallway,2_towards_robot,,0,metrics_steps_nav2_narrower_hallway_2_towards_robot_0.csv,True,1.49,0
narrower_hallway,nav2,nav2,narrower_hallway,2_towards_robot,,0,metrics_steps_nav2_narrower_hallway_2_towards_robot_0.csv,True,1.59,0
narrower_hallway,nav2,nav2,narrower_hallway,2_towards_robot,,0,metrics_steps_nav2_narrower_hallway_2_towards_robot_0.csv,True,1.69,0
narrower_hallway,nav2,nav2,narrower_hallway,2_towards_robot,,0,metrics_steps_nav2_narrower_hallway_2_towards_robot_0.csv,True,1.79,0
narrower_hallway,nav2,nav2,narrower_hallway,2_towards_robot,,0,metrics_steps_nav2_narrower_hallway_2_towards_robot_0.csv,True,1.89,0
narrower_hallway,nav2,nav2,narrower_hallway,2_towards_robot,,0,metrics_steps_nav2_narrower_hallway_2_towards_robot_0.csv,True,1.99,0
narrower_hallway,nav2,nav2,narrower_hallway,2_towards_robot,,0,metrics_steps_nav2_narrower_hallway_2_towards_robot_0.csv,True,2.09,0
narrower_hallway,nav2,nav2,narrower_hallway,2_towards_robot,,0,metrics_steps_nav2_narrower_hallway_2_towards_robot_0.csv,True,2.19,0
narrower_hallway,nav2,nav2,narrower_hallway,2_towards_robot,,0,metrics_steps_nav2_narrower_hallway_2_towards_robot_0.csv,True,2.29,0
narrower_hallway,nav2,nav2,narrower_hallway,2_towards_robot,,0,metrics_steps_nav2_narrower_hallway_2_towards_robot_0.csv,True,2.39,0
narrower_hallway,nav2,nav2,narrower_hallway,2_towards_robot,,0,metrics_steps_nav2_narrower_hallway_2_towards_robot_0.csv,True,2.49,0
narrower_hallway,nav2,nav2,narrower_hallway,2_towards_robot,,0,metrics_steps_nav2_narrower_hallway_2_towards_robot_0.csv,True,2.59,0
narrower_hallway,nav2,nav2,narrower_hallway,2_towards_robot,,0,metrics_steps_nav2_narrower_hallway_2_towards_robot_0.csv,True,2.69,0
narrower_hallway,nav2,nav2,narrower_hallway,2_towards_robot,,0,metrics_steps_nav2_narrower_hallway_2_towards_robot_0.csv,True,2.79,0
narrower_hallway,nav2,nav2,narrower_hallway,2_towards_robot,,0,metrics_steps_nav2_narrower_hallway_2_towards_robot_0.csv,True,2.89,0
narrower_hallway,nav2,nav2,narrower_hallway,2_towards_robot,,0,metrics_steps_nav2_narrower_hallway_2_towards_robot_0.csv,True,2.99,0
narrower_hallway,nav2,nav2,narrower_hallway,2_towards_robot,,0,metrics_steps_nav2_narrower_hallway_2_towards_robot_0.csv,True,3.09,0
narrower_hallway,nav2,nav2,narrower_hallway,2_towards_robot,,0,metrics_steps_nav2_narrower_hallway_2_towards_robot_0.csv,True,3.19,0
narrower_hallway,nav2,nav2,narrower_hallway,2_towards_robot,,0,metrics_steps_nav2_narrower_hallway_2_towards_robot_0.csv,True,3.29,0
narrower_hallway,nav2,nav2,narrower_hallway,2_towards_robot,,0,metrics_steps_nav2_narrower_hallway_2_towards_robot_0.csv,True,3.39,0
narrower_hallway,nav2,nav2,narrower_hallway,2_towards_robot,,0,metrics_steps_nav2_narrower_hallway_2_towards_robot_0.csv,True,3.49,0
narrower_hallway,nav2,nav2,narrower_hallway,2_towards_robot,,0,metrics_steps_nav2_narrower_hallway_2_towards_robot_0.csv,True,3.59,0
narrower_hallway,nav2,nav2,narrower_hallway,2_towards_robot,,0,metrics_steps_nav2_narrower_hallway_2_towards_robot_0.csv,True,3.69,0
narrower_hallway,nav2,nav2,narrower_hallway,2_towards_robot,,0,metrics_steps_nav2_narrower_hallway_2_towards_robot_0.csv,True,3.79,0
narrower_hallway,nav2,nav2,narrower_hallway,2_towards_robot,,0,metrics_steps_nav2_narrower_hallway_2_towards_robot_0.csv,True,3.89,0
narrower_hallway,nav2,nav2,narrower_hallway,2_towards_robot,,0,metrics_steps_nav2_narrower_hallway_2_towards_robot_0.csv,True,3.99,0
narrower_hallway,nav2,nav2,narrower_hallway,2_towards_robot,,0,metrics_steps_nav2_narrower_hallway_2_towards_robot_0.csv,True,4.09,0
narrower_hallway,nav2,nav2,narrower_hallway,2_towards_robot,,0,metrics_steps_nav2_narrower_hallway_2_towards_robot_0.csv,True,4.19,0
narrower_hallway,nav2,nav2,narrower_hallway,2_towards_robot,,0,metrics_steps_nav2_narrower_hallway_2_towards_robot_0.csv,True,4.29,0
narrower_hallway,nav2,nav2,narrower_hallway,2_towards_robot,,0,metrics_steps_nav2_narrower_hallway_2_towards_robot_0.csv,True,4.39,0
narrower_hallway,nav2,nav2,narrower_hallway,2_towards_robot,,0,metrics_steps_nav2_narrower_hallway_2_towards_robot_0.csv,True,4.49,0
narrower_hallway,nav2,nav2,narrower_hallway,2_towards_robot,,0,metrics_steps_nav2_narrower_hallway_2_towards_robot_0.csv,True,4.59,0
narrower_hallway,nav2,nav2,narrower_hallway,2_towards_robot,,0,metrics_steps_nav2_narrower_hallway_2_towards_robot_0.csv,True,4.69,0
narrower_hallway,nav2,nav2,narrower_hallway,2_towards_robot,,0,metrics_steps_nav2_narrower_hallway_2_towards_robot_0.csv,True,4.79,0
narrower_hallway,nav2,nav2,narrower_hallway,2_towards_robot,,0,metrics_steps_nav2_narrower_hallway_2_towards_robot_0.csv,True,4.89,0
narrower_hallway,nav2,nav2,narrower_hallway,2_towards_robot,,0,metrics_steps_nav2_narrower_hallway_2_towards_robot_0.csv,True,4.99,0
narrower_hallway,nav2,nav2,narrower_hallway,2_towards_robot,,0,metrics_steps_nav2_narrower_hallway_2_towards_robot_0.csv,True,5.09,0
narrower_hallway,nav2,nav2,narrower_hallway,2_towards_robot,,0,metrics_steps_nav2_narrower_hallway_2_towards_robot_0.csv,True,5.19,0
narrower_hallway,nav2,nav2,narrower_hallway,2_towards_robot,,0,metrics_steps_nav2_narrower_hallway_2_towards_robot_0.csv,True,5.29,0
narrower_hallway,nav2,nav2,narrower_hallway,2_towards_robot,,0,metrics_steps_nav2_narrower_hallway_2_towards_robot_0.csv,True,5.39,0
narrower_hallway,nav2,nav2,narrower_hallway,2_towards_robot,,0,metrics_steps_nav2_narrower_hallway_2_towards_robot_0.csv,True,5.49,0
narrower_hallway,nav2,nav2,narrower_hallway,2_towards_robot,,0,metrics_steps_nav2_narrower_hallway_2_towards_robot_0.csv,True,5.59,0
narrower_hallway,nav2,nav2,narrower_hallway,2_towards_robot,,0,metrics_steps_nav2_narrower_hallway_2_towards_robot_0.csv,True,5.69,0
narrower_hallway,nav2,nav2,narrower_hallway,2_towards_robot,,0,metrics_steps_nav2_narrower_hallway_2_towards_robot_0.csv,True,5.79,0
narrower_hallway,nav2,nav2,narrower_hallway,2_towards_robot,,0,metrics_steps_nav2_narrower_hallway_2_towards_robot_0.csv,True,5.89,0
narrower_hallway,nav2,nav2,narrower_hallway,2_towards_robot,,0,metrics_steps_nav2_narrower_hallway_2_towards_robot_0.csv,True,5.99,0
narrower_hallway,nav2,nav2,narrower_hallway,2_towards_robot,,0,metrics_steps_nav2_narrower_hallway_2_towards_robot_0.csv,True,6.09,0
narrower_hallway,nav2,nav2,narrower_hallway,2_towards_robot,,0,metrics_steps_nav2_narrower_hallway_2_towards_robot_0.csv,True,6.19,0
narrower_hallway,nav2,nav2,narrower_hallway,2_towards_robot,,0,metrics_steps_nav2_narrower_hallway_2_towards_robot_0.csv,True,6.29,0
narrower_hallway,nav2,nav2,narrower_hallway,2_towards_robot,,0,metrics_steps_nav2_narrower_hallway_2_towards_robot_0.csv,True,6.39,0
narrower_hallway,nav2,nav2,narrower_hallway,2_towards_robot,,0,metrics_steps_nav2_narrower_hallway_2_towards_robot_0.csv,True,6.49,0
narrower_hallway,nav2,nav2,narrower_hallway,2_towards_robot,,0,metrics_steps_nav2_narrower_hallway_2_towards_robot_0.csv,True,6.59,0
narrower_hallway,nav2,nav2,narrower_hallway,2_towards_robot,,0,metrics_steps_nav2_narrower_hallway_2_towards_robot_0.csv,True,6.69,0
narrower_hallway,nav2,nav2,narrower_hallway,2_towards_robot,,0,metrics_steps_nav2_narrower_hallway_2_towards_robot_0.csv,True,6.79,0
narrower_hallway,nav2,nav2,narrower_hallway,2_towards_robot,,0,metrics_steps_nav2_narrower_hallway_2_towards_robot_0.csv,True,6.89,0
narrower_hallway,nav2,nav2,narrower_hallway,2_towards_robot,,0,metrics_steps_nav2_narrower_hallway_2_towards_robot_0.csv,True,6.99,0
narrower_hallway,nav2,nav2,narrower_hallway,2_towards_robot,,0,metrics_steps_nav2_narrower_hallway_2_towards_robot_0.csv,True,7.09,0
narrower_hallway,nav2,nav2,narrower_hallway,2_towards_robot,,0,metrics_steps_nav2_narrower_hallway_2_towards_robot_0.csv,True,7.19,0
narrower_hallway,nav2,nav2,narrower_hallway,2_towards_robot,,0,metrics_steps_nav2_narrower_hallway_2_towards_robot_0.csv,True,7.29,0
narrower_hallway,nav2,nav2,narrower_hallway,2_towards_robot,,0,metrics_steps_nav2_narrower_hallway_2_towards_robot_0.csv,True,7.39,0
narrower_hallway,nav2,nav2,narrower_hallway,2_towards_robot,,0,metrics_steps_nav2_narrower_hallway_2_towards_robot_0.csv,True,7.49,0
narrower_hallway,nav2,nav2,narrower_hallway,2_towards_robot,,0,metrics_steps_nav2_narrower_hallway_2_towards_robot_0.csv,True,7.59,0
narrower_hallway,nav2,nav2,narrower_hallway,2_towards_robot,,0,metrics_steps_nav2_narrower_hallway_2_towards_robot_0.csv,True,7.689999999999999,0
narrower_hallway,nav2,nav2,narrower_hallway,2_towards_robot,,0,metrics_steps_nav2_narrower_hallway_2_towards_robot_0.csv,True,7.79,0
narrower_hallway,nav2,nav2,narrower_hallway,2_towards_robot,,0,metrics_steps_nav2_narrower_hallway_2_towards_robot_0.csv,True,7.89,0
narrower_hallway,nav2,nav2,narrower_hallway,2_towards_robot,,0,metrics_steps_nav2_narrower_hallway_2_towards_robot_0.csv,True,7.99,0
narrower_hallway,nav2,nav2,narrower_hallway,2_towards_robot,,0,metrics_steps_nav2_narrower_hallway_2_towards_robot_0.csv,True,8.09,0
narrower_hallway,nav2,nav2,narrower_hallway,2_towards_robot,,0,metrics_steps_nav2_narrower_hallway_2_towards_robot_0.csv,True,8.19,0
narrower_hallway,nav2,nav2,narrower_hallway,2_towards_robot,,0,metrics_steps_nav2_narrower_hallway_2_towards_robot_0.csv,True,8.29,0
narrower_hallway,nav2,nav2,narrower_hallway,2_towards_robot,,0,metrics_steps_nav2_narrower_hallway_2_towards_robot_0.csv,True,8.39,0
narrower_hallway,nav2,nav2,narrower_hallway,2_towards_robot,,0,metrics_steps_nav2_narrower_hallway_2_towards_robot_0.csv,True,8.49,0
narrower_hallway,nav2,nav2,narrower_hallway,2_towards_robot,,0,metrics_steps_nav2_narrower_hallway_2_towards_robot_0.csv,True,8.59,0
narrower_hallway,nav2,nav2,narrower_hallway,2_towards_robot,,0,metrics_steps_nav2_narrower_hallway_2_towards_robot_0.csv,True,8.69,0
narrower_hallway,nav2,nav2,narrower_hallway,2_towards_robot,,0,metrics_steps_nav2_narrower_hallway_2_towards_robot_0.csv,True,8.79,0
narrower_hallway,nav2,nav2,narrower_hallway,2_towards_robot,,0,metrics_steps_nav2_narrower_hallway_2_towards_robot_0.csv,True,8.89,0
narrower_hallway,nav2,nav2,narrower_hallway,2_towards_robot,,0,metrics_steps_nav2_narrower_hallway_2_towards_robot_0.csv,True,8.99,0
narrower_hallway,nav2,nav2,narrower_hallway,2_towards_robot,,0,metrics_steps_nav2_narrower_hallway_2_towards_robot_0.csv,True,9.09,0
narrower_hallway,nav2,nav2,narrower_hallway,2_towards_robot,,0,metrics_steps_nav2_narrower_hallway_2_towards_robot_0.csv,True,9.19,0
narrower_hallway,nav2,nav2,narrower_hallway,2_towards_robot,,0,metrics_steps_nav2_narrower_hallway_2_towards_robot_0.csv,True,9.29,0
narrower_hallway,nav2,nav2,narrower_hallway,2_towards_robot,,0,metrics_steps_nav2_narrower_hallway_2_towards_robot_0.csv,True,9.39,0
narrower_hallway,nav2,nav2,narrower_hallway,2_towards_robot,,0,metrics_steps_nav2_narrower_hallway_2_towards_robot_0.csv,True,9.49,0
narrower_hallway,nav2,nav2,narrower_hallway,2_towards_robot,,0,metrics_steps_nav2_narrower_hallway_2_towards_robot_0.csv,True,9.59,0
narrower_hallway,nav2,nav2,narrower_hallway,2_towards_robot,,0,metrics_steps_nav2_narrower_hallway_2_towards_robot_0.csv,True,9.69,0
narrower_hallway,nav2,nav2,narrower_hallway,2_towards_robot,,0,metrics_steps_nav2_narrower_hallway_2_towards_robot_0.csv,True,9.79,0
narrower_hallway,nav2,nav2,narrower_hallway,2_towards_robot,,0,metrics_steps_nav2_narrower_hallway_2_towards_robot_0.csv,True,9.89,0
narrower_hallway,nav2,nav2,narrower_hallway,2_towards_robot,,0,metrics_steps_nav2_narrower_hallway_2_towards_robot_0.csv,True,9.99,0
narrower_hallway,nav2,nav2,narrower_hallway,2_towards_robot,,0,metrics_steps_nav2_narrower_hallway_2_towards_robot_0.csv,True,10.09,0
narrower_hallway,nav2,nav2,narrower_hallway,2_towards_robot,,0,metrics_steps_nav2_narrower_hallway_2_towards_robot_0.csv,True,10.19,0
narrower_hallway,nav2,nav2,narrower_hallway,2_towards_robot,,0,metrics_steps_nav2_narrower_hallway_2_towards_robot_0.csv,True,10.29,0
narrower_hallway,nav2,nav2,narrower_hallway,2_towards_robot,,0,metrics_steps_nav2_narrower_hallway_2_towards_robot_0.csv,True,10.39,0
narrower_hallway,nav2,nav2,narrower_hallway,2_towards_robot,,0,metrics_steps_nav2_narrower_hallway_2_towards_robot_0.csv,True,10.49,0
narrower_hallway,nav2,nav2,narrower_hallway,2_towards_robot,,0,metrics_steps_nav2_narrower_hallway_2_towards_robot_0.csv,True,10.59,0
narrower_hallway,nav2,nav2,narrower_hallway,2_towards_robot,,0,metrics_steps_nav2_narrower_hallway_2_towards_robot_0.csv,True,10.69,0
narrower_hallway,nav2,nav2,narrower_hallway,2_towards_robot,,0,metrics_steps_nav2_narrower_hallway_2_towards_robot_0.csv,True,10.79,0
narrower_hallway,nav2,nav2,narrower_hallway,2_towards_robot,,0,metrics_steps_nav2_narrower_hallway_2_towards_robot_0.csv,True,10.89,0
narrower_hallway,nav2,nav2,narrower_hallway,2_towards_robot,,0,metrics_steps_nav2_narrower_hallway_2_towards_robot_0.csv,True,10.99,0
narrower_hallway,nav2,nav2,narrower_hallway,2_towards_robot,,0,metrics_steps_nav2_narrower_hallway_2_towards_robot_0.csv,True,11.09,0
narrower_hallway,nav2,nav2,narrower_hallway,2_towards_robot,,0,metrics_steps_nav2_narrower_hallway_2_towards_robot_0.csv,True,11.19,0
narrower_hallway,nav2,nav2,narrower_hallway,2_towards_robot,,0,metrics_steps_nav2_narrower_hallway_2_towards_robot_0.csv,True,11.29,0
narrower_hallway,nav2,nav2,narrower_hallway,2_towards_robot,,0,metrics_steps_nav2_narrower_hallway_2_towards_robot_0.csv,True,11.39,0
narrower_hallway,nav2,nav2,narrower_hallway,2_towards_robot,,0,metrics_steps_nav2_narrower_hallway_2_towards_robot_0.csv,True,11.49,0
narrower_hallway,nav2,nav2,narrower_hallway,2_towards_robot,,0,metrics_steps_nav2_narrower_hallway_2_towards_robot_0.csv,True,11.59,0
narrower_hallway,nav2,nav2,narrower_hallway,2_towards_robot,,0,metrics_steps_nav2_narrower_hallway_2_towards_robot_0.csv,True,11.69,0
narrower_hallway,nav2,nav2,narrower_hallway,2_towards_robot,,0,metrics_steps_nav2_narrower_hallway_2_towards_robot_0.csv,True,11.79,0
narrower_hallway,nav2,nav2,narrower_hallway,2_towards_robot,,0,metrics_steps_nav2_narrower_hallway_2_towards_robot_0.csv,True,11.89,0
narrower_hallway,nav2,nav2,narrower_hallway,2_towards_robot,,0,metrics_steps_nav2_narrower_hallway_2_towards_robot_0.csv,True,11.99,0
narrower_hallway,nav2,nav2,narrower_hallway,2_towards_robot,,0,metrics_steps_nav2_narrower_hallway_2_towards_robot_0.csv,True,12.09,0
narrower_hallway,nav2,nav2,narrower_hallway,2_towards_robot,,0,metrics_steps_nav2_narrower_hallway_2_towards_robot_0.csv,True,12.19,0
narrower_hallway,nav2,nav2,narrower_hallway,2_towards_robot,,0,metrics_steps_nav2_narrower_hallway_2_towards_robot_0.csv,True,12.29,0
narrower_hallway,nav2,nav2,narrower_hallway,2_towards_robot,,0,metrics_steps_nav2_narrower_hallway_2_towards_robot_0.csv,True,12.39,0
narrower_hallway,nav2,nav2,narrower_hallway,2_towards_robot,,0,metrics_steps_nav2_narrower_hallway_2_towards_robot_0.csv,True,12.49,0
narrower_hallway,nav2,nav2,narrower_hallway,2_towards_robot,,0,metrics_steps_nav2_narrower_hallway_2_towards_robot_0.csv,True,12.59,0
narrower_hallway,nav2,nav2,narrower_hallway,2_towards_robot,,0,metrics_steps_nav2_narrower_hallway_2_towards_robot_0.csv,True,12.69,0
narrower_hallway,nav2,nav2,narrower_hallway,2_towards_robot,,0,metrics_steps_nav2_narrower_hallway_2_towards_robot_0.csv,True,12.79,0
narrower_hallway,nav2,nav2,narrower_hallway,2_towards_robot,,0,metrics_steps_nav2_narrower_hallway_2_towards_robot_0.csv,True,12.89,0
narrower_hallway,nav2,nav2,narrower_hallway,2_towards_robot,,0,metrics_steps_nav2_narrower_hallway_2_towards_robot_0.csv,True,12.99,0
narrower_hallway,nav2,nav2,narrower_hallway,2_towards_robot,,0,metrics_steps_nav2_narrower_hallway_2_towards_robot_0.csv,True,13.09,0
narrower_hallway,nav2,nav2,narrower_hallway,2_towards_robot,,0,metrics_steps_nav2_narrower_hallway_2_towards_robot_0.csv,True,13.19,0
narrower_hallway,nav2,nav2,narrower_hallway,2_towards_robot,,0,metrics_steps_nav2_narrower_hallway_2_towards_robot_0.csv,True,13.29,0
narrower_hallway,nav2,nav2,narrower_hallway,2_towards_robot,,0,metrics_steps_nav2_narrower_hallway_2_towards_robot_0.csv,True,13.39,0
narrower_hallway,nav2,nav2,narrower_hallway,2_towards_robot,,0,metrics_steps_nav2_narrower_hallway_2_towards_robot_0.csv,True,13.49,0
narrower_hallway,nav2,nav2,narrower_hallway,2_towards_robot,,0,metrics_steps_nav2_narrower_hallway_2_towards_robot_0.csv,True,13.59,0
narrower_hallway,nav2,nav2,narrower_hallway,2_towards_robot,,0,metrics_steps_nav2_narrower_hallway_2_towards_robot_0.csv,True,13.69,0
narrower_hallway,nav2,nav2,narrower_hallway,2_towards_robot,,0,metrics_steps_nav2_narrower_hallway_2_towards_robot_0.csv,True,13.79,0
narrower_hallway,nav2,nav2,narrower_hallway,2_towards_robot,,0,metrics_steps_nav2_narrower_hallway_2_towards_robot_0.csv,True,13.89,0
narrower_hallway,nav2,nav2,narrower_hallway,2_towards_robot,,0,metrics_steps_nav2_narrower_hallway_2_towards_robot_0.csv,True,13.99,0
narrower_hallway,nav2,nav2,narrower_hallway,2_towards_robot,,0,metrics_steps_nav2_narrower_hallway_2_towards_robot_0.csv,True,14.09,0
narrower_hallway,nav2,nav2,narrower_hallway,2_towards_robot,,0,metrics_steps_nav2_narrower_hallway_2_towards_robot_0.csv,True,14.19,0
narrower_hallway,nav2,nav2,narrower_hallway,2_towards_robot,,0,metrics_steps_nav2_narrower_hallway_2_towards_robot_0.csv,True,14.29,0
narrower_hallway,nav2,nav2,narrower_hallway,2_towards_robot,,0,metrics_steps_nav2_narrower_hallway_2_towards_robot_0.csv,True,14.39,0
narrower_hallway,nav2,nav2,narrower_hallway,2_towards_robot,,0,metrics_steps_nav2_narrower_hallway_2_towards_robot_0.csv,True,14.49,0
narrower_hallway,nav2,nav2,narrower_hallway,2_towards_robot,,0,metrics_steps_nav2_narrower_hallway_2_towards_robot_0.csv,True,14.59,0
narrower_hallway,nav2,nav2,narrower_hallway,2_towards_robot,,0,metrics_steps_nav2_narrower_hallway_2_towards_robot_0.csv,True,14.69,0
narrower_hallway,nav2,nav2,narrower_hallway,2_towards_robot,,0,metrics_steps_nav2_narrower_hallway_2_towards_robot_0.csv,True,14.79,0
narrower_hallway,nav2,nav2,narrower_hallway,2_towards_robot,,0,metrics_steps_nav2_narrower_hallway_2_towards_robot_0.csv,True,14.89,0
narrower_hallway,nav2,nav2,narrower_hallway,2_towards_robot,,0,metrics_steps_nav2_narrower_hallway_2_towards_robot_0.csv,True,14.99,0
narrower_hallway,nav2,nav2,narrower_hallway,2_towards_robot,,0,metrics_steps_nav2_narrower_hallway_2_towards_robot_0.csv,True,15.09,0
narrower_hallway,nav2,nav2,narrower_hallway,2_towards_robot,,0,metrics_steps_nav2_narrower_hallway_2_towards_robot_0.csv,True,15.19,0
narrower_hallway,nav2,nav2,narrower_hallway,2_towards_robot,,0,metrics_steps_nav2_narrower_hallway_2_towards_robot_0.csv,True,15.29,0
narrower_hallway,nav2,nav2,narrower_hallway,2_towards_robot,,0,metrics_steps_nav2_narrower_hallway_2_towards_robot_0.csv,True,15.39,0
narrower_hallway,nav2,nav2,narrower_hallway,2_towards_robot,,0,metrics_steps_nav2_narrower_hallway_2_towards_robot_0.csv,True,15.49,0
narrower_hallway,nav2,nav2,narrower_hallway,2_towards_robot,,0,metrics_steps_nav2_narrower_hallway_2_towards_robot_0.csv,True,15.59,0
narrower_hallway,nav2,nav2,narrower_hallway,2_towards_robot,,0,metrics_steps_nav2_narrower_hallway_2_towards_robot_0.csv,True,15.69,0
narrower_hallway,nav2,nav2,narrower_hallway,2_towards_robot,,0,metrics_steps_nav2_narrower_hallway_2_towards_robot_0.csv,True,15.79,0
narrower_hallway,nav2,nav2,narrower_hallway,2_towards_robot,,0,metrics_steps_nav2_narrower_hallway_2_towards_robot_0.csv,True,15.89,0
narrower_hallway,nav2,nav2,narrower_hallway,2_towards_robot,,0,metrics_steps_nav2_narrower_hallway_2_towards_robot_0.csv,True,15.99,0
narrower_hallway,nav2,nav2,narrower_hallway,2_towards_robot,,0,metrics_steps_nav2_narrower_hallway_2_towards_robot_0.csv,True,16.09,0
narrower_hallway,nav2,nav2,narrower_hallway,2_towards_robot,,0,metrics_steps_nav2_narrower_hallway_2_towards_robot_0.csv,True,16.19,0
narrower_hallway,nav2,nav2,narrower_hallway,2_towards_robot,,0,metrics_steps_nav2_narrower_hallway_2_towards_robot_0.csv,True,16.29,0
narrower_hallway,nav2,nav2,narrower_hallway,2_towards_robot,,0,metrics_steps_nav2_narrower_hallway_2_towards_robot_0.csv,True,16.39,0
narrower_hallway,nav2,nav2,narrower_hallway,2_towards_robot,,0,metrics_steps_nav2_narrower_hallway_2_towards_robot_0.csv,True,16.49,0
narrower_hallway,nav2,nav2,narrower_hallway,2_towards_robot,,0,metrics_steps_nav2_narrower_hallway_2_towards_robot_0.csv,True,16.59,0
narrower_hallway,nav2,nav2,narrower_hallway,2_towards_robot,,0,metrics_steps_nav2_narrower_hallway_2_towards_robot_0.csv,True,16.69,0
narrower_hallway,nav2,nav2,narrower_hallway,2_towards_robot,,0,metrics_steps_nav2_narrower_hallway_2_towards_robot_0.csv,True,16.79,0
narrower_hallway,nav2,nav2,narrower_hallway,2_towards_robot,,0,metrics_steps_nav2_narrower_hallway_2_towards_robot_0.csv,True,16.89,0
narrower_hallway,nav2,nav2,narrower_hallway,2_towards_robot,,0,metrics_steps_nav2_narrower_hallway_2_towards_robot_0.csv,True,16.99,0
narrower_hallway,nav2,nav2,narrower_hallway,2_towards_robot,,0,metrics_steps_nav2_narrower_hallway_2_towards_robot_0.csv,True,17.09,0
narrower_hallway,nav2,nav2,narrower_hallway,2_towards_robot,,0,metrics_steps_nav2_narrower_hallway_2_towards_robot_0.csv,True,17.19,0
narrower_hallway,nav2,nav2,narrower_hallway,2_towards_robot,,0,metrics_steps_nav2_narrower_hallway_2_towards_robot_0.csv,True,17.29,0
narrower_hallway,nav2,nav2,narrower_hallway,2_towards_robot,,0,metrics_steps_nav2_narrower_hallway_2_towards_robot_0.csv,True,17.39,0
narrower_hallway,nav2,nav2,narrower_hallway,2_towards_robot,,0,metrics_steps_nav2_narrower_hallway_2_towards_robot_0.csv,True,17.49,0
narrower_hallway,nav2,nav2,narrower_hallway,2_towards_robot,,0,metrics_steps_nav2_narrower_hallway_2_towards_robot_0.csv,True,17.59,0
narrower_hallway,nav2,nav2,narrower_hallway,2_towards_robot,,0,metrics_steps_nav2_narrower_hallway_2_towards_robot_0.csv,True,17.69,0
narrower_hallway,nav2,nav2,narrower_hallway,2_towards_robot,,0,metrics_steps_nav2_narrower_hallway_2_towards_robot_0.csv,True,17.79,0
narrower_hallway,nav2,nav2,narrower_hallway,2_towards_robot,,0,metrics_steps_nav2_narrower_hallway_2_towards_robot_0.csv,True,17.89,0
narrower_hallway,nav2,nav2,narrower_hallway,2_towards_robot,,0,metrics_steps_nav2_narrower_hallway_2_towards_robot_0.csv,True,17.99,0
narrower_hallway,nav2,nav2,narrower_hallway,2_towards_robot,,0,metrics_steps_nav2_narrower_hallway_2_towards_robot_0.csv,True,18.09,0
narrower_hallway,nav2,nav2,narrower_hallway,2_towards_robot,,0,metrics_steps_nav2_narrower_hallway_2_towards_robot_0.csv,True,18.19,0
narrower_hallway,nav2,nav2,narrower_hallway,2_towards_robot,,0,metrics_steps_nav2_narrower_hallway_2_towards_robot_0.csv,True,18.29,0
narrower_hallway,nav2,nav2,narrower_hallway,2_towards_robot,,0,metrics_steps_nav2_narrower_hallway_2_towards_robot_0.csv,True,18.39,0
t_shape_hallway,nav2,nav2,t_shape_hallway,t_shape_hallway,,0,metrics_steps_nav2_t_shape_hallway_t_shape_hallway_0.csv,True,0.0,0
t_shape_hallway,nav2,nav2,t_shape_hallway,t_shape_hallway,,0,metrics_steps_nav2_t_shape_hallway_t_shape_hallway_0.csv,True,0.85,0
t_shape_hallway,nav2,nav2,t_shape_hallway,t_shape_hallway,,0,metrics_steps_nav2_t_shape_hallway_t_shape_hallway_0.csv,True,1.6800000000000002,0
t_shape_hallway,nav2,nav2,t_shape_hallway,t_shape_hallway,,0,metrics_steps_nav2_t_shape_hallway_t_shape_hallway_0.csv,True,2.52,0
t_shape_hallway,nav2,nav2,t_shape_hallway,t_shape_hallway,,0,metrics_steps_nav2_t_shape_hallway_t_shape_hallway_0.csv,True,3.36,0
t_shape_hallway,nav2,nav2,t_shape_hallway,t_shape_hallway,,0,metrics_steps_nav2_t_shape_hallway_t_shape_hallway_0.csv,True,4.2,0
t_shape_hallway,nav2,nav2,t_shape_hallway,t_shape_hallway,,0,metrics_steps_nav2_t_shape_hallway_t_shape_hallway_0.csv,True,5.05,0
t_shape_hallway,nav2,nav2,t_shape_hallway,t_shape_hallway,,0,metrics_steps_nav2_t_shape_hallway_t_shape_hallway_0.csv,True,5.88,0
t_shape_hallway,nav2,nav2,t_shape_hallway,t_shape_hallway,,0,metrics_steps_nav2_t_shape_hallway_t_shape_hallway_0.csv,True,6.72,0
t_shape_hallway,nav2,nav2,t_shape_hallway,t_shape_hallway,,0,metrics_steps_nav2_t_shape_hallway_t_shape_hallway_0.csv,True,7.55,0
t_shape_hallway,nav2,nav2,t_shape_hallway,t_shape_hallway,,0,metrics_steps_nav2_t_shape_hallway_t_shape_hallway_0.csv,True,8.37,0
t_shape_hallway,nav2,nav2,t_shape_hallway,t_shape_hallway,,0,metrics_steps_nav2_t_shape_hallway_t_shape_hallway_0.csv,True,9.2,0
t_shape_hallway,nav2,nav2,t_shape_hallway,t_shape_hallway,,0,metrics_steps_nav2_t_shape_hallway_t_shape_hallway_0.csv,True,10.04,0
t_shape_hallway,nav2,nav2,t_shape_hallway,t_shape_hallway,,0,metrics_steps_nav2_t_shape_hallway_t_shape_hallway_0.csv,True,10.87,0
t_shape_hallway,nav2,nav2,t_shape_hallway,t_shape_hallway,,0,metrics_steps_nav2_t_shape_hallway_t_shape_hallway_0.csv,True,11.72,0
t_shape_hallway,nav2,nav2,t_shape_hallway,t_shape_hallway,,0,metrics_steps_nav2_t_shape_hallway_t_shape_hallway_0.csv,True,12.54,0
t_shape_hallway,nav2,nav2,t_shape_hallway,t_shape_hallway,,0,metrics_steps_nav2_t_shape_hallway_t_shape_hallway_0.csv,True,13.36,0
t_shape_hallway,nav2,nav2,t_shape_hallway,t_shape_hallway,,0,metrics_steps_nav2_t_shape_hallway_t_shape_hallway_0.csv,True,14.2,0
t_shape_hallway,nav2,nav2,t_shape_hallway,t_shape_hallway,,0,metrics_steps_nav2_t_shape_hallway_t_shape_hallway_0.csv,True,15.03,0
t_shape_hallway,nav2,nav2,t_shape_hallway,t_shape_hallway,,0,metrics_steps_nav2_t_shape_hallway_t_shape_hallway_0.csv,True,15.88,0
t_shape_hallway,nav2,nav2,t_shape_hallway,t_shape_hallway,,0,metrics_steps_nav2_t_shape_hallway_t_shape_hallway_0.csv,True,16.73,0
t_shape_hallway,nav2,nav2,t_shape_hallway,t_shape_hallway,,0,metrics_steps_nav2_t_shape_hallway_t_shape_hallway_0.csv,True,17.57,0
t_shape_hallway,nav2,nav2,t_shape_hallway,t_shape_hallway,,0,metrics_steps_nav2_t_shape_hallway_t_shape_hallway_0.csv,True,18.41,0
t_shape_hallway,nav2,nav2,t_shape_hallway,t_shape_hallway,,0,metrics_steps_nav2_t_shape_hallway_t_shape_hallway_0.csv,True,19.24,0
t_shape_hallway,nav2,nav2,t_shape_hallway,t_shape_hallway,,0,metrics_steps_nav2_t_shape_hallway_t_shape_hallway_0.csv,True,20.09,0
t_shape_hallway,nav2,nav2,t_shape_hallway,t_shape_hallway,,0,metrics_steps_nav2_t_shape_hallway_t_shape_hallway_0.csv,True,20.95,0
t_shape_hallway,nav2,nav2,t_shape_hallway,t_shape_hallway,,0,metrics_steps_nav2_t_shape_hallway_t_shape_hallway_0.csv,True,21.8,0
t_shape_hallway,nav2,nav2,t_shape_hallway,t_shape_hallway,,0,metrics_steps_nav2_t_shape_hallway_t_shape_hallway_0.csv,True,22.65,0
t_shape_hallway,nav2,nav2,t_shape_hallway,t_shape_hallway,,0,metrics_steps_nav2_t_shape_hallway_t_shape_hallway_0.csv,True,23.52,0
t_shape_hallway,nav2,nav2,t_shape_hallway,t_shape_hallway,,0,metrics_steps_nav2_t_shape_hallway_t_shape_hallway_0.csv,True,24.37,0
wide_hallway,nav2,nav2,wide_hallway,3_group,,0,metrics_steps_nav2_wide_hallway_3_agent_group_0.csv,True,0.0,0
wide_hallway,nav2,nav2,wide_hallway,3_group,,0,metrics_steps_nav2_wide_hallway_3_agent_group_0.csv,True,0.89,0
wide_hallway,nav2,nav2,wide_hallway,3_group,,0,metrics_steps_nav2_wide_hallway_3_agent_group_0.csv,True,1.77,0
wide_hallway,nav2,nav2,wide_hallway,3_group,,0,metrics_steps_nav2_wide_hallway_3_agent_group_0.csv,True,2.66,0
wide_hallway,nav2,nav2,wide_hallway,3_group,,0,metrics_steps_nav2_wide_hallway_3_agent_group_0.csv,True,3.55,0
wide_hallway,nav2,nav2,wide_hallway,3_group,,0,metrics_steps_nav2_wide_hallway_3_agent_group_0.csv,True,4.44,0
wide_hallway,nav2,nav2,wide_hallway,3_group,,0,metrics_steps_nav2_wide_hallway_3_agent_group_0.csv,True,5.32,0
wide_hallway,nav2,nav2,wide_hallway,3_group,,0,metrics_steps_nav2_wide_hallway_3_agent_group_0.csv,True,6.21,0
wide_hallway,nav2,nav2,wide_hallway,3_group,,0,metrics_steps_nav2_wide_hallway_3_agent_group_0.csv,True,7.12,0
wide_hallway,nav2,nav2,wide_hallway,3_group,,0,metrics_steps_nav2_wide_hallway_3_agent_group_0.csv,True,8.02,0
wide_hallway,nav2,nav2,wide_hallway,3_group,,0,metrics_steps_nav2_wide_hallway_3_agent_group_0.csv,True,8.93,0
wide_hallway,nav2,nav2,wide_hallway,3_group,,0,metrics_steps_nav2_wide_hallway_3_agent_group_0.csv,True,9.84,0
wide_hallway,nav2,nav2,wide_hallway,3_group,,0,metrics_steps_nav2_wide_hallway_3_agent_group_0.csv,True,10.73,0
wide_hallway,nav2,nav2,wide_hallway,3_group,,0,metrics_steps_nav2_wide_hallway_3_agent_group_0.csv,True,11.63,0
wide_hallway,nav2,nav2,wide_hallway,3_group,,0,metrics_steps_nav2_wide_hallway_3_agent_group_0.csv,True,12.53,0
wide_hallway,nav2,nav2,wide_hallway,3_group,,0,metrics_steps_nav2_wide_hallway_3_agent_group_0.csv,True,13.41,0
wide_hallway,nav2,nav2,wide_hallway,3_group,,0,metrics_steps_nav2_wide_hallway_3_agent_group_0.csv,True,14.3,0
wide_hallway,nav2,nav2,wide_hallway,3_group,,0,metrics_steps_nav2_wide_hallway_3_agent_group_0.csv,True,15.2,0
wide_hallway,nav2,nav2,wide_hallway,3_group,,0,metrics_steps_nav2_wide_hallway_3_agent_group_0.csv,True,16.11,0
wide_hallway,nav2,nav2,wide_hallway,3_group,,0,metrics_steps_nav2_wide_hallway_3_agent_group_0.csv,True,17.02,0
wide_hallway,nav2,nav2,wide_hallway,3_group,,0,metrics_steps_nav2_wide_hallway_3_agent_group_0.csv,True,17.9,0
wide_hallway,nav2,nav2,wide_hallway,3_group,,0,metrics_steps_nav2_wide_hallway_3_agent_group_0.csv,True,18.78,0
wide_hallway,nav2,nav2,wide_hallway,3_group,,0,metrics_steps_nav2_wide_hallway_3_agent_group_0.csv,True,19.7,0
wide_hallway,nav2,nav2,wide_hallway,3_group,,0,metrics_steps_nav2_wide_hallway_3_agent_group_0.csv,True,20.61,0
wide_hallway,nav2,nav2,wide_hallway,3_group,,0,metrics_steps_nav2_wide_hallway_3_agent_group_0.csv,True,21.49,0
